date,individual_buy_count,corporate_buy_count,individual_sell_count,corporate_sell_count,individual_buy_vol,corporate_buy_vol,individual_sell_vol,corporate_sell_vol,individual_buy_value,corporate_buy_value,individual_sell_value,corporate_sell_value,individual_buy_mean_price,individual_sell_mean_price,corporate_buy_mean_price,corporate_sell_mean_price,individual_ownership_change,jdate
2008-12-08,7,0,3,0,74500,0,74500,0,46049000,0,46049000,0,618.1073825503356,618.1073825503356,,,0.0,1387-09-18
2008-12-10,1,0,1,0,10000,0,10000,0,6000000,0,6000000,0,600.0,600.0,,,0.0,1387-09-20
2008-12-13,1,0,3,0,99453,0,99453,0,59671800,0,59671800,0,600.0,600.0,,,0.0,1387-09-23
2008-12-14,2,0,5,0,144040,0,144040,0,86285413,0,86285413,0,599.0378575395723,599.0378575395723,,,0.0,1387-09-24
2008-12-15,5,0,7,0,49031,0,49031,0,29301909,0,29301909,0,597.6200566988232,597.6200566988232,,,0.0,1387-09-25
2008-12-16,1,0,1,0,1000,0,1000,0,596000,0,596000,0,596.0,596.0,,,0.0,1387-09-26
2008-12-20,1,0,2,0,25038,0,25038,0,14922648,0,14922648,0,596.0,596.0,,,0.0,1387-09-30
2008-12-21,3,0,6,0,75000,0,75000,0,44700000,0,44700000,0,596.0,596.0,,,0.0,1387-10-01
2008-12-22,2,0,6,0,103619,0,103619,0,61653305,0,61653305,0,595.0,595.0,,,0.0,1387-10-02
2009-01-27,2,0,8,0,26098,0,26098,0,15404467,0,15404467,0,590.2546938462717,590.2546938462717,,,0.0,1387-11-08
2009-01-28,5,0,4,0,82922,0,82922,0,47521231,0,47521231,0,573.0835122162997,573.0835122162997,,,0.0,1387-11-09
2009-01-31,1,0,1,0,8696,0,8696,0,4974112,0,4974112,0,572.0,572.0,,,0.0,1387-11-12
2009-02-01,1,0,1,0,1739,0,1739,0,994708,0,994708,0,572.0,572.0,,,0.0,1387-11-13
2009-02-09,1,0,2,0,17392,0,17392,0,9948224,0,9948224,0,572.0,572.0,,,0.0,1387-11-21
2009-02-15,1,0,1,0,830,0,830,0,474760,0,474760,0,572.0,572.0,,,0.0,1387-11-27
2009-03-16,1,0,1,0,10000,0,10000,0,5720000,0,5720000,0,572.0,572.0,,,0.0,1387-12-26
2009-03-18,1,0,1,0,2582,0,2582,0,1476904,0,1476904,0,572.0,572.0,,,0.0,1387-12-28
2009-03-30,2,0,2,0,6850,0,6850,0,3918200,0,3918200,0,572.0,572.0,,,0.0,1388-01-10
2009-04-04,1,0,1,0,1000,0,1000,0,572000,0,572000,0,572.0,572.0,,,0.0,1388-01-15
2009-04-08,1,0,2,0,1000,0,1000,0,572000,0,572000,0,572.0,572.0,,,0.0,1388-01-19
2009-04-13,2,0,1,0,2713,0,2713,0,1551836,0,1551836,0,572.0,572.0,,,0.0,1388-01-24
2009-04-18,1,0,1,0,200,0,200,0,114400,0,114400,0,572.0,572.0,,,0.0,1388-01-29
2009-04-21,45,1,37,3,1952091,44000,529911,1466180,1127015180,26616000,314432980,839198200,577.3374192084283,593.3694148640054,604.9090909090909,572.3705138523237,1422180.0,1388-02-01
2009-04-22,1,0,3,0,11600,0,11600,0,6902000,0,6902000,0,595.0,595.0,,,0.0,1388-02-02
2009-04-25,1,0,1,0,10000,0,10000,0,5950000,0,5950000,0,595.0,595.0,,,0.0,1388-02-05
2009-04-26,1,0,2,0,1231,0,1231,0,732445,0,732445,0,595.0,595.0,,,0.0,1388-02-06
2009-04-27,1,0,3,0,22600,0,22600,0,13447000,0,13447000,0,595.0,595.0,,,0.0,1388-02-07
2009-04-29,2,0,1,0,12550,0,12550,0,7467250,0,7467250,0,595.0,595.0,,,0.0,1388-02-09
2009-05-04,2,0,1,0,20000,0,20000,0,11900000,0,11900000,0,595.0,595.0,,,0.0,1388-02-14
2009-05-05,1,0,1,0,1620,0,1620,0,963900,0,963900,0,595.0,595.0,,,0.0,1388-02-15
2009-05-09,1,0,1,0,10,0,10,0,5950,0,5950,0,595.0,595.0,,,0.0,1388-02-19
2009-05-10,1,0,1,0,903,0,903,0,552636,0,552636,0,612.0,612.0,,,0.0,1388-02-20
2009-05-11,1,0,1,0,167,0,167,0,105210,0,105210,0,630.0,630.0,,,0.0,1388-02-21
2009-05-12,1,0,1,0,10,0,10,0,6300,0,6300,0,630.0,630.0,,,0.0,1388-02-22
2009-05-13,1,0,1,0,10,0,10,0,6480,0,6480,0,648.0,648.0,,,0.0,1388-02-23
2009-05-16,1,0,1,0,10,0,10,0,6670,0,6670,0,667.0,667.0,,,0.0,1388-02-26
2009-05-17,1,0,1,0,10,0,10,0,6870,0,6870,0,687.0,687.0,,,0.0,1388-02-27
2009-05-18,1,0,1,0,50,0,50,0,35350,0,35350,0,707.0,707.0,,,0.0,1388-02-28
2009-05-19,3,0,3,0,70000,0,70000,0,50960000,0,50960000,0,728.0,728.0,,,0.0,1388-02-29
2009-05-20,9,0,2,0,150237,0,150237,0,109522773,0,109522773,0,729.0,729.0,,,0.0,1388-02-30
2009-05-23,49,0,59,2,1557707,0,1425994,131713,1810583195,0,1650233442,160349753,1162.338742138284,1157.2513222355774,,1217.417817527503,131713.0,1388-03-02
2009-05-24,2,0,11,0,223555,0,223555,0,267371780,0,267371780,0,1196.0,1196.0,,,0.0,1388-03-03
2009-05-25,24,0,24,1,480043,0,358330,121713,577491729,0,431070990,146420739,1203.0,1203.0,,1203.0,121713.0,1388-03-04
2009-05-26,0,1,8,0,0,87628,87628,0,0,106555648,106555648,0,,1216.0,1216.0,,-87628.0,1388-03-05
2009-05-27,3,0,6,0,78719,0,78719,0,95879742,0,95879742,0,1218.0,1218.0,,,0.0,1388-03-06
2009-05-30,5,0,8,0,81483,0,81483,0,99409260,0,99409260,0,1220.0,1220.0,,,0.0,1388-03-09
2009-05-31,23,2,21,1,602127,220000,819840,2287,735769583,268840000,1001814869,2794714,1221.9508226669789,1221.9638819769712,1222.0,1222.0,-217713.0,1388-03-10
2009-06-01,13,1,35,0,426245,120072,546317,0,524648845,146782597,671431442,0,1230.8621684711843,1229.0143671165276,1222.454835432074,,-120072.0,1388-03-11
2009-06-02,4,0,17,0,120534,0,120534,0,151096079,0,151096079,0,1253.555668939884,1253.555668939884,,,0.0,1388-03-12
2009-06-03,1,0,3,0,36448,0,36448,0,45815136,0,45815136,0,1257.0,1257.0,,,0.0,1388-03-13
2009-06-06,22,1,18,0,1059824,234840,1294664,0,1331812310,295279097,1627091407,0,1256.6353564365404,1256.767321096439,1257.3628725941066,,-234840.0,1388-03-16
2009-06-07,5,0,16,0,103362,0,103362,0,133749593,0,133749593,0,1293.9919215959444,1293.9919215959444,,,0.0,1388-03-17
2009-06-08,16,1,12,0,129421,51795,181216,0,167859037,67178115,235037152,0,1297.0,1297.0,1297.0,,-51795.0,1388-03-18
2009-06-09,4,1,11,1,51000,13081,63081,1000,65622206,17031462,81351668,1302000,1286.7099215686274,1289.638211188789,1302.0,1302.0,-12081.0,1388-03-19
2009-06-10,25,1,6,0,859004,30000,889004,0,1119282212,39090000,1158372212,0,1303.0,1303.0,1303.0,,-30000.0,1388-03-20
2009-06-13,7,2,22,1,103410,197603,267513,33500,134601360,259901565,349947925,44555000,1301.6280823904845,1308.1529682669627,1315.2713521555847,1330.0,-164103.0,1388-03-23
2009-06-14,8,2,21,0,151470,361692,513162,0,191363610,461992438,653356048,0,1263.376312141018,1273.196472069249,1277.308975592493,,-361692.0,1388-03-24
2009-06-15,8,2,28,0,53698,382625,436323,0,67807752,488534572,556342324,0,1262.761220157175,1275.069900051109,1276.7973132963084,,-382625.0,1388-03-25
2009-06-16,3,2,21,0,47222,204402,251624,0,59402772,266378746,325781518,0,1257.9469738681123,1294.7155994658697,1303.210076222346,,-204402.0,1388-03-26
2009-06-17,5,2,18,0,39255,145000,184255,0,51307775,189765891,241073666,0,1307.0379569481595,1308.369737591924,1308.730282758621,,-145000.0,1388-03-27
2010-06-20,6,2,9,3,229003,1001000,811711,418292,288961756,1257797000,1016262172,530496584,1261.8251987965225,1252.0,1256.5404595404596,1268.2446329358438,-582708.0,1389-03-30
2010-06-21,4,1,7,0,12365,50000,62365,0,15011110,60700000,75711110,0,1214.0,1214.0,1214.0,,-50000.0,1389-03-31
2010-06-22,2,0,3,1,475000,0,103062,371938,576175000,0,125014206,451160794,1213.0,1213.0,,1213.0,371938.0,1389-04-01
2010-06-23,2,0,3,0,77492,0,77492,0,92757924,0,92757924,0,1197.0,1197.0,,,0.0,1389-04-02
2010-06-27,1,0,3,0,60000,0,60000,0,71640000,0,71640000,0,1194.0,1194.0,,,0.0,1389-04-06
2010-06-29,1,0,1,0,50,0,50,0,59300,0,59300,0,1186.0,1186.0,,,0.0,1389-04-08
2010-06-30,1,0,1,0,824,0,824,0,977264,0,977264,0,1186.0,1186.0,,,0.0,1389-04-09
2010-07-03,1,0,2,0,5000,0,5000,0,5930000,0,5930000,0,1186.0,1186.0,,,0.0,1389-04-12
2010-07-07,1,0,5,0,140000,0,140000,0,166040000,0,166040000,0,1186.0,1186.0,,,0.0,1389-04-16
2010-07-12,1,0,1,0,590,0,590,0,696790,0,696790,0,1181.0,1181.0,,,0.0,1389-04-21
2010-07-13,2,0,1,0,5882,0,5882,0,6946642,0,6946642,0,1181.0,1181.0,,,0.0,1389-04-22
2010-07-24,35,3,138,1,2906380,840000,2246380,1500000,3529934990,1074041494,2707379928,1896596556,1214.5469587596942,1205.2190315084715,1278.6208261904762,1264.397704,660000.0,1389-05-02
2010-07-25,19,2,13,0,656943,100000,756943,0,838956472,127800000,966756472,0,1277.0612853778791,1277.1852992893785,1278.0,,-100000.0,1389-05-03
2010-07-26,44,2,20,2,1160358,137137,610767,686728,1516334462,179375196,797469434,898240224,1306.7815812016636,1305.6852023766835,1308.0,1308.0,549591.0,1389-05-04
2010-07-28,17,0,17,1,290982,0,288283,2699,376396886,0,372782925,3613961,1293.540102136902,1293.1144916627063,,1339.0,2699.0,1389-05-06
2010-07-31,35,1,18,1,639830,80000,415669,304161,801882360,100264554,521174052,380972862,1253.274088429739,1253.8198710993604,1253.306925,1252.536853837277,224161.0,1389-05-09
2010-08-01,11,1,14,1,234985,80000,219146,95839,288503958,98000000,269110201,117393757,1227.7547843479372,1227.995039836456,1225.0,1224.9059046943312,15839.0,1389-05-10
2010-08-02,13,0,21,0,231668,0,231668,0,289957606,0,289957606,0,1251.608361966262,1251.608361966262,,,0.0,1389-05-11
2010-08-03,10,1,17,0,108130,20000,128130,0,134503801,24743572,159247373,0,1243.9082678257653,1242.8578240849138,1237.1786,,-20000.0,1389-05-12
2010-08-04,14,1,17,0,1005829,15200,1021029,0,1223185893,18991800,1242177693,0,1216.0972620594555,1216.5939390555998,1249.4605263157894,,-15200.0,1389-05-13
2010-08-07,9,0,15,0,273410,0,273410,0,338635090,0,338635090,0,1238.5614644672837,1238.5614644672837,,,0.0,1389-05-16
2010-08-08,9,0,5,1,120499,0,110499,10000,144910898,0,132230898,12680000,1202.5900463904266,1196.670540004887,,1268.0,10000.0,1389-05-17
2010-08-09,20,0,16,1,549654,0,509654,40000,649856545,0,602734317,47122228,1182.3011294377918,1182.6343303496096,,1178.0557,40000.0,1389-05-18
2010-08-10,24,1,16,0,790307,100000,890307,0,919242028,119168576,1038410604,0,1163.145496623464,1166.3511620149004,1191.68576,,-100000.0,1389-05-19
2010-08-11,6,0,15,0,117743,0,117743,0,140709702,0,140709702,0,1195.0578972847643,1195.0578972847643,,,0.0,1389-05-20
2010-08-14,4,0,6,0,30614,0,30614,0,36808715,0,36808715,0,1202.3490886522509,1202.3490886522509,,,0.0,1389-05-23
2010-08-15,6,0,11,0,59903,0,59903,0,70023705,0,70023705,0,1168.9515550139392,1168.9515550139392,,,0.0,1389-05-24
2010-08-16,9,0,6,0,54260,0,54260,0,63302340,0,63302340,0,1166.648359749355,1166.648359749355,,,0.0,1389-05-25
2010-08-17,11,0,12,1,283499,0,276647,6852,329275326,0,321100890,8174436,1161.469091601734,1160.6881332528458,,1193.0,6852.0,1389-05-26
2010-08-18,4,0,6,0,48716,0,48716,0,57361413,0,57361413,0,1177.4655759914608,1177.4655759914608,,,0.0,1389-05-27
2010-08-21,6,1,10,0,67950,24710,92660,0,78476380,28614180,107090560,0,1154.913612950699,1155.7366717030002,1158.0,,-24710.0,1389-05-30
2010-08-22,9,0,14,0,218492,0,218492,0,261358904,0,261358904,0,1196.1943869798436,1196.1943869798436,,,0.0,1389-05-31
2010-08-23,8,0,10,0,286000,0,286000,0,347660789,0,347660789,0,1215.5971643356645,1215.5971643356645,,,0.0,1389-06-01
2010-08-24,8,0,15,1,214512,0,127375,87137,264097691,0,156657770,107439921,1231.1557908182292,1229.8941707556428,,1233.0,87137.0,1389-06-02
2010-08-25,4,1,12,1,186923,2122,149045,40000,231530407,2569742,184460149,49640000,1238.64054717718,1237.6138012009797,1211.0,1241.0,37878.0,1389-06-03
2010-08-28,1,0,2,0,4306,0,4306,0,5378194,0,5378194,0,1249.0,1249.0,,,0.0,1389-06-06
2010-08-29,1,0,5,0,35444,0,35444,0,44269556,0,44269556,0,1249.0,1249.0,,,0.0,1389-06-07
2010-08-30,1,0,5,0,69735,0,69735,0,87168750,0,87168750,0,1250.0,1250.0,,,0.0,1389-06-08
2010-08-31,3,0,6,0,120441,0,120441,0,150912573,0,150912573,0,1253.0,1253.0,,,0.0,1389-06-09
2010-09-04,3,0,6,0,74952,0,74952,0,94289616,0,94289616,0,1258.0,1258.0,,,0.0,1389-06-13
2010-09-05,3,0,6,0,71417,0,71417,0,90056837,0,90056837,0,1261.0,1261.0,,,0.0,1389-06-14
2010-09-06,5,0,6,0,268443,0,268443,0,339311952,0,339311952,0,1264.0,1264.0,,,0.0,1389-06-15
2010-09-07,10,1,15,0,531631,100000,631631,0,677829525,127500000,805329525,0,1275.0,1275.0,1275.0,,-100000.0,1389-06-16
2010-09-08,35,0,22,1,3672875,0,3572875,100000,4772934116,0,4642934116,130000000,1299.5089993533677,1299.4952569009552,,1300.0,100000.0,1389-06-17
2010-09-12,2,0,7,0,42707,0,42707,0,57739864,0,57739864,0,1352.0,1352.0,,,0.0,1389-06-21
2010-09-13,1,0,2,0,7626,0,7626,0,10325604,0,10325604,0,1354.0,1354.0,,,0.0,1389-06-22
2010-09-14,3,0,4,0,30273,0,30273,0,40989642,0,40989642,0,1354.0,1354.0,,,0.0,1389-06-23
2010-09-15,4,0,8,0,79068,0,79068,0,107137140,0,107137140,0,1355.0,1355.0,,,0.0,1389-06-24
2010-09-18,4,0,5,0,35393,0,35393,0,48063694,0,48063694,0,1358.0,1358.0,,,0.0,1389-06-27
2010-09-19,2,0,2,0,21700,0,21700,0,29490300,0,29490300,0,1359.0,1359.0,,,0.0,1389-06-28
2010-09-20,3,0,5,0,26853,0,26853,0,36520080,0,36520080,0,1360.0,1360.0,,,0.0,1389-06-29
2010-09-21,6,0,5,0,26176,0,26176,0,35625536,0,35625536,0,1361.0,1361.0,,,0.0,1389-06-30
2010-09-22,5,0,3,0,66717,0,66717,0,90868554,0,90868554,0,1362.0,1362.0,,,0.0,1389-06-31
2010-09-25,4,0,3,0,21410,0,21410,0,29224650,0,29224650,0,1365.0,1365.0,,,0.0,1389-07-03
2010-09-26,1,0,1,0,9560,0,9560,0,13058960,0,13058960,0,1366.0,1366.0,,,0.0,1389-07-04
2010-09-27,3,0,10,0,89218,0,89218,0,126689560,0,126689560,0,1420.0,1420.0,,,0.0,1389-07-05
2010-09-28,1,0,1,0,1,0,1,0,1476,0,1476,0,1476.0,1476.0,,,0.0,1389-07-06
2010-09-29,1,0,2,0,585,0,585,0,897975,0,897975,0,1535.0,1535.0,,,0.0,1389-07-07
2010-10-02,1,0,1,0,1536,0,1536,0,2451456,0,2451456,0,1596.0,1596.0,,,0.0,1389-07-10
2010-10-03,2,0,5,0,16338,0,16338,0,27104742,0,27104742,0,1659.0,1659.0,,,0.0,1389-07-11
2010-10-05,1,0,2,0,14347,0,14347,0,23816020,0,23816020,0,1660.0,1660.0,,,0.0,1389-07-13
2010-10-06,1,0,2,0,3,0,3,0,5178,0,5178,0,1726.0,1726.0,,,0.0,1389-07-14
2010-10-09,2,0,4,1,17532,0,2532,15000,31469940,0,4544940,26925000,1795.0,1795.0,,1795.0,15000.0,1389-07-17
2010-10-10,106,6,57,4,4178466,929998,4037122,1071342,7797017556,1735376268,7533269652,1999124172,1866.0,1866.0,1866.0,1866.0,141344.0,1389-07-18
2010-10-11,17,7,34,2,383520,584359,932879,35000,744028800,1133656460,1809785260,67900000,1940.0,1940.0,1940.0,1940.0,-549359.0,1389-07-19
2010-10-12,81,9,85,4,1766427,2029803,3547230,249000,3482401532,4035293153,7025214840,492479845,1971.4381245304787,1980.47908931758,1988.022065688148,1977.830702811245,-1780803.0,1389-07-20
2010-10-13,18,4,43,1,123454,1151546,1266000,9000,234686069,2189088946,2406666015,17109000,1901.000121502746,1901.0000118483413,1901.0,1901.0,-1142546.0,1389-07-21
2010-10-16,14,0,48,1,1020430,0,988431,31999,1875413241,0,1815299378,60113863,1837.8656458551784,1836.5463831061552,,1878.6169255289228,31999.0,1389-07-24
2010-10-24,11,1,12,0,210180,10000,220180,0,363562962,17100000,380662962,0,1729.769540393948,1728.8716595512765,1710.0,,-10000.0,1389-08-02
2010-10-25,9,2,26,0,198006,33996,232002,0,332892541,57162276,390054817,0,1681.224513398584,1681.2562693425057,1681.4412283798094,,-33996.0,1389-08-03
2010-10-26,11,2,11,0,193942,51000,244942,0,346589011,91140000,437729011,0,1787.0755741407224,1787.0720864531197,1787.0588235294117,,-51000.0,1389-08-04
2010-10-27,2,0,8,0,47200,0,47200,0,85054400,0,85054400,0,1802.0,1802.0,,,0.0,1389-08-05
2010-10-30,1,0,4,0,6325,0,6325,0,11416625,0,11416625,0,1805.0,1805.0,,,0.0,1389-08-08
2010-10-31,1,0,3,0,22935,0,22935,0,41397675,0,41397675,0,1805.0,1805.0,,,0.0,1389-08-09
2010-11-01,2,1,2,0,12006,5000,17006,0,21682836,9030000,30712836,0,1806.0,1806.0,1806.0,,-5000.0,1389-08-10
2010-11-02,2,0,13,0,100198,0,100198,0,181057786,0,181057786,0,1807.0,1807.0,,,0.0,1389-08-11
2010-11-03,1,0,7,0,30569,0,30569,0,55391028,0,55391028,0,1812.0,1812.0,,,0.0,1389-08-12
2010-11-06,1,0,1,0,3853,0,3853,0,6989342,0,6989342,0,1814.0,1814.0,,,0.0,1389-08-15
2010-11-07,1,0,4,0,14104,0,14104,0,25584656,0,25584656,0,1814.0,1814.0,,,0.0,1389-08-16
2010-11-08,4,0,3,0,29435,0,29435,0,53424525,0,53424525,0,1815.0,1815.0,,,0.0,1389-08-17
2010-11-09,2,0,4,0,30086,0,30086,0,54666262,0,54666262,0,1817.0,1817.0,,,0.0,1389-08-18
2010-11-10,1,0,6,0,46998,0,46998,0,88779222,0,88779222,0,1889.0,1889.0,,,0.0,1389-08-19
2010-11-13,34,2,9,0,1224483,280000,1504483,0,2404884612,549920000,2954804612,0,1964.0,1964.0,1964.0,,-280000.0,1389-08-22
2010-11-14,29,7,36,5,918283,1688651,1690715,916219,1875128886,3448105332,3452315020,1870919198,2041.994555055468,2041.9260608677396,2041.9289314369876,2042.0,-772432.0,1389-08-23
2010-11-15,24,2,27,1,501991,190000,638191,53800,1047097476,396638892,1331183046,112553322,2085.888942232032,2085.869349458077,2087.573115789474,2092.069182156134,-136200.0,1389-08-24
2010-11-16,7,3,20,2,70861,515838,140499,446200,140746334,1023590666,279076200,885260800,1986.231269668788,1986.3216108299705,1984.3258271007564,1984.0,-69638.0,1389-08-25
2010-11-20,3,3,15,0,14198,396073,410271,0,27686080,771653204,799339284,0,1949.9985913508945,1948.320217612261,1948.260053071025,,-396073.0,1389-08-29
2010-11-21,2,3,18,0,17790,156044,173834,0,34275750,301205483,335481233,0,1926.6863406408092,1929.8942266760243,1930.2599459126916,,-156044.0,1389-08-30
2010-11-22,7,1,6,1,320999,100000,315299,105700,614685686,192100000,603745986,203039700,1914.9146445939084,1914.836348989372,1921.0,1920.9053926206243,5700.0,1389-09-01
2010-11-23,3,2,11,2,220465,400000,324165,296300,416783500,756050000,612826500,560007000,1890.4746785204,1890.477071861552,1890.125,1890.0,-103700.0,1389-09-02
2010-11-24,7,0,10,0,237477,0,237477,0,441808761,0,441808761,0,1860.4275824606173,1860.4275824606173,,,0.0,1389-09-03
2010-11-27,7,0,6,0,65610,0,65610,0,127237478,0,127237478,0,1939.3000762078952,1939.3000762078952,,,0.0,1389-09-06
2010-11-28,7,2,12,4,567960,544348,594646,517662,1132424240,1085429912,1185636124,1032218028,1993.845059511233,1993.8520127941665,1994.0,1994.0,-26686.0,1389-09-07
2010-11-29,8,2,13,0,56041,263868,319909,0,108540446,519128364,627668810,0,1936.8042326154064,1962.022981535374,1967.379007685661,,-263868.0,1389-09-08
2010-11-30,2,2,3,1,52000,16576,18576,50000,98790000,31534320,35374320,94950000,1899.8076923076924,1904.3023255813955,1902.408301158301,1899.0,33424.0,1389-09-09
2010-12-01,3,3,6,1,9294,275706,245000,40000,17802969,523545784,465261308,76087445,1915.5335700451903,1899.0257469387757,1898.927785394587,1902.186125,-235706.0,1389-09-10
2010-12-04,2,2,22,0,44380,735558,779938,0,86142967,1477623612,1563766579,0,1941.031252816584,2004.988318302224,2008.8471772450305,,-735558.0,1389-09-13
2010-12-05,6,3,14,0,64640,73799,138439,0,124706350,142080127,266786477,0,1929.244275990099,1927.1049126330008,1925.231060041464,,-73799.0,1389-09-14
2010-12-06,3,1,6,0,1540,9344,10884,0,3018200,17871254,20889454,0,1959.8701298701296,1919.2809628812936,1912.5913955479448,,-9344.0,1389-09-15
2010-12-07,3,1,8,0,9059,24576,33635,0,17718470,47947776,65666246,0,1955.8968981123744,1952.3188940092168,1951.0,,-24576.0,1389-09-16
2010-12-08,11,1,19,3,213134,603500,435648,380986,424948645,1219564207,881335281,763177571,1993.809739412764,2023.0444785698544,2020.8189014084508,2003.1643446215871,-222514.0,1389-09-17
2010-12-11,2,1,7,3,207283,2740920,108991,2839212,430066685,5703854520,225921033,5908000172,2074.7803003623067,2072.841179546935,2081.0,2080.859115839184,98292.0,1389-09-20
2010-12-12,12,0,13,0,223509,0,223509,0,473302912,0,473302912,0,2117.6011346299256,2117.6011346299256,,,0.0,1389-09-21
2010-12-13,7,1,13,3,125325,702015,442510,384830,260823182,1460483767,919721847,801585102,2081.174402553361,2078.420480893087,2080.4167532032798,2082.9589740924566,-317185.0,1389-09-22
2010-12-14,7,2,16,1,129258,155330,244589,39999,271704166,331342600,519486896,83559870,2102.0297853904594,2123.917657785101,2133.152642760574,2089.0489762244056,-115331.0,1389-09-23
2010-12-18,4,2,17,2,11322,520000,240322,291000,23148473,1086067372,501216845,607999000,2044.5568804098216,2085.605333677316,2088.5911,2089.343642611684,-229000.0,1389-09-27
2010-12-19,3,1,7,0,35500,47677,83177,0,71402500,95687739,167090239,0,2011.338028169014,2008.8514733640309,2007.0,,-47677.0,1389-09-28
2010-12-20,4,1,8,0,54974,50000,104974,0,110484254,100100000,210584254,0,2009.754684032452,2006.061062739345,2002.0,,-50000.0,1389-09-29
2010-12-21,2,1,5,0,7022,34349,41371,0,14070912,68904094,82975006,0,2003.8325263457705,2005.6321094486475,2006.0,,-34349.0,1389-09-30
2010-12-22,2,0,5,1,116979,0,24655,92324,245271326,0,51387966,193883360,2096.712452662444,2084.281727844251,,2100.032061002556,92324.0,1389-10-01
2010-12-25,5,0,12,0,60743,0,60743,0,126087928,0,126087928,0,2075.760630854584,2075.760630854584,,,0.0,1389-10-04
2010-12-27,6,1,11,0,199138,50000,249138,0,409219135,100050000,509269135,0,2054.952520362764,2044.124681903202,2001.0,,-50000.0,1389-10-06
2010-12-28,4,0,2,1,25569,0,15218,10351,52187073,0,30750579,21436494,2041.0290977355392,2020.6715074254173,,2070.9587479470583,10351.0,1389-10-07
2010-12-29,2,0,0,1,1911,0,0,1911,3957681,0,0,3957681,2071.0,,,2071.0,1911.0,1389-10-08
2011-01-01,3,1,3,0,12914,1000,13914,0,25988070,2009000,27997070,0,2012.3950751122811,2012.1510708638784,2009.0,,-1000.0,1389-10-11
2011-01-02,10,1,12,1,90490,171970,164722,97738,182743845,345322786,331868880,196197751,2019.4921538291524,2014.721045154867,2008.0408559632492,2007.3845484867709,-74232.0,1389-10-12
2011-01-03,1,1,6,0,3500,33400,36900,0,7153850,66733200,73887050,0,2043.9571428571428,2002.3590785907857,1998.0,,-33400.0,1389-10-13
2011-01-04,9,1,17,2,315740,780000,569107,526633,650132757,1650984901,1192262304,1108855354,2059.076319123329,2094.970372882428,2116.647308974359,2105.556153906041,-253367.0,1389-10-14
2011-01-05,7,1,12,2,302216,50000,132777,219439,652931860,107500000,287209965,473221895,2160.480781957276,2163.1002733907226,2150.0,2156.507708292509,169439.0,1389-10-15
2011-01-08,7,0,11,0,112302,0,112302,0,246615192,0,246615192,0,2196.0,2196.0,,,0.0,1389-10-18
2011-01-09,1,0,6,0,39075,0,39075,0,86082225,0,86082225,0,2203.0,2203.0,,,0.0,1389-10-19
2011-01-10,1,1,4,0,1000,10740,11740,0,2206000,23692440,25898440,0,2206.0,2206.0,2206.0,,-10740.0,1389-10-20
2011-01-11,0,1,2,0,0,5492,5492,0,0,12120844,12120844,0,,2207.0,2207.0,,-5492.0,1389-10-21
2011-01-12,2,0,5,0,53293,0,53293,0,117617651,0,117617651,0,2207.0,2207.0,,,0.0,1389-10-22
2011-01-15,24,1,14,1,400657,101000,435425,66232,956753916,241097000,1039688900,158162016,2387.962561492748,2387.756559683068,2387.09900990099,2388.0,-34768.0,1389-10-25
2011-01-16,0,1,6,0,0,22947,22947,0,0,56977401,56977401,0,,2483.0,2483.0,,-22947.0,1389-10-26
2011-01-17,1,0,3,0,54595,0,54595,0,135668575,0,135668575,0,2485.0,2485.0,,,0.0,1389-10-27
2011-01-18,9,1,3,0,109183,10000,119183,0,271756487,24890000,296646487,0,2489.0,2489.0,2489.0,,-10000.0,1389-10-28
2011-01-19,2,0,3,0,3643,0,3643,0,9103857,0,9103857,0,2499.0,2499.0,,,0.0,1389-10-29
2011-01-26,49,1,23,2,739093,10000,687160,61933,2397926305,33000000,2228949098,201977207,3244.417556383297,3243.711941905816,3300.0,3261.2211099090955,51933.0,1389-11-06
2011-01-29,25,1,22,0,145257,30000,175257,0,472370340,93480000,565850340,0,3251.962659286644,3228.68895393622,3116.0,,-30000.0,1389-11-09
2011-01-30,5,1,2,0,15408,20000,35408,0,47980512,62280000,110260512,0,3114.0,3114.0,3114.0,,-20000.0,1389-11-10
2011-01-31,13,2,43,0,410810,500000,910810,0,1277782742,1555100000,2832882742,0,3110.3983398651444,3110.289458833346,3110.2,,-500000.0,1389-11-11
2011-02-01,19,3,32,1,278002,358790,236792,400000,889698135,1162656264,753136444,1299217955,3200.3299796404344,3180.582300077705,3240.4923883051365,3248.0448875,41210.0,1389-11-12
2011-02-05,15,1,9,1,101060,4000,30184,74876,317289040,12296000,95346410,234238630,3139.610528398971,3158.8394513649614,3074.0,3128.35394518938,70876.0,1389-11-16
2011-02-06,7,1,15,1,24638,200000,174638,50000,75767118,626067393,544484511,157350000,3075.213816056498,3117.7894329985456,3130.336965,3147.0,-150000.0,1389-11-17
2011-02-07,10,1,8,1,28214,40358,43572,25000,87267995,123777986,134370981,76675000,3093.074183029701,3083.88370972184,3067.0,3067.0,-15358.0,1389-11-18
2011-02-08,7,1,11,1,30995,100000,80995,50000,94734937,311970000,251254937,155450000,3056.458686884981,3102.104290388296,3119.7,3109.0,-50000.0,1389-11-19
2011-02-09,8,4,19,1,26341,340000,127018,239323,79973577,1032210345,385692233,726491689,3036.0873543145667,3036.5163441402005,3035.912779411765,3035.611658720641,-100677.0,1389-11-20
2011-02-12,10,3,20,1,105208,368826,174034,300000,318121293,1106478000,524594343,900004950,3023.736721542088,3014.321011986164,3000.0,3000.0165,-68826.0,1389-11-23
2011-02-13,19,1,10,1,217468,2583,89405,130646,652869690,7645680,268438330,392077040,3002.1414185075505,3002.4979587271405,2960.0,3001.0642499579017,128063.0,1389-11-24
2011-03-26,24,3,14,0,542751,123930,666681,0,1576164120,359888790,1936052910,0,2904.028034955256,2904.016928636034,2903.968288549988,,-123930.0,1390-01-06
2011-03-27,34,3,14,1,314557,419585,730472,3670,914683023,1186374428,2089974051,11083400,2907.845074183693,2861.128217097986,2827.494853247852,3020.0,-415915.0,1390-01-07
2011-03-28,23,2,14,0,128460,257540,386000,0,356674266,716557712,1073231978,0,2776.53951424568,2780.393725388601,2782.316191659548,,-257540.0,1390-01-08
2011-03-29,30,2,14,1,162875,150000,250360,62515,446614923,411109291,686565302,171158912,2742.071668457406,2742.31227831922,2740.7286066666666,2737.885499480125,-87485.0,1390-01-09
2011-03-30,21,1,14,1,554902,70000,524902,100000,1504369322,189770000,1423039322,271100000,2711.05406360042,2711.057153525801,2711.0,2711.0,30000.0,1390-01-10
2011-04-03,11,0,21,0,119072,0,119072,0,330027029,0,330027029,0,2771.6594077532923,2771.6594077532923,,,0.0,1390-01-14
2011-04-04,4,0,13,0,101465,0,101465,0,292016270,0,292016270,0,2878.0,2878.0,,,0.0,1390-01-15
2011-04-05,2,0,4,0,16412,0,16412,0,47397856,0,47397856,0,2888.0,2888.0,,,0.0,1390-01-16
2011-04-06,8,0,6,1,336000,0,28620,307380,970704000,0,82683180,888020820,2889.0,2889.0,,2889.0,307380.0,1390-01-17
2011-04-09,1,0,7,0,37003,0,37003,0,108011757,0,108011757,0,2919.0,2919.0,,,0.0,1390-01-20
2011-04-10,1,0,4,0,36000,0,36000,0,105192000,0,105192000,0,2922.0,2922.0,,,0.0,1390-01-21
2011-04-11,14,0,12,1,115273,0,115173,100,364135307,0,363831507,303800,3158.895031794089,3159.0,,3038.0,100.0,1390-01-22
2011-04-12,5,0,10,1,101098,0,41098,60000,332106930,0,135006930,197100000,3285.0,3285.0,,3285.0,60000.0,1390-01-23
2011-04-13,1,0,5,0,9776,0,9776,0,32211920,0,32211920,0,3295.0,3295.0,,,0.0,1390-01-24
2011-04-16,3,0,7,0,19593,0,19593,0,64578528,0,64578528,0,3296.0,3296.0,,,0.0,1390-01-27
2011-04-17,26,3,76,1,157827,487675,640502,5000,550890873,1734489451,2267570324,17810000,3490.4729418920715,3540.3017070984947,3556.650332701082,3562.0,-482675.0,1390-01-28
2011-04-18,52,4,54,4,841203,715203,1277493,278913,3066389443,2615840996,4669948519,1012281920,3645.243113731168,3655.5570316236567,3657.480457995842,3629.3823522030166,-436290.0,1390-01-29
2011-04-19,45,3,40,2,596305,117103,679618,33790,2259485750,443564742,2574749862,128300630,3789.1443975817742,3788.5251155796345,3787.817067026464,3797.0,-83313.0,1390-01-30
2011-04-20,38,2,30,2,344765,106977,439498,12244,1256832712,396162092,1607777628,45217176,3645.47651878816,3658.213752963608,3703.245482673846,3693.006860503104,-94733.0,1390-01-31
2011-04-23,22,2,31,1,221040,153707,284464,90283,791792021,546582092,1017327765,321046348,3582.120978103511,3576.2970534057035,3556.0,3556.0,-63424.0,1390-02-03
2011-04-24,4,1,7,0,109150,50000,159150,0,384098850,175950000,560048850,0,3519.0,3519.0,3519.0,,-50000.0,1390-02-04
2011-04-25,3,0,1,0,3300,0,3300,0,11556600,0,11556600,0,3502.0,3502.0,,,0.0,1390-02-05
2011-04-27,3,0,3,0,33836,0,33836,0,118493672,0,118493672,0,3502.0,3502.0,,,0.0,1390-02-07
2011-05-02,21,3,87,1,176351,705000,800320,81031,622150794,2509597130,2847347636,284400288,3527.911914307262,3557.7614404238307,3559.712241134752,3509.771420814256,-623969.0,1390-02-12
2011-05-03,4,1,15,0,24701,50000,74701,0,85042938,171900000,256942938,0,3442.8945386826445,3439.6184522295557,3438.0,,-50000.0,1390-02-13
2011-05-04,7,0,5,0,22515,0,22515,0,77248965,0,77248965,0,3431.0,3431.0,,,0.0,1390-02-14
2011-05-08,2,0,5,0,21450,0,21450,0,73533500,0,73533500,0,3428.135198135198,3428.135198135198,,,0.0,1390-02-18
2011-05-09,16,2,49,2,306670,550000,630752,225918,1063356970,2027228896,2252430086,838155780,3467.43069097075,3571.023296002232,3685.87072,3710.0,-324082.0,1390-02-19
2011-05-10,12,0,12,1,51490,0,51461,29,183493462,0,183385060,108402,3563.671819770829,3563.573579992616,,3738.0,29.0,1390-02-20
2011-05-11,5,0,8,0,60677,0,60677,0,209397327,0,209397327,0,3451.0164807093297,3451.0164807093297,,,0.0,1390-02-21
2011-05-14,2,0,1,0,7435,0,7435,0,25606140,0,25606140,0,3444.0,3444.0,,,0.0,1390-02-24
2011-05-15,4,0,1,0,1570,0,1570,0,5405510,0,5405510,0,3443.0,3443.0,,,0.0,1390-02-25
2011-05-17,6,0,6,0,22965,0,22965,0,79068495,0,79068495,0,3443.0,3443.0,,,0.0,1390-02-27
2011-05-18,3,1,40,3,205602,587871,654695,138778,707325159,2134266360,2358851579,482739940,3440.264000350191,3602.977843117788,3630.5011813816295,3478.5048062373,-449093.0,1390-02-28
2011-05-21,1,0,2,0,10120,0,10120,0,34802680,0,34802680,0,3439.0,3439.0,,,0.0,1390-02-31
2011-05-24,1,0,1,0,1,0,1,0,3438,0,3438,0,3438.0,3438.0,,,0.0,1390-03-03
2011-05-25,2,0,1,0,10001,0,10001,0,34383438,0,34383438,0,3438.0,3438.0,,,0.0,1390-03-04
2011-05-29,1,0,1,0,1,0,1,0,3437,0,3437,0,3437.0,3437.0,,,0.0,1390-03-08
2011-05-30,2,0,1,0,275,0,275,0,945175,0,945175,0,3437.0,3437.0,,,0.0,1390-03-09
2011-05-31,2,0,1,0,101,0,101,0,347137,0,347137,0,3437.0,3437.0,,,0.0,1390-03-10
2011-06-01,1,0,1,0,2000,0,2000,0,6874000,0,6874000,0,3437.0,3437.0,,,0.0,1390-03-11
2011-06-06,2,0,1,0,145,0,145,0,498365,0,498365,0,3437.0,3437.0,,,0.0,1390-03-16
2011-06-07,8,0,4,0,18105,0,18105,0,57267032,0,57267032,0,3163.0506489919912,3163.0506489919912,,,0.0,1390-03-17
2011-06-08,6,0,26,1,167943,0,166943,1000,510231063,0,507072063,3159000,3038.1204515817867,3037.396374810564,,3159.0,1000.0,1390-03-18
2011-06-11,23,1,14,1,123024,80000,154024,49000,382419919,250247090,478415009,154252000,3108.4984962283784,3106.106898924843,3128.088625,3148.0,-31000.0,1390-03-21
2011-06-12,8,1,13,0,85106,1000,86106,0,256774802,3017000,259791802,0,3017.1175005287523,3017.116135925487,3017.0,,-1000.0,1390-03-22
2011-06-13,2,0,8,0,80010,0,80010,0,240750090,0,240750090,0,3009.0,3009.0,,,0.0,1390-03-23
2011-06-14,1,0,1,0,1100,0,1100,0,3301100,0,3301100,0,3001.0,3001.0,,,0.0,1390-03-24
2011-06-15,1,0,5,0,50000,0,50000,0,150050000,0,150050000,0,3001.0,3001.0,,,0.0,1390-03-25
2011-06-18,3,0,1,0,1250,0,1250,0,3750650,0,3750650,0,3000.52,3000.52,,,0.0,1390-03-28
2011-06-19,1,0,1,0,1000,0,1000,0,2997000,0,2997000,0,2997.0,2997.0,,,0.0,1390-03-29
2011-06-21,4,1,22,1,190302,1000,91302,100000,570335094,2997000,273632094,299700000,2997.0,2997.0,2997.0,2997.0,99000.0,1390-03-31
2011-06-29,6,0,7,0,33441,0,33441,0,91156341,0,91156341,0,2725.885619449179,2725.885619449179,,,0.0,1390-04-08
2011-07-02,2,0,5,0,16000,0,16000,0,43456000,0,43456000,0,2716.0,2716.0,,,0.0,1390-04-11
2011-07-03,2,2,7,0,2707,49877,52584,0,7360212,135416055,142776267,0,2718.9553010712966,2715.203617069831,2715.0,,-49877.0,1390-04-12
2011-07-04,3,2,22,3,210235,622870,254485,578620,608098241,1828074115,738402656,1697769700,2892.469098865555,2901.556696858361,2934.9207940661777,2934.170440012444,-44250.0,1390-04-13
2011-07-05,8,0,3,1,254599,0,4599,250000,764815396,0,13815396,751000000,3004.0,3004.0,,3004.0,250000.0,1390-04-14
2011-07-06,13,0,10,2,235811,0,46382,189429,713827965,0,140236953,573591012,3027.1190275262816,3023.521042645854,,3028.0,189429.0,1390-04-15
2011-07-09,1,0,1,0,4920,0,4920,0,14809200,0,14809200,0,3010.0,3010.0,,,0.0,1390-04-18
2011-07-11,5,0,4,0,20195,0,20195,0,56871120,0,56871120,0,2816.099034414459,2816.099034414459,,,0.0,1390-04-20
2011-07-12,7,0,9,0,27953,0,27953,0,78715418,0,78715418,0,2815.9917719028367,2815.9917719028367,,,0.0,1390-04-21
2011-07-13,3,0,5,0,25173,0,25173,0,70842315,0,70842315,0,2814.2182099868905,2814.2182099868905,,,0.0,1390-04-22
2011-07-16,2,0,3,0,13317,0,13317,0,37590367,0,37590367,0,2822.7353758353984,2822.7353758353984,,,0.0,1390-04-25
2011-07-19,5,0,2,0,65848,0,65848,0,185863184,0,185863184,0,2822.609403474669,2822.609403474669,,,0.0,1390-04-28
2011-07-20,3,0,3,0,18487,0,18487,0,51873216,0,51873216,0,2805.9293557635096,2805.9293557635096,,,0.0,1390-04-29
2011-07-23,6,0,2,0,22264,0,22264,0,62383728,0,62383728,0,2802.0,2802.0,,,0.0,1390-05-01
2011-07-24,16,1,29,1,197793,199798,396591,1000,555295612,596306706,1148702318,2900000,2807.4583630361035,2896.4407109591493,2984.547923402637,2900.0,-198798.0,1390-05-02
2011-07-26,5,0,5,0,6632,0,6632,0,18700120,0,18700120,0,2819.680337756333,2819.680337756333,,,0.0,1390-05-04
2011-07-27,3,0,5,0,43981,0,43981,0,131557975,0,131557975,0,2991.245651531343,2991.245651531343,,,0.0,1390-05-05
2011-07-30,4,1,21,0,35404,357156,392560,0,101455336,1078182985,1179638321,0,2865.646141678906,3004.988590279193,3018.801266113407,,-357156.0,1390-05-08
2011-07-31,3,1,8,0,9626,47420,57046,0,27760499,144111179,171871678,0,2883.908061500104,3012.861164674123,3039.0379375790803,,-47420.0,1390-05-09
2011-08-01,4,1,3,0,23710,50000,73710,0,67340512,147486700,214827212,0,2840.17342893294,2914.492090625424,2949.734,,-50000.0,1390-05-10
2011-08-02,9,0,4,0,107589,0,107589,0,303958925,0,303958925,0,2825.18589260984,2825.18589260984,,,0.0,1390-05-11
2011-08-03,1,1,10,0,5163,50000,55163,0,14580312,151849500,166429812,0,2824.0,3017.055127531135,3036.99,,-50000.0,1390-05-12
2011-08-06,7,0,4,0,68701,0,68701,0,194000220,0,194000220,0,2823.8340053274333,2823.8340053274333,,,0.0,1390-05-15
2011-08-07,5,1,10,1,13516,90389,69546,34359,38072673,266696273,205127846,99641100,2816.859499852027,2949.5275932476347,2950.5390368297026,2900.0,-56030.0,1390-05-16
2011-08-08,0,1,7,0,0,82964,82964,0,0,249404128,249404128,0,,3006.172894267393,3006.172894267393,,-82964.0,1390-05-17
2011-08-10,1,0,2,0,6000,0,6000,0,16938000,0,16938000,0,2823.0,2823.0,,,0.0,1390-05-19
2011-08-13,1,2,9,0,9293,198272,207565,0,26262018,598792541,625054559,0,2826.0,3011.367807674704,3020.055988742737,,-198272.0,1390-05-22
2011-08-14,1,0,1,0,7426,0,7426,0,21884422,0,21884422,0,2947.0,2947.0,,,0.0,1390-05-23
2011-08-15,2,0,4,0,18504,0,18504,0,52805408,0,52805408,0,2853.729355814959,2853.729355814959,,,0.0,1390-05-24
2011-08-16,5,0,4,0,32641,0,32641,0,92676775,0,92676775,0,2839.274991575013,2839.274991575013,,,0.0,1390-05-25
2011-08-17,4,0,6,0,14765,0,14765,0,42332879,0,42332879,0,2867.10998984084,2867.10998984084,,,0.0,1390-05-26
2011-08-20,3,1,8,0,6833,150000,156833,0,19814698,447309725,467124423,0,2899.8533587004245,2978.482991462256,2982.0648333333334,,-150000.0,1390-05-29
2011-08-21,3,0,4,0,23751,0,23751,0,67396840,0,67396840,0,2837.642204538756,2837.642204538756,,,0.0,1390-05-30
2011-08-24,7,1,9,0,40215,125000,165215,0,115291804,368984530,484276334,0,2866.885589953997,2931.188657204249,2951.87624,,-125000.0,1390-06-02
2011-08-28,8,0,11,0,63102,0,63102,0,178366800,0,178366800,0,2826.6425786821337,2826.6425786821337,,,0.0,1390-06-06
2011-08-29,5,0,3,0,22890,0,22890,0,64532510,0,64532510,0,2819.244648318043,2819.244648318043,,,0.0,1390-06-07
2011-08-30,8,0,3,0,34929,0,34929,0,98429161,0,98429161,0,2817.9782129462624,2817.9782129462624,,,0.0,1390-06-08
2011-09-03,7,0,4,0,8745,0,8745,0,24680643,0,24680643,0,2822.257632933105,2822.257632933105,,,0.0,1390-06-12
2011-09-04,6,1,8,0,24524,20757,45281,0,69578580,58389441,127968021,0,2837.162779318219,2826.08646010468,2813.0,,-20757.0,1390-06-13
2011-09-05,6,0,9,0,34131,0,34131,0,98605056,0,98605056,0,2889.0174914300783,2889.0174914300783,,,0.0,1390-06-14
2011-09-06,5,1,7,0,22882,29834,52716,0,66745335,87798070,154543405,0,2916.936238091076,2931.6223727141664,2942.8863042166654,,-29834.0,1390-06-15
2011-09-07,1,0,1,0,10,0,10,0,29200,0,29200,0,2920.0,2920.0,,,0.0,1390-06-16
2011-09-10,14,0,9,0,45382,0,45382,0,128767320,0,128767320,0,2837.409545634833,2837.409545634833,,,0.0,1390-06-19
2011-09-11,12,0,7,0,57962,0,57962,0,163420139,0,163420139,0,2819.435820020013,2819.435820020013,,,0.0,1390-06-20
2011-09-12,5,0,5,0,38080,0,38080,0,108151780,0,108151780,0,2840.1202731092435,2840.1202731092435,,,0.0,1390-06-21
2011-09-13,5,0,4,0,20897,0,20897,0,58843551,0,58843551,0,2815.8851031248505,2815.8851031248505,,,0.0,1390-06-22
2011-09-14,10,0,5,0,41194,0,41194,0,115807366,0,115807366,0,2811.267805991164,2811.267805991164,,,0.0,1390-06-23
2011-09-17,8,0,4,0,13651,0,13651,0,38177628,0,38177628,0,2796.690938392792,2796.690938392792,,,0.0,1390-06-26
2011-09-18,4,1,6,0,24131,3900,28031,0,67415283,10920000,78335283,0,2793.7210641912893,2794.5946630516214,2800.0,,-3900.0,1390-06-27
2011-09-19,2,1,6,0,11304,20845,32149,0,31543500,58157550,89701050,0,2790.472399150743,2790.1661015894742,2790.0,,-20845.0,1390-06-28
2011-09-20,0,1,3,0,0,30400,30400,0,0,86638400,86638400,0,,2849.9473684210525,2849.9473684210525,,-30400.0,1390-06-29
2011-09-21,5,1,7,0,9035,10368,19403,0,25183510,29321102,54504612,0,2787.3281682346437,2809.0816883987013,2828.038387345679,,-10368.0,1390-06-30
2011-09-25,2,1,2,0,4172,3348,7520,0,11722224,9324180,21046404,0,2809.737296260786,2798.7239361702127,2785.0,,-3348.0,1390-07-03
2011-09-26,2,1,3,0,110,6665,6775,0,306500,18560260,18866760,0,2786.3636363636365,2784.761623616236,2784.735183795949,,-6665.0,1390-07-04
2011-09-27,2,1,4,0,2189,15000,17189,0,6110176,41823840,47934016,0,2791.309273640932,2788.644830996568,2788.256,,-15000.0,1390-07-05
2011-09-28,9,1,26,0,190417,4000,194417,0,570268559,11200000,581468559,0,2994.840581460689,2990.8318665548795,2800.0,,-4000.0,1390-07-06
2011-10-01,4,0,5,0,7000,0,7000,0,20986000,0,20986000,0,2998.0,2998.0,,,0.0,1390-07-09
2011-10-02,7,1,3,0,13701,61477,75178,0,38395550,173647100,212042650,0,2802.3903364717903,2820.5412487695867,2824.586430697659,,-61477.0,1390-07-10
2011-10-03,8,1,10,0,26023,79455,105478,0,72801254,224736235,297537489,0,2797.573454252008,2820.848793113256,2828.4719023346547,,-79455.0,1390-07-11
2011-10-04,2,1,7,0,1584,51376,52960,0,4544050,147617480,152161530,0,2868.718434343434,2873.140672205438,2873.2770165057614,,-51376.0,1390-07-12
2011-10-05,3,1,8,0,7380,36102,43482,0,20747300,102474425,123221725,0,2811.2872628726286,2833.8559633871487,2838.4694753753256,,-36102.0,1390-07-13
2011-10-08,2,0,2,0,1375,0,1375,0,3934025,0,3934025,0,2861.109090909091,2861.109090909091,,,0.0,1390-07-16
2011-10-09,10,0,5,0,72596,0,72596,0,203867810,0,203867810,0,2808.251281062317,2808.251281062317,,,0.0,1390-07-17
2011-10-10,1,0,2,0,1033,0,1033,0,2975040,0,2975040,0,2880.0,2880.0,,,0.0,1390-07-18
2011-10-12,10,1,6,0,44762,23559,68321,0,124391634,65637082,190028716,0,2778.956123497609,2781.410049618712,2786.072498832718,,-23559.0,1390-07-20
2011-10-15,2,1,6,0,14381,14000,28381,0,39980752,39160000,79140752,0,2780.1093108963214,2788.51175081921,2797.1428571428573,,-14000.0,1390-07-23
2011-10-16,1,0,2,0,13800,0,13800,0,38212200,0,38212200,0,2769.0,2769.0,,,0.0,1390-07-24
2011-10-18,5,0,2,0,15883,0,15883,0,43964144,0,43964144,0,2768.0,2768.0,,,0.0,1390-07-26
2011-10-19,1,0,1,0,1000,0,1000,0,2767000,0,2767000,0,2767.0,2767.0,,,0.0,1390-07-27
2011-10-22,10,1,15,0,26851,260000,286851,0,74311309,719420000,793731309,0,2767.5434434471717,2767.050869615236,2767.0,,-260000.0,1390-07-30
2011-11-08,1,0,1,0,162,0,162,0,444204,0,444204,0,2742.0,2742.0,,,0.0,1390-08-17
2011-11-09,3,1,11,0,13669,44298,57967,0,37480398,123952616,161433014,0,2742.0,2784.9123466800074,2798.1537766942074,,-44298.0,1390-08-18
2011-11-14,2,1,10,0,1310,100000,101310,0,3589390,273900000,277489390,0,2739.992366412214,2739.012831902083,2739.0,,-100000.0,1390-08-23
2011-11-16,2,0,3,0,1050,0,1050,0,2986500,0,2986500,0,2844.285714285714,2844.285714285714,,,0.0,1390-08-25
2011-11-19,2,0,1,0,105,0,105,0,286755,0,286755,0,2731.0,2731.0,,,0.0,1390-08-28
2011-11-21,1,0,2,0,3640,0,3640,0,9940840,0,9940840,0,2731.0,2731.0,,,0.0,1390-08-30
2011-11-22,3,0,2,0,749,0,749,0,2045519,0,2045519,0,2731.0,2731.0,,,0.0,1390-09-01
2011-11-23,1,0,1,0,10,0,10,0,27310,0,27310,0,2731.0,2731.0,,,0.0,1390-09-02
2011-11-26,1,1,27,0,10,202965,202975,0,27310,563341508,563368818,0,2731.0,2775.557669663752,2775.559865001355,,-202965.0,1390-09-05
2011-11-27,2,1,6,1,112,26090,20130,6072,317664,73468049,56608025,17177688,2836.285714285714,2812.122454048684,2815.946684553469,2829.0,-20018.0,1390-09-06
2011-11-28,3,1,11,0,11293,101319,112612,0,31995069,286773470,318768539,0,2833.177100858939,2830.680025219337,2830.40170155647,,-101319.0,1390-09-07
2011-11-29,1,1,12,0,7032,45000,52032,0,19900560,127350000,147250560,0,2830.0,2830.0,2830.0,,-45000.0,1390-09-08
2011-11-30,1,1,12,0,3499,40184,43683,0,9947657,113841272,123788929,0,2843.0,2833.8009980999477,2833.0,,-40184.0,1390-09-09
2011-12-03,1,1,3,0,500,1700,2200,0,1425000,4816100,6241100,0,2850.0,2836.8636363636365,2833.0,,-1700.0,1390-09-12
2011-12-04,1,1,7,1,2000,246925,48925,200000,5690000,699440950,138530950,566600000,2845.0,2831.4961676034745,2832.604839526172,2833.0,-46925.0,1390-09-13
2011-12-07,1,1,3,1,4895,100000,8395,96500,13926275,283300000,23841775,273384500,2845.0,2839.997022036927,2833.0,2833.0,-3500.0,1390-09-16
2011-12-10,1,1,3,0,2458,18550,21008,0,6963514,52552150,59515664,0,2833.0,2833.0,2833.0,,-18550.0,1390-09-19
2011-12-11,1,1,7,0,548,144616,145164,0,1539880,407915507,409455387,0,2810.0,2820.640014053071,2820.680332743265,,-144616.0,1390-09-20
2011-12-12,0,1,1,0,0,300,300,0,0,840000,840000,0,,2800.0,2800.0,,-300.0,1390-09-21
2011-12-13,5,1,6,1,21550,122180,23730,120000,61212775,345769400,67368175,339614000,2840.5,2838.9454277286136,2830.0,2830.116666666667,-2180.0,1390-09-22
2011-12-14,2,1,7,0,3751,183964,187715,0,10512351,520607999,531120350,0,2802.5462543321783,2829.3974908771274,2829.9449838011783,,-183964.0,1390-09-23
2011-12-17,2,1,5,0,1685,13000,14685,0,4768618,36530000,41298618,0,2830.040356083086,2812.29948927477,2810.0,,-13000.0,1390-09-26
2011-12-18,2,1,4,0,11,18000,18011,0,31627,50976000,51007627,0,2875.181818181818,2832.026372772195,2832.0,,-18000.0,1390-09-27
2011-12-19,2,1,2,0,3563,43007,46570,0,9976400,120462607,130439007,0,2800.0,2800.9234915181446,2801.0,,-43007.0,1390-09-28
2011-12-20,5,0,3,0,14131,0,14131,0,38569270,0,38569270,0,2729.4083928950536,2729.4083928950536,,,0.0,1390-09-29
2011-12-21,2,0,3,0,12321,0,12321,0,33476157,0,33476157,0,2717.0,2717.0,,,0.0,1390-09-30
2011-12-24,4,0,12,0,69569,0,69569,0,188997686,0,188997686,0,2716.6940160128797,2716.6940160128797,,,0.0,1390-10-03
2011-12-25,1,0,1,0,685,0,685,0,1857035,0,1857035,0,2711.0,2711.0,,,0.0,1390-10-04
2011-12-26,2,0,1,0,5669,0,5669,0,15368659,0,15368659,0,2711.0,2711.0,,,0.0,1390-10-05
2011-12-31,2,0,2,0,15254,0,15254,0,41353594,0,41353594,0,2711.0,2711.0,,,0.0,1390-10-10
2012-01-01,3,0,11,0,38504,0,38504,0,104349776,0,104349776,0,2710.1022231456477,2710.1022231456477,,,0.0,1390-10-11
2012-01-03,25,0,25,0,334446,0,334446,0,925988942,0,925988942,0,2768.7248225423536,2768.7248225423536,,,0.0,1390-10-13
2012-01-04,9,1,6,0,33300,350,33650,0,90034162,995400,91029562,0,2703.7285885885885,2705.187578008916,2844.0,,-350.0,1390-10-14
2012-01-07,12,0,9,0,84654,0,84654,0,228698684,0,228698684,0,2701.569730904624,2701.569730904624,,,0.0,1390-10-17
2012-01-08,2,0,2,0,22794,0,22794,0,61201890,0,61201890,0,2685.0,2685.0,,,0.0,1390-10-18
2012-01-09,7,0,11,0,119980,0,119980,0,322670795,0,322670795,0,2689.371520253376,2689.371520253376,,,0.0,1390-10-19
2012-01-10,13,1,21,1,223474,37547,102419,158602,633651837,106646533,290714390,449583980,2835.461114044587,2838.481043556372,2840.347644285828,2834.6677847694227,121055.0,1390-10-20
2012-01-11,7,1,8,1,62425,200000,94657,167768,180973072,575161756,274607628,481527200,2899.048009611534,2901.0810399653487,2875.80878,2870.196938629536,-32232.0,1390-10-21
2012-01-15,24,1,9,2,1078577,200000,98577,1180000,3154837725,585000000,288337725,3451500000,2925.0,2925.0,2925.0,2925.0,980000.0,1390-10-25
2012-01-16,8,1,6,1,505279,250000,55279,700000,1537058718,760500000,168158718,2129400000,3042.0,3042.0,3042.0,3042.0,450000.0,1390-10-26
2012-01-17,55,5,20,1,698778,2900821,799599,2800000,2160529310,9024536582,2468665892,8716400000,3091.867960926074,3087.379914181984,3111.028423332567,3113.0,-100821.0,1390-10-27
2012-01-18,33,1,37,0,293994,101000,394994,0,908908573,310396508,1219305081,0,3091.5888521534453,3086.895195876393,3073.232752475248,,-101000.0,1390-10-28
2012-01-21,15,1,16,1,83149,160000,234032,9117,259370761,500966931,732522525,27815167,3119.349132280605,3130.010105455664,3131.04331875,3050.912251837228,-150883.0,1390-11-01
2012-01-23,10,0,8,0,74064,0,74064,0,221057753,0,221057753,0,2984.6855827392524,2984.6855827392524,,,0.0,1390-11-03
2012-01-25,13,1,17,0,89751,61230,150981,0,268069852,182320480,450390332,0,2986.817439360007,2983.092786509561,2977.633186346562,,-61230.0,1390-11-05
2012-01-28,9,1,23,2,48480,370494,417124,1850,144671310,1102043228,1241177838,5536700,2984.144183168317,2975.560835626816,2974.5238195490347,2992.810810810811,-368644.0,1390-11-08
2012-01-29,6,1,11,0,18798,104002,122800,0,55055351,304667856,359723207,0,2928.7876901798063,2929.342076547231,2929.442279956155,,-104002.0,1390-11-09
2012-01-30,1,1,17,2,2000,500000,322072,179928,5832000,1458000000,939161952,524670048,2916.0,2916.0,2916.0,2916.0,-320072.0,1390-11-10
2012-01-31,10,1,6,1,84375,113022,16763,180634,242156250,324373140,48109810,518419580,2870.0,2870.0,2870.0,2870.0,67612.0,1390-11-11
2012-02-01,4,1,3,1,9055,98045,54000,53100,25922150,279722385,154113000,151531535,2862.744340143567,2853.9444444444443,2853.0,2853.7012241054613,-44945.0,1390-11-12
2012-02-04,4,2,19,0,17630,81109,98739,0,50159240,233194102,283353342,0,2845.107203630176,2869.720596724698,2875.0706086870755,,-81109.0,1390-11-15
2012-02-05,3,2,10,1,220,1075914,76134,1000000,645230,3119877860,220523090,2900000000,2932.8636363636365,2896.5125962119423,2899.7465039027284,2900.0,-75914.0,1390-11-16
2012-02-06,1,2,4,1,2000,1802109,22400,1781709,5800000,5226116100,64960000,5166956100,2900.0,2900.0,2900.0,2900.0,-20400.0,1390-11-17
2012-02-07,4,0,5,0,6111,0,6111,0,17085069,0,17085069,0,2795.78939617084,2795.78939617084,,,0.0,1390-11-18
2012-02-08,2,1,5,0,7410,9644,17054,0,20652770,26865072,47517842,0,2787.148448043185,2786.3165239826435,2785.67731231854,,-9644.0,1390-11-19
2012-02-12,3,2,6,0,1360,8013,9373,0,3909098,22300179,26209277,0,2874.336764705882,2796.252747252747,2783.0,,-8013.0,1390-11-23
2012-02-13,2,2,5,0,4140,20307,24447,0,11526290,56554995,68081285,0,2784.128019323672,2784.852333619667,2785.0,,-20307.0,1390-11-24
2012-02-14,1,2,5,0,1,16000,16001,0,2870,44480000,44482870,0,2870.0,2780.00562464846,2780.0,,-16000.0,1390-11-25
2012-02-15,2,1,8,0,358,32270,32628,0,1002100,89678330,90680430,0,2799.1620111731845,2779.221221037146,2779.0,,-32270.0,1390-11-26
2012-02-18,0,2,13,0,0,109174,109174,0,0,306701003,306701003,0,,2809.2861212376574,2809.2861212376574,,-109174.0,1390-11-29
2012-02-19,5,1,5,0,6004,44229,50233,0,16767104,127319700,144086804,0,2792.655562958028,2868.369478231441,2878.647493725836,,-44229.0,1390-11-30
2012-02-20,0,1,5,0,0,60496,60496,0,0,168633511,168633511,0,,2787.515058846866,2787.515058846866,,-60496.0,1390-12-01
2012-02-21,1,1,3,0,2701,9513,12214,0,7481770,26637115,34118885,0,2770.0,2793.4243491075813,2800.0751603069484,,-9513.0,1390-12-02
2012-02-22,1,1,1,0,890,3610,4500,0,2474200,10035800,12510000,0,2780.0,2780.0,2780.0,,-3610.0,1390-12-03
2012-02-25,1,1,5,0,5000,5698,10698,0,13855000,15947158,29802158,0,2771.0,2785.769115722565,2798.729027729028,,-5698.0,1390-12-06
2012-02-26,0,1,2,1,0,20262,10262,10000,0,58273512,29513512,28760000,,2876.0,2876.0,2876.0,-10262.0,1390-12-07
2012-02-27,1,1,10,2,10000,610296,69707,550589,29749871,1824277336,207215508,1646811699,2974.9871,2972.664266142568,2989.1681020357337,2991.0,-59707.0,1390-12-08
2012-02-28,9,0,7,0,49351,0,49351,0,146786041,0,146786041,0,2974.327592146056,2974.327592146056,,,0.0,1390-12-09
2012-02-29,6,0,5,1,14475,0,4475,10000,42349824,0,13019824,29330000,2925.7218652849742,2909.457877094972,,2933.0,10000.0,1390-12-10
2012-03-03,3,0,5,0,7505,0,7505,0,22002040,0,22002040,0,2931.6508994004,2931.6508994004,,,0.0,1390-12-13
2012-03-04,2,0,2,0,2,0,2,0,5939,0,5939,0,2969.5,2969.5,,,0.0,1390-12-14
2012-03-05,3,1,4,1,7195,38959,16154,30000,21232630,114266747,47509377,87990000,2951.0257123002084,2941.028661631794,2933.0,2933.0,-8959.0,1390-12-15
2012-03-06,4,1,6,0,7237,2720,9957,0,21464480,7977760,29442240,0,2965.936161392842,2956.938836999096,2933.0,,-2720.0,1390-12-16
2012-03-07,0,1,9,0,0,91823,91823,0,0,269316859,269316859,0,,2933.0,2933.0,,-91823.0,1390-12-17
2012-03-10,3,1,3,0,14054,2312,16366,0,41890112,6781096,48671208,0,2980.654048669418,2973.9220334840525,2933.0,,-2312.0,1390-12-20
2012-03-11,6,1,6,1,13175,702900,105580,610495,38960202,2062308600,310056472,1791212330,2957.131081593928,2936.697025951885,2934.0,2934.032760301068,-92405.0,1390-12-21
2012-03-12,1,2,9,0,320,29267,29587,0,959680,87618443,88578123,0,2999.0,2993.819008348261,2993.7623603375814,,-29267.0,1390-12-22
2012-03-13,1,1,4,0,21260,35500,56760,0,62766140,104192500,166958640,0,2952.3113828786454,2941.484143763213,2935.0,,-35500.0,1390-12-23
2012-03-14,6,1,4,0,25143,8211,33354,0,75297264,24099285,99396549,0,2994.7605297697173,2980.048839719374,2935.0,,-8211.0,1390-12-24
2012-03-17,10,2,14,2,27841,307773,121530,214084,84985987,939630969,371018504,653598452,3052.547932904709,3052.896437093721,3053.0,3053.0,-93689.0,1390-12-27
2012-03-18,1,0,5,0,37584,0,37584,0,115946640,0,115946640,0,3085.0,3085.0,,,0.0,1390-12-28
2012-03-24,1,0,0,1,10000,0,0,10000,30880000,0,0,30880000,3088.0,,,3088.0,10000.0,1391-01-05
2012-03-25,2,0,4,0,34807,0,34807,0,107518823,0,107518823,0,3089.0,3089.0,,,0.0,1391-01-06
2012-03-26,1,0,0,1,1000,0,0,1000,3092000,0,0,3092000,3092.0,,,3092.0,1000.0,1391-01-07
2012-03-27,1,0,1,0,2290,0,2290,0,7080680,0,7080680,0,3092.0,3092.0,,,0.0,1391-01-08
2012-03-28,1,0,2,0,61,0,61,0,188612,0,188612,0,3092.0,3092.0,,,0.0,1391-01-09
2012-04-02,2,0,3,0,8228,0,8228,0,26453020,0,26453020,0,3215.0,3215.0,,,0.0,1391-01-14
2012-04-03,4,0,12,2,58484,0,56484,2000,201550719,0,194870719,6680000,3446.254001094316,3450.016270094186,,3340.0,2000.0,1391-01-15
2012-04-04,1,0,7,0,18298,0,18298,0,65561734,0,65561734,0,3583.0,3583.0,,,0.0,1391-01-16
2012-04-07,2,0,4,1,56989,0,15989,41000,219214551,0,60577551,158637000,3846.611644352419,3788.701669898055,,3869.1951219512193,41000.0,1391-01-19
2012-04-08,9,0,7,0,59642,0,59642,0,238568000,0,238568000,0,4000.0,4000.0,,,0.0,1391-01-20
2012-04-09,1,0,5,0,17548,0,17548,0,70332384,0,70332384,0,4008.0,4008.0,,,0.0,1391-01-21
2012-04-10,3,0,6,0,26439,0,26439,0,106020390,0,106020390,0,4010.0,4010.0,,,0.0,1391-01-22
2012-04-11,6,0,6,0,88150,0,88150,0,353745950,0,353745950,0,4013.0,4013.0,,,0.0,1391-01-23
2012-04-14,2,0,3,0,5560,0,5560,0,22373440,0,22373440,0,4024.0,4024.0,,,0.0,1391-01-26
2012-04-15,1,0,3,0,13685,0,13685,0,55082125,0,55082125,0,4025.0,4025.0,,,0.0,1391-01-27
2012-04-16,86,7,55,2,1862513,1700000,762487,2800026,7456254874,6838076597,3054679882,11239651589,4003.330378902053,4006.2058526899473,4022.397998235294,4014.124007777071,1100026.0,1391-01-28
2012-04-17,52,2,34,2,924906,180000,504906,600000,3858453354,750717282,2105970636,2503200000,4171.724860688546,4171.0152701691,4170.651566666666,4172.0,420000.0,1391-01-29
2012-04-18,2,1,13,1,21900,396484,96384,322000,94520400,1711224944,415993344,1389752000,4316.0,4316.0,4316.0,4316.0,-74484.0,1391-01-30
2012-04-21,3,0,5,0,40661,0,40661,0,177769892,0,177769892,0,4372.0,4372.0,,,0.0,1391-02-02
2012-04-22,2,0,10,0,50124,0,50124,0,219392748,0,219392748,0,4377.0,4377.0,,,0.0,1391-02-03
2012-04-23,1,0,4,0,20731,0,20731,0,90884704,0,90884704,0,4384.0,4384.0,,,0.0,1391-02-04
2012-04-24,1,0,1,0,2807,0,2807,0,12314309,0,12314309,0,4387.0,4387.0,,,0.0,1391-02-05
2012-04-28,3,0,4,0,21800,0,21800,0,95636600,0,95636600,0,4387.0,4387.0,,,0.0,1391-02-09
2012-04-29,6,0,10,0,30035,0,30035,0,131853650,0,131853650,0,4390.0,4390.0,,,0.0,1391-02-10
2012-04-30,0,1,2,0,0,60,60,0,0,263700,263700,0,,4395.0,4395.0,,-60.0,1391-02-11
2012-05-01,1,3,6,0,19932,2940,22872,0,87601140,12921300,100522440,0,4395.0,4395.0,4395.0,,-2940.0,1391-02-12
2012-05-02,3,0,3,0,48131,0,48131,0,211680138,0,211680138,0,4398.0,4398.0,,,0.0,1391-02-13
2012-05-05,10,2,9,0,58673,60000,118673,0,258395892,264240000,522635892,0,4404.0,4404.0,4404.0,,-60000.0,1391-02-16
2012-05-06,2,0,9,0,70667,0,70667,0,312418807,0,312418807,0,4421.0,4421.0,,,0.0,1391-02-17
2012-05-07,1,0,6,0,7399,0,7399,0,32777570,0,32777570,0,4430.0,4430.0,,,0.0,1391-02-18
2012-05-08,0,2,13,0,0,83728,83728,0,0,370998768,370998768,0,,4431.0,4431.0,,-83728.0,1391-02-19
2012-05-09,1,0,2,0,4500,0,4500,0,19989000,0,19989000,0,4442.0,4442.0,,,0.0,1391-02-20
2012-05-12,29,2,43,2,465864,372301,678165,160000,2068871376,1653733343,3011924719,710680000,4440.934212559889,4441.285998245265,4441.925600522158,4441.75,-212301.0,1391-02-23
2012-05-13,35,3,71,5,501202,742911,584103,660010,2249418191,3304275347,2594294198,2959399340,4488.047116731378,4441.501238651403,4447.740505928705,4483.870456508234,-82901.0,1391-02-24
2012-05-14,21,2,25,1,251027,194147,395174,50000,1163678319,899084027,1830762346,232000000,4635.66994387058,4632.800604290768,4630.944732599525,4640.0,-144147.0,1391-02-25
2012-05-15,20,3,17,1,233739,151000,284739,100000,1094945587,687200000,1326798587,455347000,4684.479641822717,4659.7009436712215,4550.993377483444,4553.47,-51000.0,1391-02-26
2012-05-16,58,5,42,1,320420,587414,808834,99000,1498361347,2708253254,3737651601,468963000,4676.2416422195865,4621.03670345213,4610.467666756325,4737.0,-488414.0,1391-02-27
2012-05-28,16,1,13,1,86429,50000,96429,40000,370637589,214798000,413595589,171840000,4288.347533813882,4289.120378724243,4295.96,4296.0,-10000.0,1391-03-08
2012-05-29,18,1,15,1,60946,74770,132106,3610,256586184,318909700,559980104,15515780,4210.057821678207,4238.869574432652,4265.209308546208,4298.0,-71160.0,1391-03-09
2012-05-30,9,0,9,0,20251,0,20251,0,81529462,0,81529462,0,4025.9474593847217,4025.9474593847217,,,0.0,1391-03-10
2012-06-02,15,1,12,0,62784,24225,87009,0,251119158,96681975,347801133,0,3999.731746941896,3997.300658552564,3991.0,,-24225.0,1391-03-13
2012-06-05,6,0,6,0,34292,0,34292,0,136542160,0,136542160,0,3981.749679225475,3981.749679225475,,,0.0,1391-03-16
2012-06-06,3,0,1,0,1600,0,1600,0,6361600,0,6361600,0,3976.0,3976.0,,,0.0,1391-03-17
2012-06-10,12,2,28,6,64482,2858703,458613,2464572,256385432,11366203128,1823448288,9799140272,3976.077541019199,3976.006541463064,3976.0,3976.000811499928,-394131.0,1391-03-21
2012-06-11,2,1,12,1,4403,235495,39898,200000,17251140,935591692,157642832,795200000,3918.0422439245967,3951.146222868314,3972.8728508036265,3976.0,-35495.0,1391-03-22
2012-06-12,2,1,6,0,7120,12040,19160,0,27219340,47630200,74849540,0,3822.941011235955,3906.5521920668057,3955.996677740864,,-12040.0,1391-03-23
2012-06-13,0,1,2,0,0,1844,1844,0,0,7328056,7328056,0,,3974.0,3974.0,,-1844.0,1391-03-24
2012-06-16,1,1,9,0,2168,76479,78647,0,8346800,303217550,311564350,0,3850.0,3961.554159726372,3964.716458112685,,-76479.0,1391-03-27
2012-06-17,2,1,3,0,3300,1622,4922,0,12589500,6189552,18779052,0,3815.0,3815.329540837058,3816.0,,-1622.0,1391-03-28
2012-06-19,2,1,7,1,4810,62339,17149,50000,19239920,249105511,68395431,199950000,3999.983367983368,3988.3043326141465,3995.981825181668,3999.0,-12339.0,1391-03-30
2012-06-23,3,1,8,0,5219,130846,136065,0,19917485,499177490,519094975,0,3816.341253113623,3815.0514460000736,3815.0,,-130846.0,1391-04-03
2012-06-24,3,1,4,0,4582,20592,25174,0,17409774,78208416,95618190,0,3799.6014840680928,3798.291491221101,3798.0,,-20592.0,1391-04-04
2012-06-25,1,1,6,0,2000,7682,9682,0,7590000,29153190,36743190,0,3795.0,3795.0,3795.0,,-7682.0,1391-04-05
2012-06-26,1,1,2,1,20,100000,2410,97610,75900,379400000,9143560,370332340,3795.0,3794.008298755187,3794.0,3794.0,-2390.0,1391-04-06
2012-06-27,1,0,1,0,111,0,111,0,419913,0,419913,0,3783.0,3783.0,,,0.0,1391-04-07
2012-06-30,3,1,8,1,2435,234877,33087,204225,9211605,888539691,125168121,772583175,3783.0,3783.0,3783.0,3783.0,-30652.0,1391-04-10
2012-07-01,4,0,4,0,9987,0,9987,0,37535010,0,37535010,0,3758.386902973866,3758.386902973866,,,0.0,1391-04-11
2012-07-02,23,1,16,1,208417,13000,71417,150000,788934199,48802000,274636199,563100000,3785.3639530364608,3845.529761821415,3754.0,3754.0,137000.0,1391-04-12
2012-07-03,7,0,9,0,35837,0,35837,0,135024627,0,135024627,0,3767.743589028099,3767.743589028099,,,0.0,1391-04-13
2012-07-04,18,0,4,0,16430,0,16430,0,61485193,0,61485193,0,3742.251552038953,3742.251552038953,,,0.0,1391-04-14
2012-07-07,1,0,1,0,22,0,22,0,82016,0,82016,0,3728.0,3728.0,,,0.0,1391-04-17
2012-07-08,1,0,1,0,500,0,500,0,1864000,0,1864000,0,3728.0,3728.0,,,0.0,1391-04-18
2012-07-09,2,1,27,0,10312,49245,59557,0,38443136,183585360,222028496,0,3728.0,3728.0,3728.0,,-49245.0,1391-04-19
2012-07-10,5,0,10,0,58402,0,58402,0,218344804,0,218344804,0,3738.652854354303,3738.652854354303,,,0.0,1391-04-20
2012-07-11,9,0,16,1,107412,0,100912,6500,422830092,0,396674092,26156000,3936.5256395933416,3930.891192325987,,4024.0,6500.0,1391-04-21
2012-07-14,3,1,5,0,16000,75230,91230,0,64166000,302280960,366446960,0,4010.375,4016.7374767072233,4018.090655323674,,-75230.0,1391-04-24
2012-07-15,12,0,16,0,79050,0,79050,0,315146080,0,315146080,0,3986.667678684377,3986.667678684377,,,0.0,1391-04-25
2012-07-16,6,0,3,0,20640,0,20640,0,77564680,0,77564680,0,3757.9786821705434,3757.9786821705434,,,0.0,1391-04-26
2012-07-17,2,0,1,0,1000,0,1000,0,3735250,0,3735250,0,3735.25,3735.25,,,0.0,1391-04-27
2012-07-18,3,0,4,0,4442,0,4442,0,17075304,0,17075304,0,3844.0576316974334,3844.0576316974334,,,0.0,1391-04-28
2012-07-21,8,0,2,0,19508,0,19508,0,72872512,0,72872512,0,3735.519376665983,3735.519376665983,,,0.0,1391-04-31
2012-07-22,0,1,5,0,0,20419,20419,0,0,76672407,76672407,0,,3754.954062392869,3754.954062392869,,-20419.0,1391-05-01
2012-07-23,2,0,4,0,6179,0,6179,0,23503237,0,23503237,0,3803.728273183363,3803.728273183363,,,0.0,1391-05-02
2012-07-24,4,0,6,0,19635,0,19635,0,75924508,0,75924508,0,3866.794397759104,3866.794397759104,,,0.0,1391-05-03
2012-07-25,2,0,2,0,2200,0,2200,0,8340700,0,8340700,0,3791.227272727273,3791.227272727273,,,0.0,1391-05-04
2012-07-28,4,1,5,0,10500,2800,13300,0,39270414,10446800,49717214,0,3740.0394285714287,3738.136390977444,3731.0,,-2800.0,1391-05-07
2012-07-29,7,1,3,1,113650,2800,116250,200,431073150,10444000,440751050,766100,3792.988561372635,3791.40688172043,3730.0,3830.5,-2600.0,1391-05-08
2012-07-30,5,1,2,0,49670,1100,50770,0,184822070,4093100,188915170,0,3721.0,3721.0,3721.0,,-1100.0,1391-05-09
2012-07-31,7,1,8,3,59540,86254,104007,41787,222385057,320519864,387208998,155695923,3735.053023177696,3722.912861634313,3716.0,3725.941632565152,-44467.0,1391-05-10
2012-08-01,3,1,4,0,11783,7306,19089,0,43588317,27024894,70613211,0,3699.254604090639,3699.157158573,3699.0,,-7306.0,1391-05-11
2012-08-04,1,1,11,2,4000,350000,54000,300000,14788000,1293950000,199638000,1109100000,3697.0,3697.0,3697.0,3697.0,-50000.0,1391-05-14
2012-08-05,1,1,10,1,111,361509,111620,250000,405816,1321676904,408082720,914000000,3656.0,3656.0,3656.0,3656.0,-111509.0,1391-05-15
2012-08-06,3,1,11,1,1121,792581,65972,727730,4052415,2865180315,238488780,2630743950,3615.0,3615.0,3615.0,3615.0,-64851.0,1391-05-16
2012-08-07,1,1,3,1,5000,39981,3895,41086,17630000,140973006,13733770,144869236,3526.0,3526.0,3526.0,3526.0,1105.0,1391-05-17
2012-08-08,0,1,4,0,0,13747,13747,0,0,48403187,48403187,0,,3521.0,3521.0,,-13747.0,1391-05-18
2012-08-11,3,0,4,0,18729,0,18729,0,67002650,0,67002650,0,3577.481445886059,3577.481445886059,,,0.0,1391-05-21
2012-08-13,1,0,1,0,700,0,700,0,2462600,0,2462600,0,3518.0,3518.0,,,0.0,1391-05-23
2012-08-14,3,1,3,0,7802,5669,13471,0,27447436,19943542,47390978,0,3518.0,3518.0,3518.0,,-5669.0,1391-05-24
2012-08-15,0,1,4,0,0,17815,17815,0,0,62637540,62637540,0,,3516.0,3516.0,,-17815.0,1391-05-25
2012-08-18,0,1,2,0,0,5406,5406,0,0,18996684,18996684,0,,3514.0,3514.0,,-5406.0,1391-05-28
2012-08-25,4,0,3,0,8466,0,8466,0,29909058,0,29909058,0,3532.844082211198,3532.844082211198,,,0.0,1391-06-04
2012-08-26,1,0,1,0,8,0,8,0,28784,0,28784,0,3598.0,3598.0,,,0.0,1391-06-05
2012-08-27,3,0,3,0,3941,0,3941,0,13872320,0,13872320,0,3520.0,3520.0,,,0.0,1391-06-06
2012-09-02,1,0,1,0,500,0,500,0,1756000,0,1756000,0,3512.0,3512.0,,,0.0,1391-06-12
2012-09-03,35,0,22,1,183237,0,130847,52390,661697826,0,477535642,184162184,3611.158368670083,3649.572722339832,,3515.2163389959915,52390.0,1391-06-13
2012-09-04,18,1,11,1,123646,6000,52486,77160,452245074,22176000,191358764,283062310,3657.5794930689226,3645.901078382807,3696.0,3668.511016070503,71160.0,1391-06-14
2012-09-05,6,1,26,2,32870,193279,101379,124770,123839004,733177814,383143988,473872830,3767.538910860968,3779.3230156146737,3793.3651043310447,3797.970906467901,-68509.0,1391-06-15
2012-09-08,3,0,4,1,208693,0,8693,200000,797614470,0,33014470,764600000,3821.951239380334,3797.822385827677,,3823.0,200000.0,1391-06-18
2012-09-09,7,0,7,1,65268,0,44768,20500,239546499,0,160664499,78882000,3670.19824416253,3588.8245845246606,,3847.9024390243903,20500.0,1391-06-19
2012-09-10,5,2,6,1,11739,221298,33037,200000,45136455,850883917,127020372,769000000,3845.0,3844.7913551472593,3844.968851955282,3845.0,-21298.0,1391-06-20
2012-09-11,9,1,4,1,113500,100000,13500,200000,439683000,387388000,52271000,774800000,3873.859030837005,3871.925925925926,3873.88,3874.0,100000.0,1391-06-21
2012-09-15,5,0,4,0,24983,0,24983,0,97433700,0,97433700,0,3900.0,3900.0,,,0.0,1391-06-25
2012-09-16,10,0,8,1,159087,0,47887,111200,620916561,0,186902961,434013600,3903.0,3903.0,,3903.0,111200.0,1391-06-26
2012-09-17,21,0,3,1,296699,0,14699,282000,1163653478,0,57649478,1106004000,3922.0,3922.0,,3922.0,282000.0,1391-06-27
2012-09-18,10,1,5,1,237136,50000,130136,157000,938821424,197950000,515208424,621563000,3959.0,3959.0,3959.0,3959.0,107000.0,1391-06-28
2012-09-19,0,1,3,2,0,15541,7000,8541,0,62070754,27958000,34112754,,3994.0,3994.0,3994.0,-7000.0,1391-06-29
2012-09-22,1,1,5,0,5000,30706,35706,0,19980000,122701176,142681176,0,3996.0,3996.0,3996.0,,-30706.0,1391-07-01
2012-09-23,29,4,2,2,508732,289740,12472,786000,2034928000,1158960000,49888000,3144000000,4000.0,4000.0,4000.0,4000.0,496260.0,1391-07-02
2012-09-24,29,2,19,1,292257,150000,228899,213358,1193894607,610769846,931978603,872685850,4085.0847267986737,4071.571317480636,4071.798973333333,4090.2419876451786,63358.0,1391-07-03
2012-09-25,23,0,7,2,718221,0,174095,544126,2895323176,0,705266320,2190056856,4031.242717770714,4051.0429363278663,,4024.907569202721,544126.0,1391-07-04
2012-09-26,17,2,27,2,157186,30000,149670,37516,641175020,122872000,612142810,151904210,4079.084778542618,4089.949956571123,4095.733333333333,4049.051338095746,7516.0,1391-07-05
2012-09-29,23,1,23,2,398556,700,334104,65152,1650871074,2835000,1381722234,271983840,4142.130777105351,4135.605182817327,4050.0,4174.604616895875,64452.0,1391-07-08
2012-09-30,23,0,21,1,240350,0,205502,34848,1001767908,0,855754788,146013120,4167.954682754316,4164.216348259384,,4190.0,34848.0,1391-07-09
2012-10-01,12,0,11,0,25371,0,25371,0,102996752,0,102996752,0,4059.6252414173664,4059.6252414173664,,,0.0,1391-07-10
2012-10-02,5,0,3,0,33632,0,33632,0,134311768,0,134311768,0,3993.5706470028554,3993.5706470028554,,,0.0,1391-07-11
2012-10-03,19,0,13,0,67442,0,67442,0,274131590,0,274131590,0,4064.701373031642,4064.701373031642,,,0.0,1391-07-12
2012-10-06,7,0,7,0,29477,0,29477,0,115715757,0,115715757,0,3925.628693557689,3925.628693557689,,,0.0,1391-07-15
2012-10-07,10,0,11,0,37953,0,37953,0,149153725,0,149153725,0,3929.958764788027,3929.958764788027,,,0.0,1391-07-16
2012-10-08,14,2,14,2,88924,254009461,98385,254000000,350855663,1014767165868,388021531,1014730000000,3945.567709504746,3943.909447578391,3994.9975165216383,3995.0,-9461.0,1391-07-17
2012-10-09,10,1,10,3,53767,50253211,50767,50256211,217851335,200761577945,205701335,200773727945,4051.766604050812,4051.870998877224,3995.0,3995.0032831762815,3000.0,1391-07-18
2012-10-10,7,0,8,0,11887,0,11887,0,48013987,0,48013987,0,4039.201396483553,4039.201396483553,,,0.0,1391-07-19
2012-10-13,3,0,2,0,6000,0,6000,0,23865500,0,23865500,0,3977.5833333333335,3977.5833333333335,,,0.0,1391-07-22
2012-10-14,2,0,2,0,12500,0,12500,0,50210000,0,50210000,0,4016.8,4016.8,,,0.0,1391-07-23
2012-10-15,2,0,24,1,273263,0,127016,146247,1132993580,0,525483542,607510038,4146.16534254546,4137.144469988033,,4154.0,146247.0,1391-07-24
2012-10-16,5,0,8,2,55886,0,25886,30000,234050568,0,108410568,125640000,4188.0,4188.0,,4188.0,30000.0,1391-07-25
2012-10-17,1,0,6,0,15550,0,15550,0,65232250,0,65232250,0,4195.0,4195.0,,,0.0,1391-07-26
2012-10-20,0,1,2,0,0,7500,7500,0,0,31477500,31477500,0,,4197.0,4197.0,,-7500.0,1391-07-29
2012-10-21,2,0,5,0,9106,0,9106,0,38226988,0,38226988,0,4198.0,4198.0,,,0.0,1391-07-30
2012-11-10,91,3,60,2,839867,210000,849867,200000,4767375500,1197666790,4828000234,1137042056,5676.345778557796,5680.8891673638345,5703.17519047619,5685.21028,-10000.0,1391-08-20
2012-11-11,48,0,50,0,296765,0,296765,0,1629265071,0,1629265071,0,5490.08498643708,5490.08498643708,,,0.0,1391-08-21
2012-11-12,29,0,21,3,217730,0,203258,14472,1199042235,0,1119197459,79844776,5507.014352638589,5506.289833610485,,5517.190160309563,14472.0,1391-08-22
2012-11-13,41,0,36,0,409293,0,409293,0,2284766324,0,2284766324,0,5582.226727552144,5582.226727552144,,,0.0,1391-08-23
2012-11-14,15,0,29,0,162239,0,162239,0,896762240,0,896762240,0,5527.414739982371,5527.414739982371,,,0.0,1391-08-24
2012-11-17,23,0,23,0,166915,0,166915,0,897865003,0,897865003,0,5379.175047179702,5379.175047179702,,,0.0,1391-08-27
2012-11-18,19,1,18,0,55908,244,56152,0,299327400,1305400,300632800,0,5353.927881519639,5353.910813506198,5350.0,,-244.0,1391-08-28
2012-11-19,9,0,9,0,23035,0,23035,0,123265886,0,123265886,0,5351.243151725635,5351.243151725635,,,0.0,1391-08-29
2012-11-20,7,1,9,0,9931,55543,65474,0,52970385,296099733,349070118,0,5333.84200986809,5331.431071875859,5331.0,,-55543.0,1391-08-30
2012-11-21,28,0,15,1,153878,0,81878,72000,826604385,0,442468836,384135549,5371.816536476949,5404.001514448326,,5335.215958333333,72000.0,1391-09-01
2012-11-26,20,4,44,2,260663,350596,600170,11089,1450851897,1957807526,3344998563,63660860,5566.006287812233,5573.4184697669,5584.226648335976,5740.901794571197,-339507.0,1391-09-06
2012-11-27,27,1,34,1,373611,100000,448842,24769,2153483789,575732110,2586323538,142892361,5763.973194044072,5762.213736682396,5757.3211,5769.0,-75231.0,1391-09-07
2012-11-28,1,1,11,0,10000,108550,118550,0,58530000,635343150,693873150,0,5853.0,5853.0,5853.0,,-108550.0,1391-09-08
2012-12-01,1,0,6,0,16126,0,16126,0,94724124,0,94724124,0,5874.0,5874.0,,,0.0,1391-09-11
2012-12-02,2,0,3,1,110103,0,174,109929,647185434,0,1022772,646162662,5878.0,5878.0,,5878.0,109929.0,1391-09-12
2012-12-03,2,0,5,0,28884,0,28884,0,170357832,0,170357832,0,5898.0,5898.0,,,0.0,1391-09-13
2012-12-04,1,0,7,0,6590,0,6590,0,38907360,0,38907360,0,5904.0,5904.0,,,0.0,1391-09-14
2012-12-05,1,0,1,0,100,0,100,0,590500,0,590500,0,5905.0,5905.0,,,0.0,1391-09-15
2012-12-08,1,0,3,0,10240,0,10240,0,60467200,0,60467200,0,5905.0,5905.0,,,0.0,1391-09-18
2012-12-09,1,0,3,0,13134,0,13134,0,77582538,0,77582538,0,5907.0,5907.0,,,0.0,1391-09-19
2012-12-10,107,12,10,1,2060023,1079633,239656,2900000,12172675907,6379551397,1416127304,17136100000,5909.0,5909.0,5909.0,5909.0,1820367.0,1391-09-20
2012-12-11,165,12,63,5,2966201,1323500,1235707,3053994,18226670222,8132450860,7592331740,18766789342,6144.785947412195,6144.119714463056,6144.654975443898,6144.998759657026,1730494.0,1391-09-21
2012-12-12,114,9,73,5,2261266,1483174,1118478,2625962,13961491167,9218517420,6917664772,16262343815,6174.192318373866,6184.891228973659,6215.398476510511,6192.909042476624,1142788.0,1391-09-22
2012-12-15,32,1,22,2,347906,26426,372048,2284,2076166479,158032250,2220055540,14143189,5967.607569285957,5967.121285425536,5980.180504049043,6192.289404553415,-24142.0,1391-09-25
2012-12-16,35,6,50,0,302954,379002,681956,0,1810783714,2281268907,4092052621,0,5977.091287786265,6000.464283619471,6019.147410831605,,-379002.0,1391-09-26
2012-12-17,50,3,37,1,450906,110000,556650,4256,2730847808,670450000,3374914864,26382944,6056.357218577708,6062.902836611875,6095.0,6199.0,-105744.0,1391-09-27
2012-12-18,72,2,80,5,1025606,78157,810364,293399,6420371749,491702022,5086497547,1825576224,6260.076236878489,6276.805913145204,6291.20900239262,6222.162393191524,215242.0,1391-09-28
2012-12-19,285,18,63,7,5000526,3392669,1126103,7267092,32414770235,21991010966,7298685786,47107095415,6482.272111973821,6481.366079301804,6481.920566374144,6482.2483897272805,3874423.0,1391-09-29
2012-12-22,221,9,64,5,6378570,15073120,827344,20624346,42920902801,101606179905,5521167911,139005914795,6728.922438885204,6673.364297075944,6740.885755901897,6739.894433258635,5551226.0,1391-10-02
2012-12-23,296,19,18,3,13838209,4770000,308209,18300000,96950492254,33418620000,2159312254,128209800000,7006.0,7006.0,7006.0,7006.0,13530000.0,1391-10-03
2012-12-24,58,5,4,1,816170,185000,1170,1000000,5946614620,1347910000,8524620,7286000000,7286.0,7286.0,7286.0,7286.0,815000.0,1391-10-04
2012-12-25,346,22,15,1,8464346,1996779,461125,10000000,63609560190,15005794185,3465354375,75150000000,7515.0,7515.0,7515.0,7515.0,8003221.0,1391-10-05
2012-12-26,500,17,7,1,8232465,1785450,17915,10000000,64336713975,13953291750,140005725,78150000000,7815.0,7815.0,7815.0,7815.0,8214550.0,1391-10-06
2013-01-23,512,45,961,33,13729796,17240777,24955444,6015129,131762308138,165961614693,240309791258,57414131573,9596.814704166034,9629.55382633144,9626.10993071832,9544.954326499066,-11225648.0,1391-11-04
2013-01-26,282,31,247,12,4504020,6219199,7012632,3710587,42991653966,59026086802,66388971744,35628769024,9545.173859352311,9467.05484388743,9490.946792665743,9601.92255942254,-2508612.0,1391-11-07
2013-01-27,69,13,171,5,1024708,4366000,4808628,582080,9359870723,39879144000,43922296003,5316718720,9134.18332149256,9134.059861357544,9134.022904260191,9134.0,-3783920.0,1391-11-08
2013-01-28,131,21,188,8,2232273,2564612,3802394,994491,19902943725,23027639475,33927227989,9003355211,8915.998950397196,8922.596655948857,8978.995448434305,9053.229452051351,-1570121.0,1391-11-09
2013-01-30,82,23,134,1,1197960,3420812,4318772,300000,10367949225,29729719545,37472315501,2625353269,8654.670627566864,8676.613514443457,8690.83701325884,8751.177563333333,-3120812.0,1391-11-11
2013-02-02,62,7,73,3,623326,606212,1145715,83823,5452644545,5259757498,9970768855,741633188,8747.661007241797,8702.660657318793,8676.432498861785,8847.609701394606,-522389.0,1391-11-14
2013-02-03,45,5,83,1,247909,359006,580665,26250,2136431015,3117216180,5030457829,223189366,8617.803367364639,8663.270265988134,8682.908307939144,8502.452038095238,-332756.0,1391-11-15
2013-02-04,27,7,74,1,130580,1023320,1103900,50000,1095244398,8570766214,9247438562,418572050,8387.535595037525,8377.061837122928,8375.450703592229,8371.441,-973320.0,1391-11-16
2013-02-05,25,3,31,1,283267,74883,258150,100000,2465067810,654470295,2245338105,874200000,8702.276685953535,8697.80400929692,8739.904851568446,8742.0,25117.0,1391-11-17
2013-02-06,40,1,11,2,1176000,100000,81603,1194397,10384080000,883000000,720554490,10546525510,8830.0,8830.0,8830.0,8830.0,1094397.0,1391-11-18
2013-02-09,323,38,99,11,7149581,5433500,4194001,8389080,65651307976,49892800266,38507822490,77036285752,9182.539225165783,9181.643611911397,9182.442305328055,9182.92420050828,2955580.0,1391-11-21
2013-02-11,125,13,120,6,1391272,794899,2049592,136579,12935365241,7422171209,19085990115,1271546335,9297.509934074717,9312.092414002396,9337.250655743686,9309.969578046406,-658320.0,1391-11-23
2013-02-12,72,11,129,3,685808,1589538,2152346,123000,6264698418,14562060147,19713965815,1112792750,9134.77010766862,9159.292146801676,9161.190325113335,9047.095528455284,-1466538.0,1391-11-24
2013-02-13,54,8,104,3,246614,1028455,1118069,157000,2184946823,9284057774,10056151149,1412853448,8859.784209331181,8994.213370552265,9027.189107933746,8999.0665477707,-871455.0,1391-11-25
2013-02-16,55,3,67,3,387160,405000,612160,180000,3522746461,3694946042,5569615613,1648076890,9098.942197024486,9098.300465564558,9123.323560493827,9155.982722222225,-225000.0,1391-11-28
2013-02-17,86,7,45,0,447595,300500,748095,0,3963025496,2675137000,6638162496,0,8854.043266792525,8873.42181942133,8902.28618968386,,-300500.0,1391-11-29
2013-02-18,44,9,55,2,255078,834896,1009974,80000,2236474917,7302073233,8836348150,702200000,8767.807952861478,8749.084778420038,8746.087216850961,8777.5,-754896.0,1391-11-30
2013-02-19,77,9,77,4,567487,1435666,1558586,444567,4892824108,12361195791,13395427388,3858592511,8621.913996267756,8594.602664209739,8610.077685896302,8679.439794226742,-991099.0,1391-12-01
2013-02-20,69,8,63,2,234716,595966,785682,45000,2036573462,5219671295,6859175333,397069424,8676.75600299937,8730.218247331617,8758.337379984765,8823.764977777777,-550966.0,1391-12-02
2013-02-23,40,5,36,1,135952,364139,495091,5000,1151351377,3092205648,4201057025,42500000,8468.807939566906,8485.423942265159,8491.82770315731,8500.0,-359139.0,1391-12-05
2013-02-24,38,9,43,4,216034,1020000,836034,400000,1786397728,8433360000,6912495524,3307262204,8269.05824083246,8268.199049320961,8268.0,8268.15551,-620000.0,1391-12-06
2013-02-25,26,11,64,0,173189,1480000,1653189,0,1376764172,11763040000,13139804172,0,7949.489702001859,7948.156062011059,7948.0,,-1480000.0,1391-12-07
2013-02-26,121,6,70,0,851303,581100,1432403,0,6608290541,4551133942,11159424483,0,7762.559912275653,7790.701697078266,7831.929000172087,,-581100.0,1391-12-08
2013-02-27,62,5,52,5,595515,580000,794708,380807,4810378333,4698959068,6427580626,3081756775,8077.677863697808,8087.9777553516515,8101.653565517241,8092.699910978527,-199193.0,1391-12-09
2013-03-02,66,3,62,2,191245,469665,450910,210000,1490028611,3637207061,3500871029,1626364643,7791.202964783393,7764.01283848218,7744.258271321048,7744.593538095238,-259665.0,1391-12-12
2013-03-03,34,6,52,1,147386,444446,491832,100000,1120760807,3377119414,3738800221,759080000,7604.255539874886,7601.783171896094,7598.492086777696,7590.8,-344446.0,1391-12-13
2013-03-04,34,6,49,1,127944,427786,550230,5500,957180956,3195920898,4111384354,41717500,7481.249265303571,7472.119575450266,7470.840322030174,7585.0,-422286.0,1391-12-14
2013-03-05,8,3,6,0,15416,280000,295416,0,113052996,2052960000,2166012996,0,7333.4844317592115,7332.077463644488,7332.0,,-280000.0,1391-12-15
2013-03-06,27,3,43,0,245706,814269,1059975,0,1838984604,6060343890,7899328494,0,7484.492051476154,7452.37245595415,7442.680355017814,,-814269.0,1391-12-16
2013-03-09,16,2,25,0,25169,99484,124653,0,184298439,726976977,911275416,0,7322.437879931662,7310.497268417126,7307.47634795545,,-99484.0,1391-12-19
2013-03-10,17,2,33,1,74978,146546,171524,50000,560291057,1102757503,1284590060,378458500,7472.739430232868,7489.27298803666,7524.992173106056,7569.17,-96546.0,1391-12-20
2013-03-11,10,2,56,3,20308,608754,484062,145000,154570200,4684876860,3724728260,1114718800,7611.296040969076,7694.733856406824,7695.84571107541,7687.715862068965,-463754.0,1391-12-21
2013-03-12,28,3,30,0,127651,86796,214447,0,997380980,680444223,1677825203,0,7813.342472836092,7823.96211185048,7839.580429973732,,-86796.0,1391-12-22
2013-03-13,48,0,18,2,763854,0,613853,150001,6052015242,0,4863557319,1188457923,7923.0,7923.0,,7923.0,150001.0,1391-12-23
2013-03-16,34,5,38,2,99105,331662,420667,10100,774683329,2633583703,3326962032,81305000,7816.793592654256,7908.778278305643,7940.565102423551,8050.0,-321562.0,1391-12-26
2013-03-17,21,2,6,3,75364,13122,73486,15000,576166488,101224738,561952361,115438865,7645.115545883977,7647.066937920148,7714.124218869075,7695.924333333333,1878.0,1391-12-27
2013-03-18,29,2,41,4,121156,532109,270265,383000,961619624,4273157348,2156424222,3078352750,7937.036746013404,7978.925210441604,8030.605285759121,8037.47454308094,-149109.0,1391-12-28
2013-03-25,85,4,13,2,1356084,207000,383351,1179733,11171419992,1705266000,3158045538,9718640454,8238.0,8238.0,8238.0,8238.0,972733.0,1392-01-05
2013-03-26,129,6,61,5,1212832,796410,1085877,923365,10376446194,6797402532,9275156392,7898692334,8555.551134864516,8541.627082993746,8535.054220815911,8554.247057230888,126955.0,1392-01-06
2013-03-27,43,6,45,4,174545,533176,413219,294502,1497452705,4550831552,3532950436,2515333821,8579.178464006416,8549.825724373759,8535.327081489038,8540.97364703805,-238674.0,1392-01-07
2013-03-30,20,4,37,1,66638,379076,405835,39879,557899406,3177051578,3398400824,336550160,8372.091089168342,8373.84854435916,8381.041210733467,8439.282830562452,-339197.0,1392-01-10
2013-03-31,30,2,44,1,94566,206000,258843,41723,808205954,1770285652,2217963163,360528443,8546.474991011568,8568.7585254382,8593.619669902913,8641.0,-164277.0,1392-01-11
2013-04-03,24,4,23,1,41687,290000,231687,100000,349247051,2448052488,1964299539,833000000,8377.840837671216,8478.2466819459,8441.560303448276,8330.0,-190000.0,1392-01-14
2013-04-06,13,4,31,1,51954,126599,173008,5545,430568160,1048523804,1433229269,45862695,8287.488162605381,8284.179165125312,8282.243967171937,8271.0,-121054.0,1392-01-17
2013-04-07,12,5,29,0,53407,186312,239719,0,446934922,1574341318,2021276240,0,8368.470837156177,8431.85663214013,8450.026396582078,,-186312.0,1392-01-18
2013-04-08,43,7,44,1,202755,505678,525234,183199,1729529525,4296993085,4467739270,1558783340,8530.14487928781,8506.188232292654,8497.488688453917,8508.689130399183,-322479.0,1392-01-19
2013-04-09,164,10,65,7,1801120,382689,863809,1320000,15883651826,3372733985,7611045811,11645340000,8818.76378364573,8811.028608176113,8813.250406988442,8822.227272727272,937311.0,1392-01-20
2013-04-10,120,4,168,9,588699,2251619,2238382,601936,5307859931,20496054912,20304494473,5499420370,9016.254369380616,9071.058681225992,9102.807762769811,9136.221076659313,-1649683.0,1392-01-21
2013-04-13,37,3,67,1,397700,171159,568662,197,3574684606,1537023696,5109955002,1753300,8988.39478501383,8985.926617217257,8980.092755858588,8900.0,-170962.0,1392-01-24
2013-04-15,68,4,91,3,268973,321542,483808,106707,2492095155,2990003203,4488112591,993985767,9265.224223249174,9276.639888137444,9298.950690734026,9315.094295594476,-214835.0,1392-01-26
2013-04-16,130,6,83,6,1233444,835119,1468708,599855,11185632076,7614289962,13379827945,5420094093,9068.617688358774,9109.930595462134,9117.610738110376,9035.673776162572,-235264.0,1392-01-27
2013-04-17,77,5,52,6,399013,737777,765084,371706,3487973383,6437604325,6681790358,3243787350,8741.503116439815,8733.407518651547,8725.677711557828,8726.755419605817,-366071.0,1392-01-28
2013-04-20,41,3,44,2,155628,245000,370005,30623,1315215468,2073336135,3129387313,259164290,8451.02081887578,8457.6892555506,8462.596469387756,8463.0601182118,-214377.0,1392-01-31
2013-04-21,36,1,11,1,92924,2000,64924,30000,773685224,16652000,540557224,249780000,8326.0,8326.0,8326.0,8326.0,28000.0,1392-02-01
2013-04-22,140,5,84,6,981781,381681,835861,527601,8262035464,3205312165,7029397715,4437949914,8415.35481334432,8409.768747435279,8397.882433236131,8411.564636913123,145920.0,1392-02-02
2013-04-23,278,4,113,8,2057907,373113,955679,1475341,16845409499,3034679419,7854214399,12025874519,8185.700082170866,8218.46498562802,8133.405748392578,8151.250808457164,1102228.0,1392-02-03
2013-04-24,187,9,102,6,996052,1844956,1027225,1813783,8414064833,15574048829,8672087048,15316026614,8447.415228321413,8442.246876779673,8441.420190508608,8444.244219953545,-31173.0,1392-02-04
2013-04-27,430,8,104,4,2813227,310000,735284,2387943,23540178663,2636317102,6345841122,19830654643,8367.678350520595,8630.462681086492,8504.248716129032,8304.49246192225,2077943.0,1392-02-07
2013-04-28,185,10,100,4,577806,1127099,954905,750000,4700086442,9141665108,7758560871,6083190679,8134.367663194913,8124.955750572047,8110.791605706331,8110.920905333333,-377099.0,1392-02-08
2013-04-29,360,14,114,5,3426574,2112000,763541,4775033,28816686050,17742617885,6404456959,40154846976,8409.76615418199,8387.836355873489,8400.860741003788,8409.333919995946,2663033.0,1392-02-09
2013-04-30,338,6,215,7,2205399,484539,2172635,517303,19083669660,4187515683,18807349703,4463835640,8653.159659544599,8656.470002094231,8642.267563601692,8629.054229339477,32764.0,1392-02-10
2013-05-01,344,12,200,8,1903107,1111775,1695281,1319601,16653234019,9763579610,14850581527,11566232102,8750.55055706274,8759.95279071729,8781.974419284477,8764.946451237913,207826.0,1392-02-11
2013-05-04,273,8,237,3,1008893,1050624,1819517,240000,8559431278,8851364331,15386371905,2024423704,8483.983215266633,8456.29466776073,8424.864015099598,8435.098766666666,-810624.0,1392-02-14
2013-05-05,129,7,109,3,712728,226090,738818,200000,5889146446,1865978190,6115891240,1639233396,8262.824592270825,8277.940223437978,8253.2539696581,8196.16698,-26090.0,1392-02-15
2013-05-06,90,4,80,2,508301,153232,627668,33865,4271210567,1280494478,5266508036,285197009,8402.915923832532,8390.595085299872,8356.573548606035,8421.585973719179,-119367.0,1392-02-16
2013-05-07,67,2,66,0,204068,48253,252321,0,1677234290,395554486,2072788776,0,8218.99705000294,8214.888083037084,8197.51074544588,,-48253.0,1392-02-17
2013-05-08,91,2,72,1,501731,71540,569840,3431,4095717826,583742582,4651188968,28271440,8163.174741046497,8162.271809630773,8159.667067374895,8240.0,-68109.0,1392-02-18
2013-05-11,80,1,112,3,544597,386200,789987,140810,4590079415,3258085197,6656729620,1191434992,8428.3964381001,8426.37868724422,8436.264104091144,8461.295305731128,-245390.0,1392-02-21
2013-05-12,76,4,106,3,377840,424660,547048,255452,3154966765,3547882494,4580419209,2122430050,8350.007317912345,8372.974965633728,8354.64252343051,8308.527825188294,-169208.0,1392-02-22
2013-05-13,65,5,63,2,158631,674448,732579,100500,1287065096,5446755449,5926088299,807732246,8113.57865738727,8089.350498717545,8075.871600182668,8037.136776119403,-573948.0,1392-02-23
2013-05-14,46,6,84,2,173502,518526,561953,130075,1366812561,4085299258,4429139018,1022972801,7877.791385690079,7881.689425984024,7878.677748078207,7864.484343647895,-388451.0,1392-02-24
2013-05-15,52,4,54,2,289231,472793,457024,305000,2294719064,3792663497,3643597343,2443785218,7933.862774045659,7972.442022738412,8021.826670445628,8012.410550819672,-167793.0,1392-02-25
2013-05-18,18,1,80,0,72692,261339,334031,0,565980498,2045829457,2611809955,0,7786.008061409783,7819.064562869913,7828.259299224379,,-261339.0,1392-02-28
2013-05-19,24,2,79,3,93092,481585,523122,51555,760123957,3914112984,4252148765,422088176,8165.298382245521,8128.407455622207,8127.564155860336,8187.143361458637,-430030.0,1392-02-29
2013-05-20,68,3,55,2,212073,551620,716347,47346,1681475396,4349741505,5649574163,381642738,7928.757531604683,7886.644549359458,7885.394846089699,8060.717653022431,-504274.0,1392-02-30
2013-05-21,43,1,32,1,95934,20000,95934,20000,765916431,158220000,765917631,158218800,7983.785008443305,7983.797517042967,7911.0,7910.94,0.0,1392-02-31
2013-05-22,32,4,41,1,57100,20357332,414432,20000000,447166762,161865123359,3232290121,159080000000,7831.29180385289,7799.325633638329,7951.195341265741,7954.0,-357332.0,1392-03-01
2013-05-25,91,3,31,0,354725,586000,940725,0,2863705019,4761335371,7625040390,0,8073.028455846078,8105.493518297058,8125.145684300342,,-586000.0,1392-03-04
2013-05-26,68,4,60,1,321050,354111,650261,24900,2621313890,2885376050,5302584640,204105300,8164.815106681202,8154.548158354876,8148.224850400015,8197.0,-329211.0,1392-03-05
2013-05-27,46,3,43,0,120701,166661,287362,0,968637154,1336893108,2305530262,0,8025.09634551495,8023.086775565314,8021.631383467038,,-166661.0,1392-03-06
2013-05-28,43,4,56,1,115429,146680,245709,16400,930678091,1185521418,1983375909,132823600,8062.775307764947,8072.05234240504,8082.365816743933,8099.0,-130280.0,1392-03-07
2013-05-29,53,3,107,1,326285,294850,521135,100000,2667719462,2414985305,4263365763,819339004,8176.04076804021,8180.923873852264,8190.555553671358,8193.39004,-194850.0,1392-03-08
2013-06-01,61,3,51,2,216914,610927,617006,210835,1733044247,4879184621,4926810291,1685418577,7989.545382040808,7985.028169904344,7986.52641150252,7994.017013304243,-400092.0,1392-03-11
2013-06-02,28,4,79,1,117368,274537,349820,42085,955264905,2232923220,2843724770,344463355,8139.057536977711,8129.108598707907,8133.414512433661,8184.943685398598,-232452.0,1392-03-12
2013-06-03,35,1,43,1,76373,100000,166373,10000,619479364,813202644,1351182008,81500000,8111.2351747345265,8121.401958250437,8132.02644,8150.0,-90000.0,1392-03-13
2013-06-08,36,1,40,2,285531,50000,149174,186357,2308474962,403950000,1207335242,1505089720,8084.848797503599,8093.469652888573,8079.0,8076.378778366254,136357.0,1392-03-18
2013-06-09,31,1,22,2,98874,9850,83392,25332,787689957,77815000,663351730,202153227,7966.603525699375,7954.620707022256,7900.0,7980.1526527711985,15482.0,1392-03-19
2013-06-10,118,5,63,5,797315,1045769,525088,1317996,6323163029,8358591241,4166790115,10514964155,7930.570764377943,7935.412949829362,7992.770144267041,7977.993981013599,272227.0,1392-03-20
2013-06-17,201,17,24,2,3800312,4645000,237912,8207400,24466168506,29666203914,1567206931,52565165489,6437.93680781999,6587.338726083594,6386.696213993541,6404.606268611254,3562400.0,1392-03-27
2013-06-18,391,22,25,1,10836239,2666178,809841,12692576,72234366174,17772742548,5398397106,84608711616,6665.999723151178,6665.99629556913,6666.0,6666.0,10026398.0,1392-03-28
2013-06-19,63,4,11,1,1139675,150000,39675,1250000,7900227100,1039800000,275027100,8665000000,6932.0,6932.0,6932.0,6932.0,1100000.0,1392-03-29
2013-06-22,531,41,273,12,9275486,9089909,5685239,12680156,66367317475,64818841137,39847866732,91338291880,7155.131006073429,7009.004675441085,7130.856990647541,7203.246701381277,3590247.0,1392-04-01
2013-06-23,217,8,125,7,1492102,610000,1881824,220278,10341850973,4262230646,13067524484,1536557135,6931.061665355318,6944.073666825378,6987.263354098361,6975.53607259917,-389722.0,1392-04-02
2013-06-25,126,4,71,0,412420,70587,483007,0,2788747601,475552473,3264300074,0,6761.911645894961,6758.287300184055,6737.111266947171,,-70587.0,1392-04-04
2013-06-26,72,9,121,5,691422,1413178,1769598,335002,4927287256,10103169685,12639896097,2390560844,7126.309628562585,7142.806500120367,7149.254860321913,7135.959916657214,-1078176.0,1392-04-05
2013-06-29,139,4,155,9,3168127,320000,2779029,709098,23522800338,2376640000,20633379492,5266060846,7424.828719934523,7424.672247752722,7427.0,7426.4218006537885,389098.0,1392-04-08
2013-06-30,130,6,165,14,2700786,1348985,2508770,1541001,20853626148,10416215556,19370361982,11899479722,7721.317478689537,7721.059316716957,7721.52066627872,7721.915639250072,192016.0,1392-04-09
2013-07-01,381,20,216,13,4289886,5410000,4969413,4730473,34429972591,43431141543,39881941417,37979172717,8025.847910876886,8025.483375400676,8027.937438632162,8028.620545345043,-679527.0,1392-04-10
2013-07-02,124,10,246,6,745588,2737036,3035617,447007,5794153100,21216043425,23541936426,3468260099,7771.253158580878,7755.239355294163,7751.466705224191,7758.849635464321,-2290029.0,1392-04-11
2013-07-03,144,10,173,4,1029640,728230,1382168,375702,8225551324,5819391582,11040756370,3004186536,7988.7643487044015,7987.998832269304,7991.145080537743,7996.195218550873,-352528.0,1392-04-12
2013-07-06,235,5,166,7,2034315,1399000,2193958,1239357,16872647565,11620340267,18196840313,10296147519,8294.019148951858,8294.06958246238,8306.17603073624,8307.652693291764,-159643.0,1392-04-15
2013-07-07,206,9,168,12,1141315,1850493,1545586,1446222,9187132467,14810219312,12405147344,11592204435,8049.602841459194,8026.17734891491,8003.3911568430685,8015.508293332559,-404271.0,1392-04-16
2013-07-08,161,4,104,5,830844,549812,1146820,233836,6460947093,4289960482,8899000759,1851906816,7776.366072331268,7759.718839050592,7802.595218001789,7919.682238834054,-315976.0,1392-04-17
2013-07-09,132,2,94,3,532795,110000,375085,267710,4074881102,837100000,2883641604,2028339498,7648.121889281994,7687.968337843422,7610.0,7576.629554368533,157710.0,1392-04-18
2013-07-10,147,3,73,4,612003,800000,1148032,263971,4633976719,6114952570,8737352039,2011577250,7571.820267220913,7610.721686329301,7643.6907125,7620.447890109141,-536029.0,1392-04-19
2013-07-13,95,6,112,0,366283,809241,1175524,0,2692209447,5959738225,8651947672,0,7350.080257615014,7360.077439507828,7364.6024175739985,,-809241.0,1392-04-22
2013-07-14,62,3,60,1,213121,531066,344187,400000,1537562398,3824069794,2480983570,2880648622,7214.50442706256,7208.243106218422,7200.743022524507,7201.621555,-131066.0,1392-04-23
2013-07-15,74,2,57,3,258335,208260,417800,48795,1891593461,1518998008,3052825264,357766205,7322.250028064335,7306.9058496888465,7293.757841160088,7332.025924787375,-159465.0,1392-04-24
2013-07-16,56,6,53,2,234746,210100,358568,86278,1700313335,1519563425,2594172774,625703986,7243.204719143244,7234.813965551862,7232.572227510709,7252.184635712464,-123822.0,1392-04-25
2013-07-17,67,5,67,2,1233575,420000,348138,1305437,9299044811,3173143452,2600473669,9871714594,7538.288965810753,7469.663377741011,7555.103457142857,7562.0,885437.0,1392-04-26
2013-07-20,2,0,11,0,54762,0,54762,0,429553128,0,429553128,0,7844.0,7844.0,,,0.0,1392-04-29
2013-07-21,3,0,13,0,21228,0,21228,0,166809624,0,166809624,0,7858.0,7858.0,,,0.0,1392-04-30
2013-07-22,5,0,13,0,64967,0,64967,0,510835521,0,510835521,0,7863.0,7863.0,,,0.0,1392-04-31
2013-07-23,109,6,8,1,1865999,144960,10959,2000000,14702206121,1142139840,86345961,15758000000,7879.0,7879.0,7879.0,7879.0,1855040.0,1392-05-01
2013-07-24,219,10,16,1,3276723,749000,25723,4000000,26849468262,6137306000,210774262,32776000000,8194.0,8194.0,8194.0,8194.0,3251000.0,1392-05-02
2013-07-27,78,9,121,4,1820858,1156000,1842858,1134000,15515531018,9850276000,15702993018,9662814000,8521.0,8521.0,8521.0,8521.0,-22000.0,1392-05-05
2013-07-28,775,25,726,16,7472720,4734436,9679971,2527185,65456955558,41463433376,84637532844,22282856090,8759.45513253541,8743.57297599342,8757.840084014231,8817.263512564376,-2207251.0,1392-05-06
2013-07-29,231,11,306,11,1702253,2635761,3318787,1019227,14707499304,22720763639,28627360113,8800902830,8640.019611655847,8625.850382383684,8620.191147452291,8634.879992386386,-1616534.0,1392-05-07
2013-07-31,300,15,266,9,3279698,3250000,3039321,3490377,29283038410,29000494128,26990570287,31292962251,8928.577695263406,8880.46056569872,8923.228962461539,8965.496349248233,240377.0,1392-05-09
2013-08-03,157,1,185,4,1927949,8215,1218857,717307,16759350378,70665430,10605485221,6224530587,8692.839062651554,8701.17267325043,8602.0,8677.638147961752,709092.0,1392-05-12
2013-08-04,68,9,146,5,461674,1939921,1066659,1334936,3977562600,16695416476,9186316215,11486662861,8615.522208311493,8612.233351989717,8606.235241538187,8604.654351219833,-604985.0,1392-05-13
2013-08-05,178,16,172,11,2092896,2398272,2367753,2123415,18518835016,21434670880,21039795666,18913710230,8848.425825267954,8885.97571875107,8937.547901155498,8907.21325317943,-274857.0,1392-05-14
2013-08-06,109,4,82,4,526754,1535106,900867,1160993,4549264502,13262828401,7806336528,10005756375,8636.411877270984,8665.359623562636,8639.682472089875,8618.274507253704,-374113.0,1392-05-15
2013-08-07,55,7,206,8,307219,2915009,1988781,1233447,2698764854,25623129300,17445615864,10876278290,8784.498530364333,8772.01454760479,8790.068675602717,8817.791352202405,-1681562.0,1392-05-16
2013-08-11,91,5,152,6,471859,1443000,833796,1081063,4250252047,12950480247,7474437096,9726295198,9007.462074475638,8964.347509462747,8974.691785862786,8996.97353253233,-361937.0,1392-05-20
2013-08-12,97,6,137,6,871941,324579,1076893,119627,7942287790,2966321162,9807051178,1101557774,9108.744502208292,9106.801862394872,9138.980531704146,9208.270490775494,-204952.0,1392-05-21
2013-08-13,82,7,167,10,818015,1610409,975916,1452508,7544924095,14819706828,8992161354,13372469569,9223.454453769184,9214.073090306953,9202.44908467352,9206.468789844876,-157901.0,1392-05-22
2013-08-14,78,4,119,6,493467,536825,681092,349200,4543743664,4959222340,6275813296,3227152708,9207.796395706298,9214.340053913422,9238.061453918875,9241.559873997709,-187625.0,1392-05-23
2013-08-17,24,5,45,3,521037,569176,344343,745870,4996223793,5457828664,3301905027,7152147430,9589.0,9589.0,9589.0,9589.0,176694.0,1392-05-26
2013-08-18,150,6,128,4,703861,514132,785906,432087,6707400768,4879791593,7492125360,4095067001,9529.439431933291,9533.106198451214,9491.320503294874,9477.413115877129,-82045.0,1392-05-27
2013-08-19,62,6,108,3,458774,1030941,761832,727883,4373752052,9829494993,7265157159,6938089886,9533.565659780195,9536.42950020477,9534.488387793288,9531.875158507615,-303058.0,1392-05-28
2013-08-20,44,2,74,1,138659,150000,287859,800,1293501186,1396024484,2682053670,7472000,9328.649319553726,9317.247923462528,9306.829893333334,9340.0,-149200.0,1392-05-29
2013-08-21,38,5,79,2,147724,445500,503224,90000,1354953136,4103794145,4632497281,826250000,9172.193658444126,9205.636617092983,9211.659135802469,9180.555555555557,-355500.0,1392-05-30
2013-08-24,59,6,61,1,263757,259257,522740,274,2429071671,2394830932,4821320701,2581902,9209.505988466655,9223.171559475071,9237.285519773815,9423.0,-258983.0,1392-06-02
2013-08-25,51,4,66,0,177630,593190,770820,0,1625508998,5431652364,7057161362,0,9151.094961436696,9155.394725097947,9156.68228392252,,-593190.0,1392-06-03
2013-08-26,57,5,100,2,296031,623609,654640,265000,2674768771,5685233095,5948717038,2411284828,9035.43470447352,9087.005129536845,9116.662997166492,9099.18803018868,-358609.0,1392-06-04
2013-08-27,62,4,55,2,377438,350100,504979,222559,3359581176,3141720738,4508501394,1992800520,8901.014672608482,8928.096800064954,8973.781028277635,8954.032503740582,-127541.0,1392-06-05
2013-08-28,34,10,123,1,115800,830735,896535,50000,1003098403,7200824911,7766623314,437300000,8662.335086355786,8662.933754956583,8668.016769487262,8746.0,-780735.0,1392-06-06
2013-08-31,40,2,44,2,179298,237904,401702,15500,1557304149,2070194936,3492594085,134905000,8685.563413981194,8694.490156882464,8701.8080234044,8703.548387096775,-222404.0,1392-06-09
2013-09-01,36,4,62,5,122703,1171726,346305,948124,1113678805,10644744552,3143868693,8614554664,9076.214966219244,9078.323134231385,9084.67043660378,9085.894528563776,-223602.0,1392-06-10
2013-09-03,35,2,86,4,281612,331860,449518,163954,2598212949,3010537179,4118662358,1490087770,9226.215321080068,9162.396962969226,9071.708488519254,9088.450236041816,-167906.0,1392-06-12
2013-09-04,31,3,45,5,128614,776683,531091,374206,1125605478,6794422884,4646474274,3273554088,8751.811451319452,8748.923016959428,8748.0,8748.0,-402477.0,1392-06-13
2013-09-07,18,1,61,1,134549,468450,502999,100000,1150601832,4024103590,4314805422,859900000,8551.545028205337,8578.159046041841,8590.252086668801,8599.0,-368450.0,1392-06-16
2013-09-08,26,3,30,2,105912,249101,152513,202500,925390381,2183435104,1332850485,1775975000,8737.351584334165,8739.25819438343,8765.260292010069,8770.246913580248,-46601.0,1392-06-17
2013-09-09,17,2,33,1,25530,190017,206454,9093,227842523,1693612676,1840973056,80482143,8924.501488444967,8917.110135914054,8912.953451533283,8851.0,-180924.0,1392-06-18
2013-09-10,41,4,35,3,273872,490635,88861,675646,2495291513,4471130631,809138500,6157283644,9111.159640269909,9105.665027402349,9112.946754715827,9113.180043987531,185011.0,1392-06-19
2013-09-11,69,4,53,2,632736,289648,421227,501157,5897964894,2694910796,3916605663,4676270027,9321.36766992869,9298.087878982116,9304.08908744407,9330.948239773164,211509.0,1392-06-20
2013-09-14,42,0,116,3,1084248,0,684248,400000,10275160158,0,6474690158,3800470000,9476.76191978219,9462.490439139026,,9501.175,400000.0,1392-06-23
2013-09-15,27,5,51,1,93936,362099,293703,162332,879034450,3407018202,2755991280,1530061372,9357.80158831545,9383.599350364144,9409.079290470288,9425.506813197644,-199767.0,1392-06-24
2013-09-16,18,5,54,2,72893,484902,232548,325247,678256429,4555460424,2176333165,3057383688,9304.822534399736,9358.640646232176,9394.60019550342,9400.190280002582,-159655.0,1392-06-25
2013-09-17,27,5,60,3,149254,304058,343192,110120,1404622762,2857876986,3227226192,1035273556,9410.955565679982,9403.558917457283,9399.117885403442,9401.321794406102,-193938.0,1392-06-26
2013-09-18,31,5,132,7,183131,946600,838209,291522,1765915841,9074886297,8038569672,2802232466,9642.910490304754,9590.173419755693,9586.822625184872,9612.421930420343,-655078.0,1392-06-27
2013-09-21,98,5,89,11,1219830,720960,806599,1134191,12131160738,7173843874,8023161724,11281842888,9944.96014854529,9946.902641833178,9950.404840767866,9947.039685555608,413231.0,1392-06-30
2013-09-22,50,5,65,4,163927,710859,330654,544132,1580410805,6842646907,3189218622,5233839090,9640.942645201829,9645.18385381698,9625.884889971148,9618.693791212429,-166727.0,1392-06-31
2013-09-23,76,2,59,8,239808,342000,412738,169070,2347856185,3401816792,4068889175,1680783802,9790.566557412596,9858.28582539044,9946.8327251462,9941.348565682852,-172930.0,1392-07-01
2013-09-24,30,3,61,1,78692,316611,394097,1206,751724188,3052625726,3792291120,12058794,9552.73964316576,9622.735316432249,9641.565599426423,9999.0,-315405.0,1392-07-02
2013-09-25,44,6,47,2,180153,375971,346124,210000,1749418677,3661706010,3353564687,2057560000,9710.738522256082,9688.911161895738,9739.33098563453,9797.90476190476,-165971.0,1392-07-03
2013-09-28,60,2,56,2,224296,20237,205909,38624,2221521906,199622707,2040750289,380394324,9904.420524663838,9910.932931537718,9864.244057913722,9848.65171913836,18387.0,1392-07-06
2013-09-29,84,2,41,2,234423,224775,406298,52900,2279104384,2182222975,3946064359,515263000,9722.187601045973,9712.241652678576,9708.47725503281,9740.3213610586,-171875.0,1392-07-07
2013-09-30,108,2,40,3,499056,103000,420856,181200,4825139130,1003650000,4058839203,1769949927,9668.53244926421,9644.246970460204,9744.174757281551,9767.9355794702,78200.0,1392-07-08
2013-10-01,88,3,28,2,344888,420000,404879,360009,3294824382,4011693596,3873095768,3433422210,9553.31696666744,9566.057434443375,9551.65141904762,9537.045490529405,-59991.0,1392-07-09
2013-10-02,33,3,49,1,94492,206246,212401,88337,907914503,1978052545,2033514924,852452124,9608.374285653812,9573.94232607191,9590.74379624332,9650.000837701076,-117909.0,1392-07-10
2013-10-05,82,2,85,2,285138,456100,488238,253000,2778985443,4427899246,4752502929,2454381760,9746.106948214549,9733.988196330478,9708.176377987284,9701.113675889328,-203100.0,1392-07-13
2013-10-08,168,16,158,5,1291808,53603827,1101465,53794170,12284598645,504303678194,10883648226,505704628613,9509.616479383933,9881.065876809522,9407.978989895628,9400.73299045231,190343.0,1392-07-16
2013-10-09,18,1,12,4,220000,368271,46499,541772,2152920000,3603900006,455039214,5301780792,9786.0,9786.0,9786.0,9786.0,173501.0,1392-07-17
2013-10-12,47,3,16,5,980041,300000,27308,1252733,9767088606,2989800000,272151528,12484737078,9966.0,9966.0,9966.0,9966.0,952733.0,1392-07-20
2013-10-13,326,37,115,15,3737243,11595758,1379239,13953762,38731352843,120176535311,14291188786,144616699368,10363.61639930826,10361.647826083805,10363.8360951479,10363.993550126484,2358004.0,1392-07-21
2013-10-14,437,35,153,11,12047440,7275096,1104715,18217821,129801429487,78309379228,11813833977,196296974738,10774.191818925849,10694.010651616029,10764.033798041975,10774.99744552326,10942725.0,1392-07-22
2013-10-15,706,31,101,26,12729736,9311719,2084161,19957294,142558035492,104290145842,23328336334,223519845000,11198.821051119992,11193.154623851036,11199.881122057055,11199.907412297478,10645575.0,1392-07-23
2013-10-19,658,18,257,12,4671298,3490000,4857727,3303571,53837922592,40338052967,55936511874,38239463685,11525.259701265044,11514.955837164172,11558.18136590258,11575.190508997688,-186429.0,1392-07-27
2013-10-20,156,7,228,5,2272232,1329798,2952285,649745,25266539017,14731502244,32791313857,7206727404,11119.700372585194,11107.096319291668,11078.0,11091.624258747664,-680053.0,1392-07-28
2013-10-21,163,7,207,5,693810,2743460,2607490,829780,7623974481,30102662280,28651492530,9075144231,10988.56240325161,10988.15049338636,10972.517288387657,10936.807624912628,-1913680.0,1392-07-29
2013-10-22,69,3,164,9,2051897,1526117,2460498,1117516,22446497440,16725664845,26907166512,12264995773,10939.388010216888,10935.658761762865,10959.621605027662,10975.230576564452,-408601.0,1392-07-30
2013-10-23,147,7,160,9,2265284,1097571,1362999,1999856,25736514278,12448635482,15451686785,22733462975,11361.27491210815,11336.535672439964,11341.986515678713,11367.549951096478,902285.0,1392-08-01
2013-10-26,194,5,87,6,1065689,571081,1081498,555272,12139105512,6633753281,12393213211,6379645582,11390.851845144314,11459.30293999619,11616.133755106544,11489.22614862626,-15809.0,1392-08-04
2013-10-27,41,2,59,6,2282019,975000,2797849,459170,25127438873,10735725000,30807243003,5055920870,11011.055943443063,11011.045629338823,11011.0,11011.0,-515830.0,1392-08-05
2013-10-28,93,6,93,3,847831,1119352,1528673,438510,9018353989,11900730624,16204687637,4714396976,10636.971270217768,10600.493131624618,10631.803600654664,10750.945191671795,-680842.0,1392-08-06
2013-10-29,121,4,60,3,518617,173235,263932,427920,5525185163,1842457002,2806599119,4561043046,10653.690802653982,10633.796277071368,10635.593280803532,10658.63489904655,254685.0,1392-08-07
2013-10-30,96,5,49,1,302059,97597,395156,4500,3230588616,1034158436,4216147052,48600000,10695.223833754331,10669.57619775481,10596.21131797084,10800.0,-93097.0,1392-08-08
2013-11-02,141,4,62,1,605632,379500,983337,1795,6201770613,3880787700,10064145103,18413210,10240.163354974638,10234.68567032462,10226.054545454546,10258.055710306407,-377705.0,1392-08-11
2013-11-03,183,2,84,0,610817,110000,720817,0,6136470085,1106807104,7243277189,0,10046.331528100887,10048.704718395931,10061.882763636364,,-110000.0,1392-08-12
2013-11-04,128,5,102,7,1883360,1200000,1510073,1573287,18869812099,12039940589,15136492125,15773260563,10019.227390939595,10023.682381580227,10033.283824166669,10025.672724048442,373287.0,1392-08-13
2013-11-05,89,4,90,2,387795,505591,592386,301000,4003713821,5232613184,6098101005,3138226000,10324.304905942572,10294.134238486393,10349.49827825258,10426.0,-204591.0,1392-08-14
2013-11-06,41,3,50,1,768914,228505,597419,400000,8192009756,2434492270,6364902026,4261600000,10654.0,10654.0,10654.0,10654.0,171495.0,1392-08-15
2013-11-09,72,2,61,4,386537,494499,509536,371500,4246882019,5433060513,5598272032,4081670500,10987.0,10987.0,10987.0,10987.0,-122999.0,1392-08-18
2013-11-10,230,6,163,6,937936,1346283,1086856,1197363,10390019065,14825782728,12054147598,13161654195,11077.535210291531,11090.841471179254,11012.38203854613,10992.20052314962,-148920.0,1392-08-19
2013-11-11,72,2,113,8,1192177,979724,1387247,784654,13059613762,10758270848,15214357414,8603527196,10954.42519189684,10967.302444337598,10980.919981545823,10964.740122397898,-195070.0,1392-08-20
2013-11-12,61,2,111,0,253122,766403,1019525,0,2781399459,8417946880,11199346339,0,10988.375008888994,10984.866814447903,10983.70815354324,,-766403.0,1392-08-21
2013-11-16,66,3,124,4,266268,1012286,931224,347330,2967674535,11254907833,10367990291,3854592077,11145.44194195322,11133.723240595176,11118.308297259866,11097.780430714309,-664956.0,1392-08-25
2013-11-17,58,3,84,3,308623,410000,528623,190000,3361609383,4439375509,5739196305,2061788587,10892.28405854392,10856.879676064038,10827.74514390244,10851.518878947369,-220000.0,1392-08-26
2013-11-18,49,5,123,1,468992,1163201,1612193,20000,5170488909,12732566825,17683035734,220020000,11024.6846619985,10968.311941560349,10946.145012770794,11001.0,-1143201.0,1392-08-27
2013-11-19,85,5,58,3,448702,451600,472423,427879,4915648336,5032463270,5212404003,4735707603,10955.262815855513,11033.340889414783,11143.62991585474,11067.866389797116,-23721.0,1392-08-28
2013-11-20,132,10,85,6,1135809,1032018,754752,1413075,12161557316,11067901927,8172851343,15056607900,10707.396504165754,10828.525585887815,10724.524113920494,10655.207897669976,381057.0,1392-08-29
2013-11-23,92,2,194,9,1350609,1800000,1892540,1258069,14725884585,19894899638,20756965876,13863818347,10903.144126094228,10967.781857186636,11052.72202111111,11019.918897135212,-541931.0,1392-09-02
2013-11-24,135,4,96,7,799855,1320870,1495010,625715,9139247041,15091366030,17079942051,7150671020,11426.129787273943,11424.63398305028,11425.322726687711,11428.0,-695155.0,1392-09-03
2013-11-25,228,7,147,10,617131,1437417,1073740,980808,7297180065,17028266913,12683489097,11641957881,11824.36154560377,11812.439787099298,11846.434898849811,11869.76236021729,-456609.0,1392-09-04
2013-11-26,83,5,138,5,802040,718969,762315,758694,9308519738,8262450543,8813722288,8757247993,11606.054234202782,11561.785204279073,11492.081776822088,11542.52965358893,39725.0,1392-09-05
2013-11-27,56,2,116,2,243595,994933,788528,450000,2801019032,11415300467,9044717580,5171601919,11498.672107391369,11470.382256559056,11473.43636908214,11492.448708888887,-544933.0,1392-09-06
2013-11-30,120,5,138,7,434464,3473399,1124518,2783345,4902841130,39722859714,12745766944,31879933900,11284.804103447006,11334.426789077632,11436.30769571823,11453.82045704,-690054.0,1392-09-09
2013-12-01,134,6,139,5,506406,1063297,772370,797333,5653154140,11802883571,8625562086,8830475625,11163.284281781813,11167.655509665055,11100.26979385816,11075.015865391248,-265964.0,1392-09-10
2013-12-02,104,5,73,7,562632,1017614,558169,1022077,6152498564,11067049528,6107140291,11112407801,10935.20909582107,10941.38207424633,10875.488670556811,10872.378305157048,4463.0,1392-09-11
2013-12-03,94,6,88,6,707961,1205773,1230993,682741,7723813220,13142811079,13420912378,7445711921,10909.941677578285,10902.509094690222,10899.904939818687,10905.617094915937,-523032.0,1392-09-12
2013-12-04,92,7,91,6,353158,1280182,440625,1192715,3859995324,14006890510,4860546717,13006339117,10929.938792268616,11031.028010212764,10941.327490934882,10904.817258942832,-87467.0,1392-09-13
2013-12-07,127,7,170,6,1127221,2583523,1506084,2204660,12565495654,28647050730,16842181593,24370364791,11147.322179058056,11182.7637721402,11088.36682700328,11054.024108479312,-378863.0,1392-09-16
2013-12-08,22,1,80,1,266809,500000,266809,500000,3071493654,5716445406,3077939060,5710000000,11511.956695613717,11536.114074112942,11432.890812,11420.0,0.0,1392-09-17
2013-12-09,238,14,99,8,4448714,2819218,1001688,6266244,52365128023,33183901859,11789381980,73759647902,11770.846141828852,11769.515038614818,11770.605131990502,11770.950493150283,3447026.0,1392-09-18
2013-12-10,202,5,223,4,1354169,760832,1239025,875976,16415840052,9279836377,14984191957,10711484472,12122.445612032176,12093.534801154134,12196.958562468457,12228.057015260692,115144.0,1392-09-19
2013-12-11,87,7,184,6,321127,1360204,1120686,560645,3904313304,16488149517,13612390921,6780071900,12158.159556810857,12146.480745721818,12121.82107757366,12093.34231108812,-799559.0,1392-09-20
2013-12-14,72,7,138,4,695386,1289424,1031513,953297,8215587935,15339804537,12268054242,11287338230,11814.42815213421,11893.261880364087,11896.633331627145,11840.316533042693,-336127.0,1392-09-23
2013-12-15,74,13,182,3,788428,1844730,2453158,180000,9691074047,22691776956,30163277046,2219573957,12291.641147955172,12295.692754400654,12300.86622757802,12330.966427777776,-1664730.0,1392-09-24
2013-12-16,63,6,119,5,1421530,4100424,920654,4601300,18137722143,51608661134,11723394859,58022988418,12759.296070431155,12733.768450471078,12586.176730503968,12610.129402125487,500876.0,1392-09-25
2013-12-17,129,7,175,7,1178390,1009021,1579411,608000,15288031513,13139388771,20507371505,7920048779,12973.660259336892,12984.189362363564,13021.918048286409,13026.396018092106,-401021.0,1392-09-26
2013-12-18,253,14,255,10,2710262,1945121,2706545,1948838,36148703679,24886279549,35082887722,25952095506,13337.715571040731,12962.24068766638,12794.206401041374,13316.702314917917,3717.0,1392-09-27
2013-12-21,74,9,257,4,596760,1976624,2381101,192283,7512169961,24880023063,29971926903,2420266121,12588.25987164019,12587.42359227937,12587.12990583945,12587.0,-1784341.0,1392-09-30
2013-12-22,57,2,122,3,540317,528000,776317,292000,6905283425,6730885746,9923489059,3712680112,12780.059529868577,12782.779533360728,12747.889670454546,12714.65791780822,-236000.0,1392-10-01
2013-12-24,52,6,57,3,127772,446721,285562,288931,1645667451,5733530508,3654795222,3724402737,12879.718960335598,12798.604933429518,12834.701095314524,12890.284313555832,-157790.0,1392-10-03
2013-12-25,93,4,66,5,223698,4249782,2791815,1681665,2782181180,52630216025,34481907274,20930489931,12437.219733748178,12351.071712846302,12384.215478582197,12446.289796719322,-2568117.0,1392-10-04
2013-12-28,89,8,102,3,206356,1343135,1074253,475238,2469882024,16000147887,12817227792,5652802119,11969.034212719764,11931.293458803466,11912.53886392656,11894.676181197632,-867897.0,1392-10-07
2013-12-29,53,7,57,4,128101,325244,234945,218400,1530914773,3863329624,2800042579,2594201818,11950.8417030312,11917.864091595906,11878.250249043796,11878.213452380953,-106844.0,1392-10-08
2013-12-30,82,6,39,3,402945,711000,634889,479056,4608197279,8131246000,7260766588,5478676691,11436.29348670414,11436.277188610922,11436.351617440225,11436.40136226245,-231944.0,1392-10-09
2014-01-01,62,5,52,2,188787,59705,168895,79597,2196614054,697315490,1963496409,930433135,11635.40950383236,11625.544918440452,11679.348295787622,11689.299031370529,19892.0,1392-10-11
2014-01-04,68,1,60,2,156604,3000,154144,5460,1841630557,35400000,1812620047,64410510,11759.79257873362,11759.2643696803,11800.0,11796.796703296704,2460.0,1392-10-14
2014-01-05,56,4,38,1,82143,84470,126613,40000,952888128,975156887,1462766040,465278975,11600.357035900806,11553.04779130105,11544.416798863502,11631.974375,-44470.0,1392-10-15
2014-01-06,103,2,57,5,308958,164782,263508,210232,3440737639,1843655234,2937175889,2347216984,11136.586976223303,11146.43915554746,11188.450401136046,11164.889189086343,45450.0,1392-10-16
2014-01-07,35,3,69,4,128721,880869,501764,507826,1436291332,9795747132,5571810468,5660227996,11158.174128541574,11104.444455959376,11120.549289394903,11145.998818492948,-373043.0,1392-10-17
2014-01-08,34,3,47,3,90521,293793,279826,104488,1000350684,3241106570,3068155118,1173302136,11051.0343898101,10964.510510102707,11031.939392701664,11229.06109792512,-189305.0,1392-10-18
2014-01-11,28,4,58,3,49804,429069,222305,256568,556995776,4804129680,2487520792,2873604664,11183.755842904184,11189.675409909809,11196.636624878516,11200.167846340932,-172501.0,1392-10-21
2014-01-12,38,4,58,0,95540,432012,527552,0,1039852978,4715778195,5755631173,0,10883.95413439397,10910.073647716245,10915.850011110802,,-432012.0,1392-10-22
2014-01-13,25,2,41,2,100422,763286,386935,476773,1137353063,8776291839,4441232175,5472412727,11325.736023978809,11477.979957874062,11498.038532083649,11478.025657912676,-286513.0,1392-10-23
2014-01-14,49,2,84,0,152320,393925,546245,0,1763348301,4542876704,6306225005,0,11576.603866859245,11544.682340341787,11532.339161007803,,-393925.0,1392-10-24
2014-01-15,26,3,38,1,92146,196897,179043,110000,1045731447,2224087363,2025631820,1244186990,11348.6363705424,11313.661075830943,11295.68943660899,11310.790818181818,-86897.0,1392-10-25
2014-01-18,14,3,34,1,30568,186254,212822,4000,342293459,2099032849,2395714308,45612000,11197.770838785658,11256.892182199208,11269.732993653828,11403.0,-182254.0,1392-10-28
2014-01-20,33,3,39,2,565201,266784,231985,600000,6321828372,2914871224,2597421341,6639278255,11185.09764137006,11196.50555423842,10925.959667746192,11065.463758333331,333216.0,1392-10-30
2014-01-21,31,0,35,0,184183,0,184183,0,2047778239,0,2047778239,0,11118.1718128166,11118.1718128166,,,0.0,1392-11-01
2014-01-22,25,3,60,1,155890,307163,337967,125086,1745505037,3436779024,3782257961,1400026100,11197.030194367824,11191.20494308616,11188.779325634923,11192.508354252275,-182077.0,1392-11-02
2014-01-25,39,0,59,4,634787,0,405986,228801,7351271359,0,4694476820,2656794539,11580.689836118258,11563.149517471044,,11611.81349294802,228801.0,1392-11-05
2014-01-26,51,2,30,1,147755,21001,154756,14000,1654917275,231011000,1726229014,159699261,11200.414706778112,11154.520755253432,11000.0,11407.09007142857,-7001.0,1392-11-06
2014-01-27,28,3,33,2,88907,390510,239417,240000,970905908,4261175515,2613223849,2618857574,10920.466419966931,10914.94692941604,10911.82175872577,10911.906558333334,-150510.0,1392-11-07
2014-01-28,44,3,55,3,298066,352682,525748,125000,3408961559,4092057180,6047323739,1453695000,11436.935306274449,11502.323811027336,11602.682246329554,11629.56,-227682.0,1392-11-08
2014-01-29,38,2,51,3,232909,141453,297708,76654,2744097532,1653380598,3498126034,899352096,11781.844119377096,11750.191576981471,11688.550953320184,11732.617945573616,-64799.0,1392-11-09
2014-02-01,31,1,66,0,155866,53080,208946,0,1846271498,621779380,2468050878,0,11845.248469839478,11811.907756070948,11714.004898266769,,-53080.0,1392-11-12
2014-02-02,21,2,25,1,49077,73760,101893,20944,558193875,845164596,1165455575,237902896,11373.83855981417,11438.033770720263,11458.305260303689,11359.0,-52816.0,1392-11-13
2014-02-03,45,0,18,1,125107,0,57107,68000,1392202258,0,636329893,755872365,11128.09241689114,11142.76521267095,,11115.770073529411,68000.0,1392-11-14
2014-02-04,35,0,16,1,73280,0,41280,32000,812984809,0,457782559,355202250,11094.225013646288,11089.693774224806,,11100.0703125,32000.0,1392-11-15
2014-02-05,9,0,0,1,5485,0,0,5485,60345970,0,0,60345970,11002.0,,,11002.0,5485.0,1392-11-16
2014-02-08,3,0,0,1,2510,0,0,2510,27610000,0,0,27610000,11000.0,,,11000.0,2510.0,1392-11-19
2014-03-04,4,2,137,10,5961,2121435,1686259,441137,65565039,23333663565,18547162741,4852065863,10999.0,10999.0,10999.0,10999.0,-1680298.0,1392-12-13
2014-03-05,83,2,88,16,379921,1200000,816421,763500,4019577773,12672000000,8629017773,8062560000,10580.035778490792,10569.323636947114,10560.0,10560.0,-436500.0,1392-12-14
2014-03-08,37,2,26,1,133249,100800,184049,50000,1354743135,1026750900,1871994035,509500000,10167.004142620208,10171.171997674532,10186.020833333334,10190.0,-50800.0,1392-12-17
2014-03-09,3,0,3,0,5200,0,5200,0,52384800,0,52384800,0,10074.0,10074.0,,,0.0,1392-12-18
2014-03-10,5,0,1,1,59441,0,10000,49441,598689752,0,100720000,497969752,10072.0,10072.0,,10072.0,49441.0,1392-12-19
2014-03-11,1,0,0,1,3980,0,0,3980,40010940,0,0,40010940,10053.0,,,10053.0,3980.0,1392-12-20
2014-03-12,16,2,60,5,56458,820000,555441,321017,567528198,8242640000,5583305314,3226862884,10052.219313471962,10052.02229219665,10052.0,10052.0,-498983.0,1392-12-21
2014-03-15,60,3,31,6,260340,82686,106266,236760,2567551346,825680460,1048921048,2344310758,9862.300629945456,9870.711685769673,9985.734707205573,9901.633544517656,154074.0,1392-12-24
2014-03-16,85,2,25,7,403983,31000,127102,307881,3928366286,301852440,1237505182,2992713544,9724.088107667896,9736.315573319069,9737.175483870968,9720.358008451318,276881.0,1392-12-25
2014-03-17,86,3,52,6,659106,140499,401893,397712,6534959475,1388958507,3985689688,3938228294,9914.8839109339,9917.290642036562,9885.896034847225,9902.21138411715,257213.0,1392-12-26
2014-03-18,61,1,28,2,124888,20000,134209,10679,1200557622,192060000,1289260397,103357225,9613.074290564346,9606.36318726762,9603.0,9678.549021443956,-9321.0,1392-12-27
2014-03-19,69,0,38,2,453483,0,70574,382909,4316743632,0,673602599,3643141033,9519.085901786835,9544.62831921104,,9514.37817601571,382909.0,1392-12-28
2014-03-25,15,0,16,1,44096,0,43596,500,414567405,0,409867405,4700000,9401.474169992744,9401.491077163042,,9400.0,500.0,1393-01-05
2014-03-26,16,0,29,0,89455,0,89455,0,843386234,0,843386234,0,9428.050237549603,9428.050237549603,,,0.0,1393-01-06
2014-03-29,9,0,16,1,152274,0,83876,68398,1442507296,0,792715046,649792250,9473.103064213195,9451.035409413897,,9500.164478493523,68398.0,1393-01-09
2014-03-30,28,0,19,1,224201,0,72090,152111,2122862833,0,682860444,1440002389,9468.56986810942,9472.332417811069,,9466.786682093998,152111.0,1393-01-10
2014-03-31,66,2,25,2,305186,116943,371629,50500,2893361606,1087693760,3492649769,488405597,9480.649852876606,9398.216417448584,9301.059148474043,9671.39796039604,-66443.0,1393-01-11
2014-04-05,47,2,21,1,79705,40731,98436,22000,758352428,376219985,931181113,203391300,9514.490031992977,9459.761804624324,9236.698951658442,9245.059090909092,-18731.0,1393-01-16
2014-04-06,15,2,33,1,106739,188159,254898,40000,988977941,1743161286,2361578227,370561000,9265.38510759891,9264.79700507654,9264.299268172132,9264.025,-148159.0,1393-01-17
2014-04-07,18,0,29,0,60289,0,60289,0,554471188,0,554471188,0,9196.888122211349,9196.888122211349,,,0.0,1393-01-18
2014-04-08,48,1,27,0,147736,10000,157736,0,1352113826,91720000,1443833826,0,9152.229828883956,9153.483199776842,9172.0,,-10000.0,1393-01-19
2014-04-09,21,2,22,0,32910,53800,86710,0,299864069,487780909,787644978,0,9111.639896687935,9083.66944989044,9066.559646840147,,-53800.0,1393-01-20
2014-04-12,16,2,9,1,10409,110000,19428,100981,94150225,994630000,175710023,913070202,9045.078777980594,9044.164247477867,9042.09090909091,9042.0,-9019.0,1393-01-23
2014-04-13,8,2,23,3,12658,509513,169022,353149,114023264,4589693104,1522550176,3181166192,9008.0,9008.0,9008.0,9008.0,-156364.0,1393-01-24
2014-04-14,14,1,16,1,21726,10000,31707,19,192493860,88600000,280925520,168340,8860.069041701188,8860.047308165389,8860.0,8860.0,-9981.0,1393-01-25
2014-04-15,31,0,23,1,86469,0,86439,30,765583631,0,765318071,265560,8853.850871410563,8853.851513784288,,8852.0,30.0,1393-01-26
2014-04-16,31,0,39,0,206375,0,206375,0,1830795980,0,1830795980,0,8871.210078740158,8871.210078740158,,,0.0,1393-01-27
2014-04-19,10,0,8,0,32298,0,32298,0,283755844,0,283755844,0,8785.554647346586,8785.554647346586,,,0.0,1393-01-30
2014-04-20,28,1,46,2,79695,254593,289888,44400,709867470,2311704603,2618012073,403560000,8907.302465650291,9031.115717104536,9080.000640237557,9089.18918918919,-210193.0,1393-01-31
2014-04-21,73,0,19,2,256098,0,180698,75400,2245313196,0,1582529732,662783464,8767.398402174167,8757.870767800418,,8790.231618037134,75400.0,1393-02-01
2014-04-22,28,3,69,3,82688,685126,537452,230362,750472737,6228381712,4856689349,2122165100,9075.957055437306,9036.508095606678,9090.855860089969,9212.305414955592,-454764.0,1393-02-02
2014-04-23,39,1,31,4,2333221,100000,76048,2357173,21592773985,921205072,705989074,21807989983,9254.491531235146,9283.466678939618,9212.05072,9251.756227905207,2257173.0,1393-02-03
2014-04-26,66,3,39,5,626369,683451,172572,1137248,6027529487,6576848973,1660640956,10943737504,9622.969027841416,9622.8875831537,9623.0,9623.0,453797.0,1393-02-06
2014-04-27,88,2,40,3,594093,330000,573381,350712,5802746797,3209147518,5607511295,3404383020,9767.404761544069,9779.72987420232,9724.689448484847,9707.061691644429,20712.0,1393-02-07
2014-04-28,26,3,29,3,197469,624692,150847,671314,1894552031,6003749906,1438757969,6459543968,9594.17443244256,9537.862662167629,9610.73602031081,9622.23932168851,46622.0,1393-02-08
2014-04-29,21,3,32,0,367498,340990,708488,0,3525749257,3260853445,6786602702,0,9593.927741103353,9578.994565892435,9562.900510278894,,-340990.0,1393-02-09
2014-04-30,17,2,29,2,94601,636255,646535,84321,911006750,6109168330,6208912338,811262742,9629.990697772751,9603.366156511249,9601.760819168416,9621.123350055146,-551934.0,1393-02-10
2014-05-03,38,3,40,1,341518,811380,1096256,56642,3301798667,7802628191,10557444444,546982414,9668.007738977154,9630.45533525016,9616.49065912396,9656.834398502877,-754738.0,1393-02-13
2014-05-04,41,4,48,0,320041,235161,555202,0,3051707236,2244034451,5295741687,0,9535.363394065136,9538.40527771874,9542.545111646914,,-235161.0,1393-02-14
2014-05-05,90,3,72,5,425021,895952,709679,611294,4122625791,8630897626,6868132944,5885390473,9699.816693763369,9677.802138713418,9633.214308355804,9627.75763053457,-284658.0,1393-02-15
2014-05-11,12,2,16,5,19776,338000,134728,223048,162912441,2843791800,1129791105,1876913136,8237.886377427185,8385.718670209608,8413.585207100592,8414.8395681647,-114952.0,1393-02-21
2014-05-12,47,1,24,1,117413,16441,119554,14300,950623984,132645988,967750422,115519550,8096.411675027467,8094.672047777573,8068.0,8078.29020979021,-2141.0,1393-02-22
2014-05-14,43,0,18,0,127939,0,127939,0,1029682141,0,1029682141,0,8048.227209842191,8048.227209842191,,,0.0,1393-02-24
2014-05-17,11,4,67,0,28576,703480,732056,0,238313911,5842021989,6080335900,0,8339.652540593504,8305.834389718819,8304.460665548417,,-703480.0,1393-02-27
2014-05-18,21,0,19,0,33007,0,33007,0,268242035,0,268242035,0,8126.822643681643,8126.822643681643,,,0.0,1393-02-28
2014-05-19,14,0,20,0,30642,0,30642,0,248476975,0,248476975,0,8109.032537040664,8109.032537040664,,,0.0,1393-02-29
2014-05-20,26,0,16,0,39218,0,39218,0,315843460,0,315843460,0,8053.533071548779,8053.533071548779,,,0.0,1393-02-30
2014-05-21,20,0,21,0,48435,0,48435,0,395210573,0,395210573,0,8159.607164240735,8159.607164240735,,,0.0,1393-02-31
2014-05-24,55,3,14,1,109436,89630,122408,76658,874718712,713992580,978020964,610690328,7992.970430205783,7989.845140840468,7966.0,7966.426569960083,-12972.0,1393-03-03
2014-05-25,35,3,9,1,114576,200000,241234,73342,907857798,1583800000,1910860700,580797098,7923.629713028907,7921.191457257269,7919.0,7919.024542554062,-126658.0,1393-03-04
2014-05-26,30,0,12,0,96575,0,96575,0,757257775,0,757257775,0,7841.136681335749,7841.136681335749,,,0.0,1393-03-05
2014-05-28,20,2,20,1,53001,90000,69236,73765,414318297,706075000,543772292,576621005,7817.178864549725,7853.895256802819,7845.277777777777,7817.0,-16235.0,1393-03-07
2014-05-31,20,0,15,0,38921,0,38921,0,302966064,0,302966064,0,7784.128465352895,7784.128465352895,,,0.0,1393-03-10
2014-06-01,10,1,15,0,13361,50000,63361,0,103882245,388750000,492632245,0,7775.035177007709,7775.007417812219,7775.0,,-50000.0,1393-03-11
2014-06-02,23,0,15,0,135492,0,135492,0,1051282428,0,1051282428,0,7759.0,7759.0,,,0.0,1393-03-12
2014-06-03,23,0,12,0,22397,0,22397,0,173124223,0,173124223,0,7729.79519578515,7729.79519578515,,,0.0,1393-03-13
2014-06-07,13,2,48,1,53034,284620,291357,46297,423875133,2315516692,2371076392,368315433,7992.516743975563,8138.045051260138,8135.467261611974,7955.492429315074,-238323.0,1393-03-17
2014-06-08,15,0,8,0,17066,0,17066,0,132495970,0,132495970,0,7763.739013242704,7763.739013242704,,,0.0,1393-03-18
2014-06-09,3,1,29,2,8030,482011,164341,325700,65253160,3900482206,1332287926,2633447440,8126.171855541718,8106.85054855453,8092.102059911495,8085.500276327909,-156311.0,1393-03-19
2014-06-10,11,0,8,0,22998,0,22998,0,179636659,0,179636659,0,7810.968736411862,7810.968736411862,,,0.0,1393-03-20
2014-06-11,9,0,12,1,39374,0,36789,2585,306918873,0,286241458,20677415,7794.962995885609,7780.62621979396,,7999.0,2585.0,1393-03-21
2014-06-14,6,0,3,0,6687,0,6687,0,51730632,0,51730632,0,7736.0,7736.0,,,0.0,1393-03-24
2014-06-15,7,1,15,1,3040,240411,143451,100000,23511360,1859338674,1109450034,773400000,7734.0,7734.0,7734.0,7734.0,-140411.0,1393-03-25
2014-06-16,22,2,19,0,66708,45000,111708,0,515142475,358857435,873999910,0,7722.349268453559,7823.968829448204,7974.609666666666,,-45000.0,1393-03-26
2014-06-17,9,1,8,0,8215,15000,23215,0,63052115,116100000,179152115,0,7675.242239805234,7717.084428171441,7740.0,,-15000.0,1393-03-27
2014-06-18,7,2,36,0,31813,191460,223273,0,247346963,1534656339,1782003302,0,7775.027913117279,7981.275398279236,8015.545487308053,,-191460.0,1393-03-28
2014-06-21,8,1,15,2,9666,50000,17818,41848,76646060,399182480,141192860,334635680,7929.44961721498,7924.169940509597,7983.6496,7996.455744599503,-8152.0,1393-03-31
2014-06-22,16,0,7,0,48109,0,48109,0,370938159,0,370938159,0,7710.3693487705,7710.3693487705,,,0.0,1393-04-01
2014-06-23,14,0,5,0,25696,0,25696,0,197177684,0,197177684,0,7673.477739726028,7673.477739726028,,,0.0,1393-04-02
2014-06-24,9,1,23,4,8064,1172494,1048115,132443,62584413,9594004903,8586839442,1069749874,7760.963913690476,8192.650083244682,8182.562045520062,8077.058613894279,-1040051.0,1393-04-03
2014-06-25,8,1,3,0,4440,14190,18630,0,34797590,111207030,146004620,0,7837.295045045045,7837.070316693505,7837.0,,-14190.0,1393-04-04
2014-06-28,6,1,6,1,6443,140000,67159,79284,50470276,1116721144,533077988,634113432,7833.350302654043,7937.551005822004,7976.5796,7998.0,-60716.0,1393-04-07
2014-06-29,2,0,1,0,675,0,675,0,5275575,0,5275575,0,7815.666666666667,7815.666666666667,,,0.0,1393-04-08
2014-06-30,1,0,1,0,130,0,130,0,1015430,0,1015430,0,7811.0,7811.0,,,0.0,1393-04-09
2014-07-01,8,1,36,1,7167,228765,182432,53500,56020247,1805148352,1433222099,427946500,7816.415096972234,7856.199016619891,7890.84148361856,7999.0,-175265.0,1393-04-10
2014-07-02,14,1,12,1,21434,100000,40490,80944,171617030,800300000,323942019,647975011,8006.766352524027,8000.543813287231,8003.0,8005.225971041707,-19056.0,1393-04-11
2014-07-05,61,1,47,2,569074,100000,228590,440484,4779598924,840500000,1918268504,3701830420,8398.905808383444,8391.742875891334,8405.0,8404.006547343377,340484.0,1393-04-14
2014-07-06,31,1,27,0,42190,156516,198706,0,336792170,1241931970,1578724140,0,7982.748755629296,7945.025011826518,7934.856308620205,,-156516.0,1393-04-15
2014-07-07,10,3,53,0,51714,3114482,3166196,0,432900004,26451765075,26884665079,0,8371.040801330395,8491.156289440072,8493.150731004385,,-3114482.0,1393-04-16
2014-07-08,45,0,64,3,679272,0,337087,342185,5962704231,0,2942172837,3020531394,8778.080402254178,8728.22991393913,,8827.18819936584,342185.0,1393-04-17
2014-07-09,22,1,22,0,61162,100000,161162,0,515951185,850068413,1366019598,0,8435.812841306693,8476.065064965687,8500.68413,,-100000.0,1393-04-18
2014-07-12,8,1,24,2,52925,160000,97845,115080,455242160,1386566660,849451385,992357435,8601.6468587624,8681.60238131739,8666.041625,8623.196341675357,-44920.0,1393-04-21
2014-07-13,17,0,6,1,32565,0,32000,565,269976325,0,265296430,4679895,8290.383079993859,8290.5134375,,8283.0,565.0,1393-04-22
2014-07-14,11,0,17,0,13728,0,13728,0,116698180,0,116698180,0,8500.74155011655,8500.74155011655,,,0.0,1393-04-23
2014-07-15,14,0,10,2,37440,0,35190,2250,310651049,0,291877049,18774000,8297.303659188034,8294.317959647628,,8344.0,2250.0,1393-04-24
2014-07-16,21,0,12,1,59733,0,26712,33021,495947676,0,221568186,274379490,8302.741801014514,8294.705974842767,,8309.24230035432,33021.0,1393-04-25
2014-07-20,8,1,9,1,48439,5000,48239,5200,399900821,41500000,398190221,43210600,8255.76128739239,8254.528928874977,8300.0,8309.73076923077,200.0,1393-04-29
2014-07-21,10,0,12,1,23935,0,18080,5855,199054425,0,149316200,49738225,8316.458115730102,8258.639380530973,,8495.0,5855.0,1393-04-30
2014-07-22,46,1,26,2,220178,49720,128028,141870,1821310205,409344760,1061613811,1169041154,8271.98995812479,8292.04401380948,8233.0,8240.228053852117,92150.0,1393-04-31
2014-07-23,18,0,5,2,37863,0,12643,25220,309616327,0,103443460,206172867,8177.279322821752,8181.876136992802,,8174.974900872324,25220.0,1393-05-01
2014-07-26,11,1,10,1,12234,359641,21475,350400,99831660,2934670560,175238220,2859264000,8160.181461500736,8160.103376018626,8160.0,8160.0,-9241.0,1393-05-04
2014-07-27,18,2,33,3,48282,8375591,1651444,6772429,389491015,69922101974,13764995499,56546597490,8067.002506109938,8335.127015508851,8348.318581220119,8349.529761035516,-1603162.0,1393-05-05
2014-07-28,23,0,7,2,38620,0,10110,28510,313749743,0,82556952,231192791,8124.022345934749,8165.870623145401,,8109.182427218519,28510.0,1393-05-06
2014-08-02,5,2,8,1,11073,6260,17050,283,89977407,50724580,138347710,2354277,8125.838255215389,8114.235190615836,8102.96805111821,8319.0,-5977.0,1393-05-11
2014-08-03,16,1,3,1,38924,9019,28226,19717,311740202,72256133,226140033,157856302,8008.945689035043,8011.763374194005,8011.545958531988,8006.101435309632,10698.0,1393-05-12
2014-08-04,25,3,7,3,68171,394055,3238,458988,544918174,3150688443,25912798,3669693819,7993.4015050388,8002.717109326745,7995.555044346602,7995.184664958561,64933.0,1393-05-13
2014-08-05,1,0,1,0,650,0,650,0,5125250,0,5125250,0,7885.0,7885.0,,,0.0,1393-05-14
2014-08-06,18,1,6,1,45091,25476,22084,48483,356562305,200674452,174597401,382639356,7907.61582133907,7906.058730302481,7877.0,7892.237609058845,23007.0,1393-05-15
2014-08-09,3,0,1,0,1000,0,1000,0,7870000,0,7870000,0,7870.0,7870.0,,,0.0,1393-05-18
2014-08-10,1,2,21,1,50000,144210,141007,53203,408978160,1170840358,1148874218,430944300,8179.5632,8147.639606544356,8118.995617502253,8100.0,-91007.0,1393-05-19
2014-08-11,37,0,13,1,181469,0,71741,109728,1431595309,0,564367117,867228192,7888.924879731524,7866.730558536959,,7903.435695538058,109728.0,1393-05-20
2014-08-12,11,0,8,1,11598,0,10998,600,90942262,0,86142262,4800000,7841.2021038110015,7832.538825240953,,8000.0,600.0,1393-05-21
2014-08-13,29,1,7,2,56758,109000,19036,146722,443479157,851399000,148707656,1146170501,7813.509232178723,7811.917209497794,7811.0,7811.851671869249,37722.0,1393-05-22
2014-08-16,16,1,1,1,22668,100000,251,122417,176181358,777100000,1950772,951330586,7772.24977942474,7772.0,7771.0,7771.229371737585,22417.0,1393-05-25
2014-08-17,16,5,11,4,187026,1167125,180693,1173458,1447980594,9035028825,1398867287,9084142132,7742.135286003016,7741.679461849657,7741.269208525222,7741.344071965081,6333.0,1393-05-26
2014-08-18,10,1,10,0,16650,20000,36650,0,125845100,155990241,281835341,0,7558.264264264264,7689.91380627558,7799.51205,,-20000.0,1393-05-27
2014-08-19,13,0,13,0,26444,0,26444,0,198632131,0,198632131,0,7511.425313870822,7511.425313870822,,,0.0,1393-05-28
2014-08-20,6,0,8,0,9122,0,9122,0,68815812,0,68815812,0,7543.939048454286,7543.939048454286,,,0.0,1393-05-29
2014-08-23,12,1,18,0,41365,1599,42964,0,312590957,12152400,324743357,0,7556.894886981748,7558.499138813891,7600.0,,-1599.0,1393-06-01
2014-08-24,26,1,13,1,36527,3365680,42207,3360000,274706982,26016465500,318512482,25972660000,7520.655460344403,7546.437368209064,7729.928424567992,7729.958333333333,-5680.0,1393-06-02
2014-08-25,6,0,6,1,13760,0,7100,6660,105643450,0,54228250,51415200,7677.576308139535,7637.781690140845,,7720.0,6660.0,1393-06-03
2014-08-26,9,0,16,0,51774,0,51774,0,394088954,0,394088954,0,7611.715417004674,7611.715417004674,,,0.0,1393-06-04
2014-08-27,7,0,10,0,14141,0,14141,0,107772383,0,107772383,0,7621.270277915281,7621.270277915281,,,0.0,1393-06-05
2014-08-30,7,0,5,0,13358,0,13358,0,101056090,0,101056090,0,7565.211109447522,7565.211109447522,,,0.0,1393-06-08
2014-08-31,16,0,13,0,29818,0,29818,0,223830032,0,223830032,0,7506.540747199678,7506.540747199678,,,0.0,1393-06-09
2014-09-01,12,1,30,1,93117,157358,84597,165878,707366850,1193808405,643590335,1257584920,7596.538226102645,7607.720545645827,7586.575865224519,7581.384632078998,8520.0,1393-06-10
2014-09-02,24,1,6,2,32547,5800,23547,14800,244517985,45588000,177734990,112370995,7512.76569269057,7548.094874081624,7860.0,7592.634797297297,9000.0,1393-06-11
2014-09-03,6,2,13,2,21800,258000,27631,252169,168656760,1988660090,214574874,1942741976,7736.548623853211,7765.729579095943,7707.98484496124,7704.126899024067,-5831.0,1393-06-12
2014-09-06,7,0,10,0,10803,0,10803,0,81314080,0,81314080,0,7526.990650745163,7526.990650745163,,,0.0,1393-06-15
2014-09-07,4,1,31,2,2059,314356,111445,204970,15960569,2442849947,869262247,1589548269,7751.611947547353,7799.921459015658,7770.9665061268115,7755.028877396692,-109386.0,1393-06-16
2014-09-08,14,0,6,1,13960,0,8960,5000,105677814,0,67802814,37875000,7570.0439828080225,7567.278348214286,,7575.0,5000.0,1393-06-17
2014-09-09,13,1,8,1,13783,4144,13842,4085,104579570,31328640,104862210,31046000,7587.576724951026,7575.654529692241,7560.0,7600.0,-59.0,1393-06-18
2014-09-10,14,1,28,3,17949,1000000,82349,935600,135934009,7945963810,648555120,7433342699,7573.347205972477,7875.689079405943,7945.96381,7945.000747114152,-64400.0,1393-06-19
2014-09-13,0,1,9,0,0,17643,17643,0,0,136857700,136857700,0,,7757.053789038146,7757.053789038146,,-17643.0,1393-06-22
2014-09-14,9,1,7,1,20285,5000,14970,10315,154461220,39955000,115775200,78641020,7614.553611042642,7733.814295257181,7991.0,7623.947649054775,5315.0,1393-06-23
2014-09-15,7,0,3,0,21362,0,21362,0,162441742,0,162441742,0,7604.238460818276,7604.238460818276,,,0.0,1393-06-24
2014-09-16,5,0,15,0,18869,0,18869,0,148305690,0,148305690,0,7859.7535640468495,7859.7535640468495,,,0.0,1393-06-25
2014-09-17,4,1,3,1,5165,18831,1996,22000,39403853,143209755,15303608,167310000,7629.01316553727,7667.138276553106,7605.0,7605.0,3169.0,1393-06-26
2014-09-20,21,0,4,0,51790,0,51790,0,392885929,0,392885929,0,7586.134948831821,7586.134948831821,,,0.0,1393-06-29
2014-09-21,3,0,2,0,1724,0,1724,0,13232900,0,13232900,0,7675.696055684455,7675.696055684455,,,0.0,1393-06-30
2014-09-22,2,1,16,0,1100,43511,44611,0,8360000,342923840,351283840,0,7600.0,7874.377171549618,7881.313690790835,,-43511.0,1393-06-31
2014-09-23,4,0,4,0,5355,0,5355,0,41589000,0,41589000,0,7766.386554621848,7766.386554621848,,,0.0,1393-07-01
2014-09-24,7,1,11,1,39178,1000,40053,125,302694016,7749000,309468016,975000,7726.122211445198,7726.462836741318,7749.0,7800.0,-875.0,1393-07-02
2014-09-27,7,0,4,0,5225,0,5225,0,39883435,0,39883435,0,7633.193301435406,7633.193301435406,,,0.0,1393-07-05
2014-09-28,14,0,10,2,148959,0,19444,129515,1133704175,0,148221515,985482660,7610.847112292644,7622.995011314544,,7609.023356367988,129515.0,1393-07-06
2014-09-29,5,0,6,0,7905,0,7905,0,61458800,0,61458800,0,7774.674256799494,7774.674256799494,,,0.0,1393-07-07
2014-09-30,5,0,6,0,10781,0,10781,0,82973700,0,82973700,0,7696.289769038122,7696.289769038122,,,0.0,1393-07-08
2014-10-01,7,0,14,0,36890,0,36890,0,285398044,0,285398044,0,7736.460937923556,7736.460937923556,,,0.0,1393-07-09
2014-10-04,35,2,9,1,130270,119743,50073,199940,996270180,901063636,385660071,1511673745,7647.733016043601,7701.95656341741,7524.979631377199,7560.636916074823,80197.0,1393-07-12
2014-10-06,7,0,16,0,36274,0,36274,0,280726055,0,280726055,0,7739.0432541214095,7739.0432541214095,,,0.0,1393-07-14
2014-10-07,7,0,7,0,33602,0,33602,0,258653515,0,258653515,0,7697.56309148265,7697.56309148265,,,0.0,1393-07-15
2014-10-08,1,0,1,0,180,0,180,0,1398060,0,1398060,0,7767.0,7767.0,,,0.0,1393-07-16
2014-10-11,14,1,12,0,11958,2801,14759,0,90871865,21010301,111882166,0,7599.252801471818,7580.606138627279,7501.0,,-2801.0,1393-07-19
2014-10-12,2,1,26,0,1000,48275,49275,0,7645200,373574940,381220140,0,7645.2,7736.583257229832,7738.476229932678,,-48275.0,1393-07-20
2014-10-14,8,0,6,1,17961,0,16961,1000,135941175,0,128341175,7600000,7568.686320360782,7566.840103767467,,7600.0,1000.0,1393-07-22
2014-10-15,10,0,4,0,14270,0,14270,0,107943994,0,107943994,0,7564.400420462509,7564.400420462509,,,0.0,1393-07-23
2014-10-18,24,2,6,2,46553,135476,11095,170934,348257390,1012340869,83269654,1277328605,7480.879642557945,7505.15132942767,7472.473862529157,7472.642101629869,35458.0,1393-07-26
2014-10-19,17,0,3,1,59067,0,2850,56217,443154007,0,21452250,421701757,7502.565002454839,7527.105263157895,,7501.320899372076,56217.0,1393-07-27
2014-10-20,48,1,46,2,136603,100000,143820,92783,1045439997,785729985,1116747482,714422500,7653.12619049362,7764.896968432763,7857.29985,7699.928866279383,-7217.0,1393-07-28
2014-10-21,24,1,24,0,48949,43451,92400,0,370613623,336648500,707262123,0,7571.42378802427,7654.35198051948,7747.773353892891,,-43451.0,1393-07-29
2014-10-22,9,1,18,0,14231,96828,111059,0,109895388,743881136,853776524,0,7722.25339048556,7687.594197678712,7682.500268517371,,-96828.0,1393-07-30
2014-10-25,4,0,3,0,2567,0,2567,0,19411184,0,19411184,0,7561.816906895208,7561.816906895208,,,0.0,1393-08-03
2014-10-26,17,4,45,3,21007,859845,184369,696483,158270108,6781413943,1436379651,5503304400,7534.160422716237,7790.787231042095,7886.786505707424,7901.563139373107,-163362.0,1393-08-04
2014-10-27,6,2,15,1,5892,37136,33380,9648,46785576,292582577,262608397,76759756,7940.525458248472,7867.237777112043,7878.677752046532,7956.027777777777,-27488.0,1393-08-05
2014-10-28,4,2,8,1,42384,151500,10968,182916,332132230,1186340127,85879090,1432593267,7836.26439222348,7829.968088986141,7830.627900990099,7831.973512431936,31416.0,1393-08-06
2014-10-29,2,4,11,2,133,353000,106613,246520,1041650,2763696250,833856155,1930881745,7831.954887218045,7821.336563083301,7829.167847025496,7832.556161771864,-106480.0,1393-08-07
2014-11-01,5,3,9,2,7636,351000,27683,330953,60115188,2755360000,217126248,2598348940,7872.601885804086,7843.306289058267,7850.02849002849,7851.111607992676,-20047.0,1393-08-10
2014-11-02,10,2,14,2,34957,101000,96531,39426,267434398,794497750,752007878,309924270,7650.381840546957,7790.325159793227,7866.314356435643,7860.910820270888,-61574.0,1393-08-11
2014-11-05,27,1,19,3,96062,142000,180257,57805,733385329,1112667265,1396072572,449980022,7634.499895900564,7744.900736171134,7835.684964788732,7784.448092725543,-84195.0,1393-08-14
2014-11-08,4,2,21,2,15825,340184,83132,272877,122801250,2656069755,648288710,2130582295,7759.952606635071,7798.305225424626,7807.744500035275,7807.8485728002,-67307.0,1393-08-17
2014-11-09,5,1,7,1,10036,100000,100671,9365,77901610,780412795,785413215,72901190,7762.217018732563,7801.782191495068,7804.12795,7784.430325680726,-90635.0,1393-08-18
2014-11-10,77,0,43,2,798975,0,412683,386292,6312274331,0,3252849542,3059424789,7900.465385024563,7882.1990292791315,,7919.9796759963965,386292.0,1393-08-19
2014-11-11,18,1,12,1,87660,50000,112839,24821,686758131,389465826,880895268,195328689,7834.338706365503,7806.656102943131,7789.31652,7869.493130816647,-25179.0,1393-08-20
2014-11-12,44,2,21,2,162416,143057,243973,61500,1240416261,1120566160,1877202421,483780000,7637.278722539651,7694.303963963225,7833.004746359843,7866.341463414634,-81557.0,1393-08-21
2014-11-15,36,0,13,2,167793,0,102674,65119,1275150767,0,782958169,492192598,7599.546864291121,7625.671241015252,,7558.35620940125,65119.0,1393-08-24
2014-11-16,82,2,17,0,168101,33040,201141,0,1260465458,251155310,1511620768,0,7498.262699210593,7515.229455953784,7601.552966101695,,-33040.0,1393-08-25
2014-11-17,40,0,19,1,79618,0,78918,700,594209131,0,588959131,5250000,7463.251161797583,7462.92520084138,,7500.0,700.0,1393-08-26
2014-11-18,33,1,14,1,96939,550230,391988,255181,720660491,4087658670,2912579512,1895739649,7434.164691197558,7430.277232976519,7429.0,7429.0,-295049.0,1393-08-27
2014-11-19,22,0,11,0,58357,0,58357,0,429055314,0,429055314,0,7352.2510410062205,7352.2510410062205,,,0.0,1393-08-28
2014-11-22,45,0,12,0,117244,0,117244,0,855412024,0,855412024,0,7295.998294155777,7295.998294155777,,,0.0,1393-09-01
2014-11-23,17,0,11,0,37078,0,37078,0,271963009,0,271963009,0,7334.888855925346,7334.888855925346,,,0.0,1393-09-02
2014-11-24,54,1,13,1,146722,2089,129863,18948,1066664628,15122271,943718539,138068360,7269.970611087635,7267.031710340898,7239.0,7286.698332277813,16859.0,1393-09-03
2014-11-25,21,2,10,0,33077,25564,58641,0,238482605,185033171,423515776,0,7209.922453668712,7222.178612233762,7238.036731340948,,-25564.0,1393-09-04
2014-11-26,13,1,35,1,15595,77143,92438,300,112691931,571405003,681918934,2178000,7226.157806989419,7377.041195179471,7407.088173910789,7260.0,-76843.0,1393-09-05
2014-11-29,25,1,11,2,75714,22519,97060,1173,550098382,161844053,703319935,8622500,7265.4777451990385,7246.238769833093,7187.0,7350.809889173061,-21346.0,1393-09-08
2014-11-30,14,0,4,0,12019,0,12019,0,86340181,0,86340181,0,7183.640985106914,7183.640985106914,,,0.0,1393-09-09
2014-12-01,16,1,6,0,11237,17378,28615,0,80649040,124548126,205197166,0,7177.097089970633,7170.965088240433,7167.0,,-17378.0,1393-09-10
2014-12-02,13,1,10,0,7476,6897,14373,0,53643684,49382520,103026204,0,7175.45264847512,7168.037570444583,7160.0,,-6897.0,1393-09-11
2014-12-03,11,2,10,0,13871,189222,203093,0,99339575,1354271854,1453611429,0,7161.673635642708,7157.368442043793,7157.052847977508,,-189222.0,1393-09-12
2014-12-06,6,0,12,0,202806,0,202806,0,1442402372,0,1442402372,0,7112.227310829068,7112.227310829068,,,0.0,1393-09-15
2014-12-07,7,1,9,0,14163,33869,48032,0,100091421,239352223,339443644,0,7067.10590976488,7067.031229180547,7067.0,,-33869.0,1393-09-16
2014-12-08,19,0,18,0,37922,0,37922,0,267775716,0,267775716,0,7061.22345867834,7061.22345867834,,,0.0,1393-09-17
2014-12-09,8,0,5,0,9592,0,9592,0,67677300,0,67677300,0,7055.598415346121,7055.598415346121,,,0.0,1393-09-18
2014-12-10,14,1,21,0,40245,147378,187623,0,283566270,1068092955,1351659225,0,7046.0,7204.123295118402,7247.30254854863,,-147378.0,1393-09-19
2014-12-14,7,1,23,0,6660,53250,59910,0,48203680,386637886,434841566,0,7237.78978978979,7258.246803538641,7260.805370892019,,-53250.0,1393-09-23
2014-12-15,13,1,18,1,60294,454270,42697,471867,424140861,3258680136,307501174,3375319823,7034.545079112349,7201.938637374991,7173.443405903978,7153.116922776969,17597.0,1393-09-24
2014-12-16,5,1,5,1,21503,273409,16779,278133,151882889,1974986104,121385634,2005483359,7063.334836999488,7234.378330055426,7223.559224458595,7210.519280344296,4724.0,1393-09-25
2014-12-17,21,1,11,0,106421,64620,171041,0,745332362,465619316,1210951678,0,7003.621108615781,7079.891242450641,7205.498545342,,-64620.0,1393-09-26
2014-12-20,6,1,9,0,7795,7700,15495,0,54612350,55420000,110032350,0,7006.074406670943,7101.1519845111325,7197.402597402597,,-7700.0,1393-09-29
2014-12-22,21,2,10,2,71377,29027,29273,71131,515497948,210237342,210598801,515136489,7222.18569006823,7194.301950602945,7242.820201881007,7242.081356932983,42104.0,1393-10-01
2014-12-24,59,3,25,2,220014,228653,88493,360174,1543564238,1605935507,636401108,2513098637,7015.754624705701,7191.541794266213,7023.461345357376,6977.457109619239,131521.0,1393-10-03
2015-01-04,18,2,35,2,300744,485152,653496,132400,1176622244,1938572269,2597245713,517948800,3912.3714654323935,3974.386550185464,3995.803931551349,3912.0,-352752.0,1393-10-14
2015-01-05,9,3,26,4,16608,1719201,484917,1250892,64108460,6621414587,1873339739,4812183308,3860.095134874759,3863.217290794095,3851.448775913928,3847.001426182276,-468309.0,1393-10-15
2015-01-06,10,2,12,2,22242,100590,32932,89900,82269215,373171224,121949439,333491000,3698.822722776729,3703.068110044941,3709.8242767670745,3709.5773081201337,-10690.0,1393-10-16
2015-01-07,6,3,13,2,104458,188500,43045,249913,384942880,703185290,161145635,926982535,3685.14503436788,3743.655128354048,3730.4259416445625,3709.220948890214,61413.0,1393-10-17
2015-01-10,4,3,24,0,27810,430900,458710,0,101732980,1578450575,1680183555,0,3658.143833153542,3662.844836607007,3663.14823624971,,-430900.0,1393-10-20
2015-01-11,9,2,14,1,35751,1272780,1277031,31500,129386857,4593806360,4609139717,114053500,3619.1115493272914,3609.2622003694505,3609.269755967253,3620.746031746032,-1241280.0,1393-10-21
2015-01-12,17,3,14,1,74132,102360,172255,4237,263445713,372399118,620676371,15168460,3553.7381023039984,3603.241537255813,3638.131281750684,3580.0,-98123.0,1393-10-22
2015-01-13,10,2,15,2,50542,85874,66306,70110,181264767,309571914,237436545,253400136,3586.4185627794704,3580.920957379423,3604.955097002585,3614.322293538725,-15764.0,1393-10-23
2015-01-14,6,2,7,1,10674,6294,15968,1000,37817980,22507061,56707041,3618000,3542.999812628818,3551.292647795591,3575.955036542739,3618.0,-5294.0,1393-10-24
2015-01-17,29,3,13,2,320590,29385,47624,302351,1172608316,107771400,173403250,1106976466,3657.6571820705576,3641.089576684025,3667.5650842266464,3661.229716455378,272966.0,1393-10-27
2015-01-18,19,1,12,2,42508,16000,41758,16750,153470438,57961400,150956838,60475000,3610.389526677331,3615.039944441784,3622.5875,3610.4477611940297,750.0,1393-10-28
2015-01-19,13,1,8,1,51674,496034,237714,309994,181784185,1724833218,827539003,1079078400,3517.904265201068,3481.237970838907,3477.2479668732385,3480.9654380407364,-186040.0,1393-10-29
2015-01-20,5,0,8,0,26160,0,26160,0,90479106,0,90479106,0,3458.6814220183487,3458.6814220183487,,,0.0,1393-10-30
2015-01-21,10,1,9,0,55005,152000,207005,0,188090835,519413000,707503835,0,3419.5224979547315,3417.8103668993504,3417.190789473684,,-152000.0,1393-11-01
2015-01-24,6,2,5,0,6247,157270,163517,0,21211065,533931650,555142715,0,3395.400192092204,3395.015288930203,3395.0,,-157270.0,1393-11-04
2015-01-25,4,0,5,0,8448,0,8448,0,29457200,0,29457200,0,3486.884469696969,3486.884469696969,,,0.0,1393-11-05
2015-01-26,4,1,9,0,11659,18274,29933,0,39671937,64136770,103808707,0,3402.687794836607,3468.035512644907,3509.72802889351,,-18274.0,1393-11-06
2015-01-27,7,1,5,0,16061,1000,17061,0,54251397,3570000,57821397,0,3377.8343191582094,3389.097766836645,3570.0,,-1000.0,1393-11-07
2015-01-28,12,1,16,1,37100,211000,148100,100000,127258420,738819347,517539327,348538440,3430.1460916442047,3494.5261782579337,3501.513492890995,3485.3844,-111000.0,1393-11-08
2015-01-31,6,0,4,1,11800,0,11500,300,41396680,0,40327480,1069200,3508.193220338983,3506.737391304348,,3564.0,300.0,1393-11-11
2015-02-01,6,1,7,1,36701,4000,31091,9610,127612412,14177000,107746910,34042502,3477.082695294406,3465.533755749252,3544.25,3542.40395421436,5610.0,1393-11-12
2015-02-02,10,1,8,1,99645,8000,64705,42940,350237055,28073450,228040550,150269955,3514.8482613277133,3524.3111042423307,3509.18125,3499.533185840708,34940.0,1393-11-13
2015-02-03,15,1,10,1,51663,5000,25648,31015,181310155,17594500,89754870,109149785,3509.4778661711475,3499.488069245165,3518.9,3519.257939706594,26015.0,1393-11-14
2015-02-04,16,3,21,3,170303,326000,187870,308433,617298661,1180438603,683851511,1113885753,3624.708085001439,3640.025075850322,3620.977309815951,3611.435070177316,-17567.0,1393-11-15
2015-02-07,10,1,18,2,355097,23739,82439,296397,1265451115,86294383,298401279,1053344219,3563.6772909937285,3619.661555817028,3635.13134504402,3553.8288815338888,272658.0,1393-11-18
2015-02-08,6,2,18,0,30072,15200,45272,0,110703908,55259600,165963508,0,3681.2951582867786,3665.919508747129,3635.5,,-15200.0,1393-11-19
2015-02-09,13,1,14,0,38727,9000,47727,0,135939689,32276420,168216109,0,3510.204482660676,3524.5481383703145,3586.268888888889,,-9000.0,1393-11-20
2015-02-10,11,1,8,0,15271,3800,19071,0,52678998,13612300,66291298,0,3449.61024163447,3476.026322688899,3582.184210526316,,-3800.0,1393-11-21
2015-02-14,9,2,12,0,23981,52000,75981,0,85075632,186086496,271162128,0,3547.62653767566,3568.8149405772497,3578.5864615384617,,-52000.0,1393-11-25
2015-02-15,5,2,15,1,36420,72000,37805,70615,129387920,257503793,134576385,252315328,3552.661175178473,3559.7509588678745,3576.4415694444447,3573.112341570488,-1385.0,1393-11-26
2015-02-16,9,2,14,1,26198,37000,44778,18420,91097050,132182906,157557396,65722560,3477.252080311474,3518.6340613694224,3572.510972972973,3568.0,-18580.0,1393-11-27
2015-02-17,6,2,10,1,20131,71000,38164,52967,71299710,253235620,135304480,189230850,3541.786796483036,3545.34325542396,3566.6988732394366,3572.617856401155,-18033.0,1393-11-28
2015-02-18,2,1,10,0,4210,29712,33922,0,14786100,105308141,120094241,0,3512.137767220903,3540.305436000236,3544.296614162628,,-29712.0,1393-11-29
2015-02-21,5,1,15,1,173515,80000,53515,200000,619387050,282682340,188914140,713155250,3569.645563784111,3530.115668504158,3533.52925,3565.77625,120000.0,1393-12-02
2015-02-22,19,1,12,2,122001,215520,275552,61969,427956331,741319090,953523945,215751476,3507.810026147327,3460.413805742655,3439.6765497401634,3481.6033177879262,-153551.0,1393-12-03
2015-02-23,16,3,14,4,92467,3291644,2966805,417306,315111386,11228920022,10115599090,1428432318,3407.8253430953746,3409.593515583262,3411.340965790954,3422.985334502739,-2874338.0,1393-12-04
2015-02-24,6,1,2,2,14609,2000,9641,6968,49120052,6890000,31952492,24057560,3362.314463686768,3314.2300591224976,3445.0,3452.577497129736,4968.0,1393-12-05
2015-02-25,2,0,1,0,2467,0,2467,0,8209107,0,8209107,0,3327.566680178354,3327.566680178354,,,0.0,1393-12-06
2015-02-28,10,0,3,1,69088,0,1729,67359,233472587,0,5834749,227637838,3379.350784506716,3374.637941006362,,3379.471755815852,67359.0,1393-12-09
2015-03-01,15,1,10,2,177780,80000,16194,241586,583958986,268600000,53070225,799488761,3284.7282371470355,3277.153575398296,3357.5,3309.333988724512,161586.0,1393-12-10
2015-03-02,10,1,7,1,9850,20000,20350,9500,32142640,67320000,67485640,31977000,3263.212182741117,3316.2476658476658,3366.0,3366.0,-10500.0,1393-12-11
2015-03-03,18,1,5,2,136760,41000,17597,160163,452477552,137739013,58813733,531402832,3308.551857268207,3342.259078251974,3359.4881219512195,3317.8876020054568,119163.0,1393-12-12
2015-03-04,15,3,10,4,79382,10223180,19080,10283482,261528120,34738453700,64408800,34935573020,3294.551913532035,3375.723270440252,3398.0086137581457,3397.251341520314,60302.0,1393-12-13
2015-03-07,19,2,4,2,42961,388991,13045,418907,140836575,1285524420,43043612,1383317383,3278.242475733805,3299.6252970486776,3304.766485599924,3302.2064157438285,29916.0,1393-12-16
2015-03-08,3,2,6,2,8340,282000,17872,272468,28158900,946752128,60310248,914600780,3376.36690647482,3374.566248880931,3357.27704964539,3356.72732210755,-9532.0,1393-12-17
2015-03-09,6,2,5,2,101520,114718,6118,210120,330308080,380443526,20182326,690569280,3253.6256895193064,3298.843739784243,3316.336808521766,3286.547115933752,95402.0,1393-12-18
2015-03-10,6,1,1,2,68708,14000,1000,81708,223448940,47879000,3430000,267897940,3252.1531699365432,3430.0,3419.928571428572,3278.7235032065405,67708.0,1393-12-19
2015-03-11,5,0,2,1,81825,0,825,81000,266156330,0,2676700,263479630,3252.750748548732,3244.4848484848485,,3252.834938271605,81000.0,1393-12-20
2015-03-14,14,2,7,3,93694,205000,36343,262351,310412672,676440000,120540118,866312554,3313.047495037036,3316.7354923919324,3299.7073170731705,3302.1126429859232,57351.0,1393-12-23
2015-03-15,20,0,3,2,88821,0,2480,86341,288953371,0,8123000,280830371,3253.210062935567,3275.403225806452,,3252.5726016608564,86341.0,1393-12-24
2015-03-16,6,0,4,1,15100,0,11100,4000,49592000,0,36324000,13268000,3284.2384105960264,3272.4324324324325,,3317.0,4000.0,1393-12-25
2015-03-17,12,1,1,4,114217,881331,26000,969548,366994843,2831716503,83538000,3115173346,3213.13677473581,3213.0,3213.0,3213.016112662808,88217.0,1393-12-26
2015-03-18,8,0,30,1,368622,0,300122,68500,1249876394,0,1023826394,226050000,3390.672271324012,3411.3673572747084,,3300.0,68500.0,1393-12-27
2015-03-25,6,0,9,0,25771,0,25771,0,88471843,0,88471843,0,3433.0,3433.0,,,0.0,1394-01-05
2015-03-28,9,0,6,0,30352,0,30352,0,104259120,0,104259120,0,3435.0,3435.0,,,0.0,1394-01-08
2015-03-29,20,0,2,1,302528,0,2528,300000,1039788736,0,8688736,1031100000,3437.0,3437.0,,3437.0,300000.0,1394-01-09
2015-03-30,10,0,8,1,231385,0,31385,200000,800129330,0,108529330,691600000,3458.0,3458.0,,3458.0,200000.0,1394-01-10
2015-03-31,1,0,4,0,22050,0,22050,0,76579650,0,76579650,0,3473.0,3473.0,,,0.0,1394-01-11
2015-04-04,60,0,2,1,1541687,0,2600,1539087,5355820638,0,9032400,5346788238,3474.0,3474.0,,3474.0,1539087.0,1394-01-15
2015-04-05,98,0,17,1,2676425,0,787429,1888996,9578912827,0,2818196143,6760716684,3578.9954237462284,3578.9844455817606,,3579.0,1888996.0,1394-01-16
2015-04-06,86,0,54,3,5405382,0,639970,4765412,20065232967,0,2371747504,17693485463,3712.084172219466,3706.029195118521,,3712.897324092859,4765412.0,1394-01-17
2015-04-07,69,1,63,1,1544542,100000,1606910,37632,5909883756,382439132,6147176264,145146624,3826.301748997437,3825.463942597905,3824.39132,3857.0,-62368.0,1394-01-18
2015-04-08,59,0,29,0,987503,0,987503,0,3696439433,0,3696439433,0,3743.218433766784,3743.218433766784,,,0.0,1394-01-19
2015-04-11,16,1,16,0,263656,58500,322156,0,976192664,215254250,1191446914,0,3702.5239857996794,3698.353946535219,3679.559829059829,,-58500.0,1394-01-22
2015-04-12,15,2,16,0,71614,414000,485614,0,259190192,1495782000,1754972192,0,3619.267070684503,3613.9242114107087,3613.0,,-414000.0,1394-01-23
2015-04-13,11,5,27,1,55248,2757245,2812489,4,197938042,9868179855,10066103181,14716,3582.7186866492902,3579.072906951814,3579.0,3679.0,-2757241.0,1394-01-24
2015-04-14,11,1,9,1,37010,50000,37010,50000,129089151,178750000,129089151,178750000,3487.9532828965143,3487.9532828965143,3575.0,3575.0,0.0,1394-01-25
2015-04-15,9,0,7,1,36716,0,11316,25400,129910750,0,40049550,89861200,3538.2598866978974,3539.1967126193,,3537.8425196850394,25400.0,1394-01-26
2015-04-18,13,1,13,0,91222,35182,126404,0,315117185,121719806,436836991,0,3454.398993663809,3455.879489573115,3459.7182081746346,,-35182.0,1394-01-29
2015-04-19,5,2,9,1,20950,197549,68499,150000,72515301,681083145,236187286,517411160,3461.3508830548926,3448.0399129914304,3447.666882646837,3449.407733333333,-47549.0,1394-01-30
2015-04-20,10,3,9,2,57273,194503,142801,108975,195994349,669109610,489874834,375229125,3422.107258219405,3430.472013501306,3440.0991758481878,3443.258774948383,-85528.0,1394-01-31
2015-04-21,9,1,10,1,72922,73722,104384,42260,249471179,251892020,356815499,144547700,3421.0687995392336,3418.2968558399757,3416.782235967554,3420.437766209181,-31462.0,1394-02-01
2015-04-22,6,0,4,1,213449,0,13449,200000,741035168,0,46493125,694542043,3471.7200267979706,3456.9949438619974,,3472.710215,200000.0,1394-02-02
2015-04-25,13,1,13,1,130654,500000,378037,252617,450516590,1720143580,1302324153,868336017,3448.165306840969,3444.9647865156057,3440.28716,3437.3617650435244,-247383.0,1394-02-05
2015-04-26,9,2,9,1,43940,116191,60131,100000,151072091,403199452,208996738,345274805,3438.144993172508,3475.690376012373,3470.1435739429044,3452.74805,-16191.0,1394-02-06
2015-04-27,12,1,12,1,43712,6862,46251,4323,150029792,23063182,158298644,14794330,3432.2335285505123,3422.5993816349915,3361.0,3422.236872542216,-2539.0,1394-02-07
2015-04-28,4,1,12,0,11663,100000,111663,0,39265960,336037875,375303835,0,3366.711823716025,3361.040228186597,3360.37875,,-100000.0,1394-02-08
2015-04-29,4,1,6,1,21492,10949,32181,260,74087956,36808538,110004954,891540,3447.2341336311188,3418.319940337466,3361.817334916431,3429.0,-10689.0,1394-02-09
2015-05-03,11,1,6,0,57788,200000,257788,0,193477860,669600000,863077860,0,3348.0629196372947,3348.014104613093,3348.0,,-200000.0,1394-02-13
2015-05-04,10,1,9,0,55458,185195,240653,0,185006688,616884545,801891233,0,3335.9783620036783,3332.147253514396,3331.0,,-185195.0,1394-02-14
2015-05-05,10,0,7,0,25134,0,25134,0,83350600,0,83350600,0,3316.248905864566,3316.248905864566,,,0.0,1394-02-15
2015-05-06,11,0,13,1,152892,0,137888,15004,532437855,0,480524015,51913840,3482.4441762812967,3484.886393304711,,3460.0,15004.0,1394-02-16
2015-05-09,4,0,4,0,9870,0,9870,0,34390704,0,34390704,0,3484.36717325228,3484.36717325228,,,0.0,1394-02-19
2015-05-10,11,1,13,1,31337,100000,51897,79440,106741566,353033660,179034266,280740960,3406.24712001787,3449.799911362892,3530.3366,3534.0,-20560.0,1394-02-20
2015-05-11,8,1,9,0,11018,4118,15136,0,38470328,14329600,52799928,0,3491.5890361227084,3488.36733615222,3479.747450218553,,-4118.0,1394-02-21
2015-05-12,17,1,16,2,164431,100000,65752,198679,577501580,356094042,232247087,701348535,3512.1210720606214,3532.1676450906434,3560.94042,3530.058712798031,98679.0,1394-02-22
2015-05-13,19,1,7,1,73377,7000,66817,13560,259020848,24719000,235235728,48504120,3530.000517873448,3520.596973824027,3531.285714285714,3577.0,6560.0,1394-02-23
2015-05-17,26,1,21,2,149887,50000,46228,153659,526965747,179282385,163005087,543243045,3515.7535143141167,3526.1115990308904,3585.6477,3535.380582979194,103659.0,1394-02-27
2015-05-18,11,2,10,2,73987,101595,36408,139174,257666605,351381060,126756741,482290924,3482.592955519213,3481.562870797627,3458.645208917762,3465.3809188497853,37579.0,1394-02-28
2015-05-19,9,2,5,1,20265,1010,3688,17587,70968620,3495500,12873120,61591000,3502.029114236368,3490.5422993492407,3460.891089108911,3502.075396599761,16577.0,1394-02-29
2015-05-20,28,3,25,2,216289,34966770,224716,34958343,775530166,123921903845,805049947,123892384064,3585.620008414668,3582.5217029495006,3543.99059006594,3544.000471189381,-8427.0,1394-02-30
2015-05-31,20,2,33,2,618858,251370,716110,154118,1809568105,729535840,2087875267,451228678,2924.044134518743,2915.5789850721258,2902.239089787962,2927.812961497035,-97252.0,1394-03-10
2015-06-01,19,1,15,1,123978,50000,153978,20000,359770418,145550000,447640418,57680000,2901.889190017584,2907.171271220564,2911.0,2884.0,-30000.0,1394-03-11
2015-06-02,14,2,19,2,232482,34979040,195297,35016225,684194870,103537906921,575645791,103646456000,2943.001479684449,2947.540366723503,2959.998528290085,2959.9551636419974,37185.0,1394-03-12
2015-06-10,3,2,10,0,49040,18000,67040,0,145476000,53658000,199134000,0,2966.4763458401303,2970.375894988066,2981.0,,-18000.0,1394-03-20
2015-06-13,9,0,13,1,42310,0,42300,10,128399945,0,128369945,30000,3034.742259513117,3034.750472813239,,3000.0,10.0,1394-03-23
2015-06-14,8,0,13,1,41603,0,41593,10,126895045,0,126865045,30000,3050.1416965122708,3050.153751833241,,3000.0,10.0,1394-03-24
2015-06-15,9,1,20,0,101279,42194,143473,0,310258840,129747726,440006566,0,3063.4074191095883,3066.824879942568,3075.0278712613167,,-42194.0,1394-03-25
2015-06-16,8,0,10,1,133581,0,116428,17153,410149914,0,356975614,53174300,3070.421047903519,3066.06326656818,,3100.0,17153.0,1394-03-26
2015-06-17,13,0,20,1,114847,0,114843,4,357345442,0,357333122,12320,3111.4913058242705,3111.492402671473,,3080.0,4.0,1394-03-27
2015-06-20,14,0,7,1,48647,0,48147,500,148082255,0,146517255,1565000,3044.016177770469,3043.1232475543648,,3130.0,500.0,1394-03-30
2015-06-21,8,0,19,0,71482,0,71482,0,223360806,0,223360806,0,3124.713997929549,3124.713997929549,,,0.0,1394-03-31
2015-06-22,17,1,12,1,119717,94428,14145,200000,376031097,296598348,44429445,628200000,3141.0,3141.0,3141.0,3141.0,105572.0,1394-04-01
2015-06-23,65,3,12,4,750282,410572,99854,1061000,2369381438,1296586376,315329814,3350638000,3157.987847236106,3157.9086866825564,3158.0,3158.0,650428.0,1394-04-02
2015-06-24,55,1,29,2,457201,200000,292141,365060,1449955501,644617952,945746910,1148826543,3171.374299268812,3237.2960659407613,3223.08976,3146.952673533118,165060.0,1394-04-03
2015-06-27,16,1,8,1,125381,1297,41337,85341,394216969,3983087,131895388,266304668,3144.1523755592957,3190.7344025933185,3071.0,3120.47747272706,84044.0,1394-04-06
2015-06-28,5,1,9,0,56974,3041,60015,0,180262990,9487920,189750910,0,3163.9518025766138,3161.724735482796,3120.0,,-3041.0,1394-04-07
2015-06-29,10,2,10,1,197211,56357,70641,182927,620314690,177241770,221332410,576224050,3145.4365628692112,3133.200407695248,3144.982344695424,3150.021866646258,126570.0,1394-04-08
2015-06-30,19,1,16,1,219910,100,99680,120330,703420379,318000,318616379,385122000,3198.6739075076166,3196.3922451845906,3180.0,3200.548491647968,120230.0,1394-04-09
2015-07-01,14,0,9,0,35204,0,35204,0,111085460,0,111085460,0,3155.478354732417,3155.478354732417,,,0.0,1394-04-10
2015-07-04,16,1,21,1,145201,628,144189,1640,466038018,1909748,462617766,5330000,3209.6061184151627,3208.412333811872,3041.0,3250.0,1012.0,1394-04-13
2015-07-05,12,0,36,0,213911,0,213911,0,702115650,0,702115650,0,3282.279312424326,3282.279312424326,,,0.0,1394-04-14
2015-07-06,25,1,23,0,499549,100000,599549,0,1654913296,331269751,1986183047,0,3312.8147509053165,3312.795196055702,3312.69751,,-100000.0,1394-04-15
2015-07-07,13,2,14,0,166138,104000,270138,0,558445401,349584000,908029401,0,3361.334559221852,3361.353830264532,3361.3846153846152,,-104000.0,1394-04-16
2015-07-11,20,2,11,1,199614,150000,49614,300000,675493776,507600000,167893776,1015200000,3384.0,3384.0,3384.0,3384.0,150000.0,1394-04-20
2015-07-12,34,1,10,2,595093,200000,37563,757530,2031052409,682600000,128202519,2585449890,3413.0,3413.0,3413.0,3413.0,557530.0,1394-04-21
2015-07-13,63,1,11,1,1482197,150000,132197,1500000,5156563363,521850000,459913363,5218500000,3479.0,3479.0,3479.0,3479.0,1350000.0,1394-04-22
2015-07-14,52,2,43,2,1259536,633433,877969,1015000,4555650086,2289839318,3173219404,3672270000,3616.9272541634377,3614.2727180572433,3614.966883632523,3618.0,381567.0,1394-04-23
2015-07-15,78,0,53,1,981746,0,431999,549747,3685962594,0,1605719946,2080242648,3754.4971856264247,3716.9529235021378,,3784.0,549747.0,1394-04-24
2015-07-20,26,0,35,0,309897,0,309897,0,1157061144,0,1157061144,0,3733.6958537836767,3733.6958537836767,,,0.0,1394-04-29
2015-07-21,18,0,17,0,126148,0,126148,0,474582525,0,474582525,0,3762.1089910264136,3762.1089910264136,,,0.0,1394-04-30
2015-07-22,28,0,23,0,456063,0,456063,0,1643008529,0,1643008529,0,3602.591152976672,3602.591152976672,,,0.0,1394-04-31
2015-07-25,11,3,40,0,91700,348009,439709,0,321941811,1215358515,1537300326,0,3510.815823336968,3496.176621356397,3492.3192072618813,,-348009.0,1394-05-03
2015-07-26,22,1,7,0,63927,34766,98693,0,221129369,120012232,341141601,0,3459.0919173432194,3456.5936895220534,3452.0,,-34766.0,1394-05-04
2015-07-27,13,1,17,1,210579,17226,133635,94170,731389950,59309118,465745534,324953534,3473.2330859202484,3485.2062259138697,3443.0,3450.7118402888395,76944.0,1394-05-05
2015-07-28,23,1,11,1,131171,47468,47902,130737,451003747,162672836,164711181,448965402,3438.288547011153,3438.5032148970818,3427.0,3434.111246242456,83269.0,1394-05-06
2015-07-29,11,0,3,1,37416,0,23100,14316,128914067,0,79723000,49191067,3445.4262080393414,3451.212121212121,,3436.0901788209,14316.0,1394-05-07
2015-08-01,29,1,11,1,57357,156777,209225,4909,196497792,534609570,714367672,16739690,3425.872901302369,3414.3514016011472,3410.0,3410.0,-151868.0,1394-05-10
2015-08-02,17,0,8,0,98810,0,98810,0,335710482,0,335710482,0,3397.535492359073,3397.535492359073,,,0.0,1394-05-11
2015-08-03,10,0,8,0,17938,0,17938,0,60989692,0,60989692,0,3400.0274278068905,3400.0274278068905,,,0.0,1394-05-12
2015-08-04,20,0,7,0,112807,0,112807,0,382236595,0,382236595,0,3388.4120223035807,3388.4120223035807,,,0.0,1394-05-13
2015-08-05,19,1,9,0,61316,1000,62316,0,207388687,3375000,210763687,0,3382.293153499902,3382.1761184928428,3375.0,,-1000.0,1394-05-14
2015-08-08,18,2,11,0,72894,82813,155707,0,245743050,279153810,524896860,0,3371.2383735286853,3371.054994316248,3370.8935795104635,,-82813.0,1394-05-17
2015-08-10,4,0,6,0,15389,0,15389,0,52188010,0,52188010,0,3391.254142569368,3391.254142569368,,,0.0,1394-05-19
2015-08-12,6,0,6,0,27145,0,27145,0,91667209,0,91667209,0,3376.9463621293057,3376.9463621293057,,,0.0,1394-05-21
2015-08-15,7,1,24,0,124124,112211,236335,0,430346615,388710065,819056680,0,3467.070147594341,3465.6596779994497,3464.0994644018856,,-112211.0,1394-05-24
2015-08-16,10,1,13,1,82614,13366042,278403,13170253,277106080,47069787066,948091827,46398801319,3354.2266443944127,3405.465555328068,3521.5950291043528,3523.0,-195789.0,1394-05-25
2015-08-17,6,2,23,1,63081,20301388,364469,20000000,222612003,72053694187,1276306190,71000000000,3528.986588671708,3501.82372163339,3549.2003890078845,3550.0,-301388.0,1394-05-26
2015-08-18,12,0,11,0,118729,0,118729,0,404769880,0,404769880,0,3409.1913517337803,3409.1913517337803,,,0.0,1394-05-27
2015-08-19,6,1,8,0,6518,24952,31470,0,22141599,84984568,107126167,0,3396.992789199141,3404.0726723864,3405.922090413594,,-24952.0,1394-05-28
2015-08-22,9,0,7,0,37401,0,37401,0,126052878,0,126052878,0,3370.3076923076924,3370.3076923076924,,,0.0,1394-05-31
2015-08-23,6,0,6,0,38937,0,38937,0,131167439,0,131167439,0,3368.70942805044,3368.70942805044,,,0.0,1394-06-01
2015-08-24,6,1,6,1,42553,319166,161719,200000,143504760,1087465880,550970640,680000000,3372.3770356966606,3406.9629418930367,3407.2109184562264,3400.0,-119166.0,1394-06-02
2015-08-25,8,1,10,0,48894,5853,54747,0,163343410,19519755,182863165,0,3340.76594265145,3340.149505909,3335.0,,-5853.0,1394-06-03
2015-08-26,7,0,5,0,9140,0,9140,0,30536200,0,30536200,0,3340.940919037199,3340.940919037199,,,0.0,1394-06-04
2015-08-29,5,0,9,0,37278,0,37278,0,125727686,0,125727686,0,3372.704705188047,3372.704705188047,,,0.0,1394-06-07
2015-08-30,13,1,7,0,15623,14425,30048,0,52025769,47991975,100017744,0,3330.075465659605,3328.5990415335464,3327.0,,-14425.0,1394-06-08
2015-08-31,4,0,7,0,71010,0,71010,0,240530255,0,240530255,0,3387.272989719758,3387.272989719758,,,0.0,1394-06-09
2015-09-01,8,4,5,1,29434,429884,109447,349871,97784824,1429078764,364813997,1162049591,3322.1724536250595,3333.248028726233,3324.3357836067403,3321.36584912725,-80013.0,1394-06-10
2015-09-02,17,2,3,1,1591328,1209075,23313,2777090,5227841420,4085838600,76833750,9236846270,3285.206707856583,3295.7470081070646,3379.309472117114,3326.0881966374877,1568015.0,1394-06-11
2015-09-05,6,1,26,1,72282,1382595,161883,1292994,245117317,4766904806,551297613,4460724510,3391.125273235384,3405.531235521951,3447.795490364134,3449.918955540397,-89601.0,1394-06-14
2015-09-06,5,1,7,1,76805,688996,126743,639058,262684197,2350108480,432965839,2179826838,3420.1444827810687,3416.0927151795368,3410.9174508995698,3411.0,-49938.0,1394-06-15
2015-09-07,7,1,18,1,47693,1795660,235261,1608092,165887090,6334217800,823874380,5676230510,3478.2272031535026,3501.959015731464,3527.515119788824,3529.79214497678,-187568.0,1394-06-16
2015-09-08,4,0,5,1,22533,0,11668,10865,77716490,0,40253970,37462520,3449.007677628367,3449.946006170723,,3448.0,10865.0,1394-06-17
2015-09-09,4,2,13,1,19160,1416575,53040,1382695,67440590,5029876945,187367590,4909949945,3519.863778705637,3532.571455505279,3550.731126131691,3551.0,-33880.0,1394-06-18
2015-09-12,5,2,27,2,88220,2096250,134470,2050000,312859420,7425519111,482858531,7255520000,3546.354794831104,3590.8271807838178,3542.2869939177103,3539.278048780488,-46250.0,1394-06-21
2015-09-13,29,1,7,2,233441,146352,229409,150384,788357156,492474480,773687259,507144377,3377.1152282589605,3372.523567078885,3365.0,3372.3293501968296,4032.0,1394-06-22
2015-09-14,6,2,31,1,194132,720000,899132,15000,670341340,2611266604,3228357944,53250000,3453.0182556198874,3590.527246277521,3626.7591722222223,3550.0,-705000.0,1394-06-23
2015-09-15,22,1,9,1,432861,50000,431182,51679,1460151444,168730000,1454670940,174210504,3373.257105629752,3373.681971881943,3374.6,3371.0115133806767,1679.0,1394-06-24
2015-09-16,10,2,7,1,953974,180035,934009,200000,3177565443,599902797,3110806347,666661893,3330.872165279138,3330.595686979462,3332.145399505652,3333.309465,19965.0,1394-06-25
2015-09-19,11,3,19,1,1637606,1590213,1625850,1601969,5337944541,5596092529,5711499386,5222537684,3259.602456879127,3512.9313196174307,3519.083625275356,3260.0741237814213,11756.0,1394-06-28
2015-09-20,2,0,1,0,8700,0,8700,0,28710000,0,28710000,0,3300.0,3300.0,,,0.0,1394-06-29
2015-09-21,10,2,8,0,47900,474910,522810,0,155279720,1528881380,1684161100,0,3241.747807933194,3221.3635928922554,3219.307616179908,,-474910.0,1394-06-30
2015-09-22,1,2,11,0,300,607390,607690,0,953700,2064101620,2065055320,0,3179.0,3398.2052033108985,3398.3134723982944,,-607390.0,1394-06-31
2015-09-23,4,0,12,0,41267,0,41267,0,141928017,0,141928017,0,3439.261807255192,3439.261807255192,,,0.0,1394-07-01
2015-09-27,5,0,5,0,9735,0,9735,0,32419095,0,32419095,0,3330.1587057010784,3330.1587057010784,,,0.0,1394-07-05
2015-09-28,6,1,4,0,29534,8544,38078,0,97797616,28171808,125969424,0,3311.356944538498,3308.1943379379168,3297.2621722846443,,-8544.0,1394-07-06
2015-09-29,3,0,2,0,1593,0,1593,0,5190401,0,5190401,0,3258.2554927809165,3258.2554927809165,,,0.0,1394-07-07
2015-09-30,3,0,7,0,20342,0,20342,0,67930693,0,67930693,0,3339.430390325435,3339.430390325435,,,0.0,1394-07-08
2015-10-03,15,3,11,0,58428,1356400,1414828,0,189174996,4333172400,4522347396,0,3237.745532963648,3196.393763764924,3194.612503686228,,-1356400.0,1394-07-11
2015-10-04,7,1,5,0,40058,18600,58658,0,127411435,59706000,187117435,0,3180.6738978481203,3189.9729789628013,3210.0,,-18600.0,1394-07-12
2015-10-05,6,1,3,0,88590,18595,107185,0,283952900,59648120,343601020,0,3205.247770628739,3205.681951765639,3207.750470556601,,-18595.0,1394-07-13
2015-10-06,5,1,12,0,48779,400000,448779,0,155586206,1305350250,1460936456,0,3189.6145062424403,3255.358330046637,3263.375625,,-400000.0,1394-07-14
2015-10-07,3,1,9,0,1854,50250,52104,0,6178078,168310140,174488218,0,3332.29665587918,3348.8449639183173,3349.45552238806,,-50250.0,1394-07-15
2015-10-10,8,1,8,1,26951,1000000,16451,1010500,89276271,3345000000,54153771,3380122500,3312.540202589885,3291.822442404717,3345.0,3345.0,10500.0,1394-07-18
2015-10-11,2,0,1,1,3295,0,3000,295,10877630,0,9900000,977630,3301.253414264037,3300.0,,3314.0,295.0,1394-07-19
2015-10-12,7,2,6,0,26505,49440,75945,0,86599820,160517635,247117455,0,3267.301263912469,3253.900256764764,3246.715918284789,,-49440.0,1394-07-20
2015-10-13,9,1,8,0,10352,8439,18791,0,33888763,27533861,61422624,0,3273.6440301391035,3268.725666542494,3262.692380613817,,-8439.0,1394-07-21
2015-10-14,10,1,8,1,119967,428,110395,10000,395513852,1397668,364261520,32650000,3296.85540190219,3299.6197291544,3265.5794392523367,3265.0,9572.0,1394-07-22
2015-10-17,32,2,12,1,511077,86710,528500,69287,1692548130,288296000,1751504160,229339970,3311.728232732054,3314.1043708609272,3324.8298927459346,3310.0,-17423.0,1394-07-25
2015-10-18,5,1,9,1,187875,20000,176907,30968,618466921,65673845,582458582,101682184,3291.9064324683964,3292.456386689051,3283.69225,3283.4598295014207,10968.0,1394-07-26
2015-10-19,6,1,3,0,15488,18145,33633,0,50973190,59697050,110670240,0,3291.140883264463,3290.5253768620105,3290.0,,-18145.0,1394-07-27
2015-10-20,4,1,6,0,5935,1794,7729,0,19569535,5869968,25439503,0,3297.3100252737995,3291.435243886661,3272.0,,-1794.0,1394-07-28
2015-10-21,8,1,6,0,144513,36000,180513,0,473246530,118440000,591686530,0,3274.7678755544484,3277.8056428068894,3290.0,,-36000.0,1394-07-29
2015-10-25,2,2,9,0,19400,103000,122400,0,62084000,339750000,401834000,0,3200.2061855670104,3282.957516339869,3298.543689320388,,-103000.0,1394-08-03
2015-10-26,5,2,10,1,36260,68920,73530,31650,119858230,230712595,246125825,104445000,3305.522062879206,3347.284441724466,3347.542005223448,3300.0,-37270.0,1394-08-04
2015-10-27,3,1,2,0,9040,6450,15490,0,29636016,21168900,50804916,0,3278.3203539823007,3279.852550032279,3282.0,,-6450.0,1394-08-05
2015-10-28,3,1,3,0,5555,22351,27906,0,18351177,73152221,91503398,0,3303.542214221422,3278.986526195084,3272.883584627086,,-22351.0,1394-08-06
2015-10-31,6,1,4,0,4605,9615,14220,0,15217756,31317595,46535351,0,3304.6158523344197,3272.528199718706,3257.160166406656,,-9615.0,1394-08-09
2015-11-01,16,1,5,1,340175,36600,13562,363213,1108875104,119260000,43977260,1184157844,3259.719567869479,3242.682495207197,3258.469945355191,3260.2297935371257,326613.0,1394-08-10
2015-11-02,9,2,2,1,92518,156750,22000,227268,297933358,513198886,71740000,739392244,3220.274519552952,3260.909090909091,3273.996082934609,3253.393544185719,70518.0,1394-08-11
2015-11-03,4,1,4,0,22600,36800,59400,0,73358400,119570630,192929030,0,3245.9469026548672,3247.963468013468,3249.201902173913,,-36800.0,1394-08-12
2015-11-04,10,1,7,0,34767,37000,71767,0,111634387,119177000,230811387,0,3210.929530876981,3216.121434642663,3221.0,,-37000.0,1394-08-13
2015-11-07,5,1,13,0,6994,72155,79149,0,22546789,238052200,260598989,0,3223.7330569059195,3292.5114530821616,3299.1781581318,,-72155.0,1394-08-16
2015-11-08,7,3,16,2,28650,6460918,137941,6351627,94623230,21327165993,455108496,20966680727,3302.730541012216,3299.298221703482,3300.949802025037,3300.9937024009755,-109291.0,1394-08-17
2015-11-09,7,1,10,0,69628,1009184,1078812,0,230645514,3340399040,3571044554,0,3312.539696673752,3310.163915492227,3310.0,,-1009184.0,1394-08-18
2015-11-10,13,1,7,1,124834,100000,38083,186751,413866432,330000000,126779868,617086564,3315.3342198439527,3329.0409894178506,3300.0,3304.328030371993,86751.0,1394-08-19
2015-11-11,5,0,3,1,36573,0,2137,34436,120963554,0,7083702,113879852,3307.455062477784,3314.788020589612,,3307.0,34436.0,1394-08-20
2015-11-14,1,2,5,1,30000,128060,30443,127617,97873100,424860647,99348877,423384870,3262.4366666666665,3263.4391157244686,3317.66864750898,3317.6212416841017,-443.0,1394-08-23
2015-11-15,3,2,18,1,66900,416320,99749,383471,220770000,1408559487,336244437,1293085050,3300.0,3370.905342409448,3383.357722425057,3372.054340484678,-32849.0,1394-08-24
2015-11-16,4,2,8,1,18045,103600,61645,60000,59795640,349613000,207308640,202100000,3313.695760598504,3362.9433044042503,3374.6428571428573,3368.333333333333,-43600.0,1394-08-25
2015-11-17,4,2,14,2,27000,491620,74818,443802,90533000,1659502402,253009472,1497025930,3353.074074074074,3381.6658023470286,3375.57951669989,3373.184280377285,-47818.0,1394-08-26
2015-11-18,3,2,18,1,40435,1600000,122402,1518033,135207180,5511812924,420070884,5226949220,3343.815506368245,3431.895589941341,3444.8830775,3443.2382036490644,-81967.0,1394-08-27
2015-11-21,16,4,13,2,389106,5375252,99200,5665158,1340135888,19023641809,345797750,20017979947,3444.1408973390285,3485.8644153225805,3539.1162700837094,3533.525445715724,289906.0,1394-08-30
2015-11-22,39,3,36,2,630601,969000,571588,1028013,2123126329,3367556745,2009384829,3481298245,3366.8299431811874,3515.4426422528118,3475.290758513932,3386.4340674680184,59013.0,1394-09-01
2015-11-23,35,1,13,3,147091,1400000,126643,1420448,485419608,4832279800,431246776,4886452632,3300.131265679069,3405.2160482616487,3451.6284285714287,3440.07850480975,20448.0,1394-09-02
2015-11-24,6,1,11,0,23025,20000,43025,0,77642252,68000000,145642252,0,3372.0847774158524,3385.061057524695,3400.0,,-20000.0,1394-09-03
2015-11-25,3,0,6,1,15201,0,14701,500,51409360,0,49767360,1642000,3381.9722386685085,3385.3044010611525,,3284.0,500.0,1394-09-04
2015-11-28,17,1,8,0,48617,2210,50827,0,159524678,7407900,166932578,0,3281.253018491474,3284.328762272021,3351.9909502262444,,-2210.0,1394-09-07
2015-11-29,13,3,17,2,48555,17160000,93555,17115000,161606923,58960584500,315051423,58807140000,3328.3271135825357,3367.553022286356,3435.931497668997,3436.0,-45000.0,1394-09-08
2015-11-30,5,0,10,0,67661,0,67661,0,229894532,0,229894532,0,3397.740677790751,3397.740677790751,,,0.0,1394-09-09
2015-12-01,7,0,1,0,18586,0,18586,0,61592026,0,61592026,0,3313.893575809749,3313.893575809749,,,0.0,1394-09-10
2015-12-05,6,0,5,1,23730,0,20410,3320,78693350,0,67571350,11122000,3316.196797302992,3310.698187163155,,3350.0,3320.0,1394-09-14
2015-12-06,9,0,5,1,42635,0,23620,19015,141646389,0,78426439,63219950,3322.3030139556704,3320.340347163421,,3324.740993952143,19015.0,1394-09-15
2015-12-07,7,0,8,1,91701,0,28701,63000,303764355,0,94604355,209160000,3312.552262243596,3296.2041392285983,,3320.0,63000.0,1394-09-16
2015-12-08,12,1,10,2,157140,300000,170939,286201,516613689,1000448274,571839668,945222295,3287.6014318442158,3345.2849730020653,3334.82758,3302.651964877831,-13799.0,1394-09-17
2016-01-11,26,2,19,1,141759,1450000,1416759,175000,460716623,4691950000,4582080623,570586000,3249.999104113319,3234.199057849641,3235.8275862068967,3260.4914285714285,-1275000.0,1394-10-21
2016-01-12,54,1,12,2,299749,41346,177195,163900,925918617,127180296,545566624,507532289,3088.9798364631743,3078.9052964248426,3076.0,3096.597248322148,122554.0,1394-10-22
2016-01-13,119,6,57,5,3412414,3490261,1407093,5495582,10471422024,10677086252,4356919305,16791588971,3068.6259123306845,3096.3975408874894,3059.1082592390653,3055.470552709431,2005321.0,1394-10-23
2016-01-16,182,0,37,6,3198221,0,797649,2400572,10177913020,0,2526550434,7651362586,3182.367015912909,3167.496522906692,,3187.308102402261,2400572.0,1394-10-26
2016-01-17,57,0,48,0,494159,0,494159,0,1539781510,0,1539781510,0,3115.963708037292,3115.963708037292,,,0.0,1394-10-27
2016-01-18,30,0,11,1,194618,0,129492,65126,595575522,0,396917420,198658102,3060.228355033964,3065.188737528187,,3050.365476153917,65126.0,1394-10-28
2016-01-19,104,0,37,1,777665,0,764946,12719,2376372169,0,2337197649,39174520,3055.77873377354,3055.375999090132,,3080.0,12719.0,1394-10-29
2016-01-20,56,0,24,2,313055,0,210301,102754,952073889,0,640636378,311437511,3041.235211065148,3046.283079966334,,3030.904013469062,102754.0,1394-10-30
2016-01-23,47,1,43,2,452300,399098,615463,235935,1393895047,1262488170,1920864696,735518521,3081.793161618395,3121.007592657885,3163.3537877914696,3117.4625256956365,-163163.0,1394-11-03
2016-01-24,41,1,34,1,617459,304840,558451,363848,1912735779,941955600,1726460719,1128230660,3097.7535010421743,3091.5169262835952,3090.0,3100.8296321540865,59008.0,1394-11-04
2016-01-25,62,0,34,2,552832,0,333790,219042,1723784934,0,1044409938,679374996,3118.099049982635,3128.9431618682406,,3101.574109074972,219042.0,1394-11-05
2016-01-26,99,1,34,3,1363485,151000,368463,1146022,4160884730,475808921,1165463922,3471229729,3051.65420228312,3163.041939082079,3151.0524569536424,3028.9381259696584,995022.0,1394-11-06
2016-01-27,61,2,50,1,565047,95909,626956,34000,1728371796,293136466,1917210417,104297845,3058.8106759260736,3057.966455381239,3056.402068627553,3067.583676470588,-61909.0,1394-11-07
2016-01-30,51,1,52,1,1152039,2062,1145101,9000,3646604724,6441688,3624534412,28512000,3165.348329353433,3165.253031828633,3124.0,3168.0,6938.0,1394-11-10
2016-01-31,42,1,30,2,514987,200000,683987,31000,1628111539,631817440,2161728979,98200000,3161.4614330070467,3160.4825515689627,3159.0872,3167.7419354838707,-169000.0,1394-11-11
2016-02-01,197,3,101,5,5389030,1200000,2922351,3666679,17655672739,3928545016,9528766951,12055450804,3276.224615376051,3260.6510822964115,3273.787513333333,3287.83916017737,2466679.0,1394-11-12
2016-02-02,172,4,125,8,5648514,2105074,1943971,5809617,19372398649,7236982876,6660567436,19948814089,3429.645150742301,3426.268928908919,3437.8757592369675,3433.7571803786723,3704543.0,1394-11-13
2016-02-03,123,3,114,2,4525965,1073710,1220720,4378955,16264205300,3867134158,4353964593,15777374865,3593.53315812208,3566.718488269218,3601.656087770441,3603.0,3305245.0,1394-11-14
2016-02-06,100,1,84,1,922041,400000,922041,400000,3273969079,1456000000,3273969079,1456000000,3550.78470371708,3550.78470371708,3640.0,3640.0,0.0,1394-11-17
2016-02-07,120,0,73,0,1351427,0,1351427,0,4676982336,0,4676982336,0,3460.773194556569,3460.773194556569,,,0.0,1394-11-18
2016-02-08,105,0,79,1,816103,0,716103,100000,2836629119,0,2486629119,350000000,3475.8224378540453,3472.446169056686,,3500.0,100000.0,1394-11-19
2016-02-09,167,0,107,1,1547912,0,1447912,100000,5519311561,0,5164311561,355000000,3565.649443250004,3566.730271591091,,3550.0,100000.0,1394-11-20
2016-02-10,29,2,58,1,471977,193630,614818,50789,1663197013,681133545,2163673930,180656628,3523.8942003529837,3519.2104492711665,3517.7066828487323,3557.0030518419344,-142841.0,1394-11-21
2016-02-13,35,0,37,0,370865,0,370865,0,1289037292,0,1289037292,0,3475.7588125058983,3475.7588125058983,,,0.0,1394-11-24
2016-02-14,54,1,51,0,823798,100000,923798,0,2816446932,343200000,3159646932,0,3418.856239029471,3420.279035027138,3432.0,,-100000.0,1394-11-25
2016-02-15,71,2,36,0,742844,100000,842844,0,2539173472,341000000,2880173472,0,3418.1786108523456,3417.20825206088,3410.0,,-100000.0,1394-11-26
2016-02-16,36,1,44,2,564917,100000,550706,114211,1906010014,339099855,1860171432,384938437,3373.9646956986603,3377.7940171343694,3390.99855,3370.4147323812945,14211.0,1394-11-27
2016-02-17,53,2,39,1,481241,18155,438398,60998,1618550846,60360202,1472040404,206870644,3363.2854349483937,3357.771714287018,3324.7150647204626,3391.4332273189284,42843.0,1394-11-28
2016-02-20,60,2,43,2,348458,2632361,2745717,235102,1132935303,8534114362,8904688716,762360949,3251.2822291352186,3243.119635417634,3242.0,3242.6816828440424,-2397259.0,1394-12-01
2016-02-21,98,1,31,0,754027,2100000,2854027,0,2327091520,6470100000,8797191520,0,3086.217761432946,3082.3785198948717,3081.0,,-2100000.0,1394-12-02
2016-02-22,87,0,35,1,1138656,0,914389,224267,3523513021,0,2837161502,686351519,3094.449088223309,3102.794873954083,,3060.4213682797736,224267.0,1394-12-03
2016-02-23,83,0,31,0,661129,0,661129,0,2042665355,0,2042665355,0,3089.662312498771,3089.662312498771,,,0.0,1394-12-04
2016-02-24,44,0,22,0,364086,0,364086,0,1126199398,0,1126199398,0,3093.223573551304,3093.223573551304,,,0.0,1394-12-05
2016-02-27,50,0,44,0,756981,0,756981,0,2399988929,0,2399988929,0,3170.474462370918,3170.474462370918,,,0.0,1394-12-08
2016-02-28,29,0,19,0,184614,0,184614,0,576007946,0,576007946,0,3120.0664413316435,3120.0664413316435,,,0.0,1394-12-09
2016-02-29,38,1,24,0,291146,10000,301146,0,895911045,31074537,926985582,0,3077.188232021048,3078.193241816262,3107.4537,,-10000.0,1394-12-10
2016-03-01,19,1,31,0,253986,75210,329196,0,794648239,234435390,1029083629,0,3128.7088225335256,3126.0514374415243,3117.0773833266853,,-75210.0,1394-12-11
2016-03-02,9,1,13,1,60198,3156069,60198,3156069,187741239,9875339901,187741239,9875339901,3118.72884481212,3118.72884481212,3129.0,3129.0,0.0,1394-12-12
2016-03-05,84,0,25,2,560726,0,141751,418975,1701528411,0,431801352,1269727059,3034.509566169573,3046.1961608736447,,3030.5556632257294,418975.0,1394-12-15
2016-03-06,107,0,26,1,855904,0,384879,471025,2547125470,0,1153345195,1393780275,2975.947617957154,2996.6436074714397,,2959.036728411443,471025.0,1394-12-16
2016-03-07,49,0,32,1,495011,0,195011,300000,1474006839,0,581259484,892747355,2977.725422263344,2980.649727451272,,2975.8245166666666,300000.0,1394-12-17
2016-03-08,69,0,18,1,461905,0,162988,298917,1352110207,0,477417607,874692600,2927.2473928621685,2929.1580177681794,,2926.205602224029,298917.0,1394-12-18
2016-03-09,39,0,26,1,466158,0,365075,101083,1382054970,0,1083540410,298514560,2964.7779722754944,2967.9940012326238,,2953.162846373772,101083.0,1394-12-19
2016-03-12,43,0,43,0,536913,0,536913,0,1621819506,0,1621819506,0,3020.637432880187,3020.637432880187,,,0.0,1394-12-22
2016-03-14,50,1,52,1,413908,150000,463908,100000,1250491257,450000000,1400491257,300000000,3021.181656310098,3018.8986975865905,3000.0,3000.0,-50000.0,1394-12-24
2016-03-15,21,2,31,0,103336,277361,380697,0,306884810,848889527,1155774337,0,2969.776360610049,3035.9428548162973,3060.594413057351,,-277361.0,1394-12-25
2016-03-16,22,1,34,0,177229,4734,181963,0,526851814,13965300,540817114,0,2972.7178622008814,2972.1268279815126,2950.0,,-4734.0,1394-12-26
2016-03-26,17,0,11,0,124122,0,124122,0,372265890,0,372265890,0,2999.1934548267027,2999.1934548267027,,,0.0,1395-01-07
2016-03-27,16,0,12,0,68466,0,68466,0,202989574,0,202989574,0,2964.82303625157,2964.82303625157,,,0.0,1395-01-08
2016-03-28,16,1,11,0,54155,2969,57124,0,160745979,8705108,169451087,0,2968.2573908226386,2966.3729255654366,2932.0,,-2969.0,1395-01-09
2016-03-29,121,2,32,0,1056037,250000,1306037,0,3031520653,715500000,3747020653,0,2870.657612375324,2869.000382837546,2862.0,,-250000.0,1395-01-10
2016-03-30,41,0,15,1,289644,0,189644,100000,848424931,0,555351585,293073346,2929.199054701634,2928.3899569720106,,2930.73346,100000.0,1395-01-11
2016-04-02,32,1,26,0,218417,243105,461522,0,638257842,719562235,1357820077,0,2922.198555973207,2942.048433227452,2959.8824993315648,,-243105.0,1395-01-14
2016-04-03,60,1,12,0,249529,50000,299529,0,706933551,145000000,851933551,0,2833.0717111037197,2844.243966360519,2900.0,,-50000.0,1395-01-15
2016-04-04,56,2,15,0,253408,250000,503408,0,713939827,706500000,1420439827,0,2817.3531498610937,2821.647305962559,2826.0,,-250000.0,1395-01-16
2016-04-05,29,2,20,0,217465,101000,318465,0,620848930,286369000,907217930,0,2854.937254270802,2848.720989747696,2835.3366336633662,,-101000.0,1395-01-17
2016-04-06,40,2,23,0,327881,149000,476881,0,931887039,424649850,1356536889,0,2842.150167286302,2844.6025088019865,2849.9989932885906,,-149000.0,1395-01-18
2016-04-09,53,3,36,0,330623,856100,1186723,0,940363144,2454183184,3394546328,0,2844.215750265408,2860.4369579084587,2866.701534867422,,-856100.0,1395-01-21
2016-04-10,23,0,25,0,213800,0,213800,0,611516444,0,611516444,0,2860.226585594013,2860.226585594013,,,0.0,1395-01-22
2016-04-11,29,2,47,1,270281,103160,325458,47983,789025918,307544595,956666374,139904139,2919.280001183953,2939.4464846462524,2981.2388037999226,2915.702207031657,-55177.0,1395-01-23
2016-04-12,15,1,17,1,97300,128032,125332,100000,281469239,370781221,362250460,290000000,2892.797934224049,2890.3269715635274,2896.0042879905022,2900.0,-28032.0,1395-01-24
2016-04-13,30,1,19,1,173636,50000,142000,81636,502991999,144500000,411394273,236097726,2896.8186263217303,2897.1427676056337,2890.0,2892.0785682787005,31636.0,1395-01-25
2016-04-16,28,0,18,0,93070,0,93070,0,262594264,0,262594264,0,2821.470549049103,2821.470549049103,,,0.0,1395-01-28
2016-04-17,20,0,18,0,126959,0,126959,0,356630902,0,356630902,0,2809.024188911381,2809.024188911381,,,0.0,1395-01-29
2016-04-18,38,0,15,3,266664,0,45218,221446,751991336,0,128175262,623816074,2819.9957099571,2834.6070591357425,,2817.012156462524,221446.0,1395-01-30
2016-04-19,32,0,16,1,168821,0,69038,99783,473523006,0,193690846,279832160,2804.8821295928824,2805.56861438628,,2804.407163544892,99783.0,1395-01-31
2016-04-20,21,1,17,0,133982,52675,186657,0,375693386,148540000,524233386,0,2804.0586496693586,2808.538581462254,2819.933554817276,,-52675.0,1395-02-01
2016-04-23,24,1,11,0,92311,11159,103470,0,258473953,30999702,289473655,0,2800.034156276067,2797.6578235237266,2778.0,,-11159.0,1395-02-04
2016-04-24,26,1,21,0,151416,50000,201416,0,424670977,140000000,564670977,0,2804.6638202039417,2803.50606208047,2800.0,,-50000.0,1395-02-05
2016-04-25,46,1,15,1,207202,50000,148181,109021,573848566,139000000,412577740,300270826,2769.51267844905,2784.2823303932355,2780.0,2754.2475853275973,59021.0,1395-02-06
2016-04-26,38,2,12,1,137686,140740,134425,144001,378858502,387035000,369717687,396175815,2751.6123788911,2750.3640468662825,2750.0,2751.2018319317226,3261.0,1395-02-07
2016-04-27,85,2,19,2,400144,250000,167920,482224,1089402591,683000000,461370395,1311032196,2722.526368007517,2747.560713434969,2732.0,2718.720337436544,232224.0,1395-02-08
2016-04-30,25,2,16,1,195754,124817,168957,151614,532801558,338013220,457529408,413285370,2721.7914218866536,2707.963612043301,2708.0703750290427,2725.905061537853,26797.0,1395-02-11
2016-05-01,34,2,21,2,180560,49911620,95732,49996448,498713740,139602247900,266026079,139834935561,2762.038879042977,2778.862647808465,2796.988915607227,2796.897402811496,84828.0,1395-02-12
2016-05-02,27,2,38,1,258783,49919670,278453,49900000,732167208,139625966100,787833308,139570300000,2829.2708871911987,2829.322391929697,2797.013003090766,2797.0,-19670.0,1395-02-13
2016-05-03,28,1,17,1,267929,12726124,259053,12735000,751880272,35594968828,726665182,35620183918,2806.266854278559,2805.0830602231977,2797.0,2797.0305393011386,8876.0,1395-02-14
2016-05-04,13,0,15,0,63495,0,63495,0,176139848,0,176139848,0,2774.074305063391,2774.074305063391,,,0.0,1395-02-15
2016-05-07,15,0,10,1,63834,0,50529,13305,173685158,0,137598016,36087142,2720.887896732149,2723.149399354826,,2712.299285982713,13305.0,1395-02-18
2016-05-08,26,0,18,2,112250,0,75885,36365,303235611,0,205000111,98235500,2701.430832962138,2701.457613494103,,2701.3749484394334,36365.0,1395-02-19
2016-05-09,24,0,13,0,122684,0,122684,0,335871266,0,335871266,0,2737.694124743243,2737.694124743243,,,0.0,1395-02-20
2016-05-10,43,1,19,0,234382,100000,334382,0,621156499,269811621,890968120,0,2650.1885767678405,2664.521774497431,2698.11621,,-100000.0,1395-02-21
2016-05-11,24,0,8,0,80290,0,80290,0,211442509,0,211442509,0,2633.484979449496,2633.484979449496,,,0.0,1395-02-22
2016-05-14,19,0,14,0,135749,0,135749,0,361726105,0,361726105,0,2664.6686531760824,2664.6686531760824,,,0.0,1395-02-25
2016-05-15,56,4,17,0,222316,330495,552811,0,583293885,866099910,1449393795,0,2623.715274654096,2621.8613504434607,2620.614260427541,,-330495.0,1395-02-26
2016-05-16,24,2,16,0,191616,107434,299050,0,497875175,278972779,776847954,0,2598.296462717101,2597.719291088447,2596.6898654057377,,-107434.0,1395-02-27
2016-05-17,13,1,19,0,113975,52848,166823,0,305560608,138990240,444550848,0,2680.944136872121,2664.805500440587,2630.0,,-52848.0,1395-02-28
2016-05-18,22,0,14,0,63128,0,63128,0,164861766,0,164861766,0,2611.5474274489925,2611.5474274489925,,,0.0,1395-02-29
2016-05-30,8,0,5,0,36939,0,36939,0,95653010,0,95653010,0,2589.48563848507,2589.48563848507,,,0.0,1395-03-10
2016-05-31,69,4,47,2,369761,2571786,2006553,934994,947928222,6581869188,5137103154,2392694256,2563.6241301813875,2560.163202267769,2559.2600581852457,2559.047711536117,-1636792.0,1395-03-11
2016-06-08,8,2,33,2,68516,1300000,1129246,239270,191502220,3677600000,3165169880,703932340,2795.0,2802.9055493665683,2828.923076923077,2942.0,-1060730.0,1395-03-19
2016-06-11,4,2,8,2,2494,1050000,856800,195694,6698884,2820300000,2301364800,525634084,2686.0,2686.0,2686.0,2686.0,-854306.0,1395-03-22
2016-06-12,2,2,23,1,807,2030000,770565,1260242,2111919,5312510000,2016568605,3298053314,2617.0,2617.0,2617.0,2617.0,-769758.0,1395-03-23
2016-06-13,45,2,24,1,212899,210936,177494,246341,529729123,524808768,441641483,612896408,2488.1710247582187,2488.2051393286533,2488.0,2488.0,35405.0,1395-03-24
2016-06-14,35,4,42,3,249835,2857311,526393,2580753,615103770,7510810319,1330791083,6795123006,2462.0400264174355,2528.13218070909,2628.628916838244,2633.0001383317194,-276558.0,1395-03-25
2016-06-15,20,3,6,2,197239,888711,30869,1055081,490161165,2208446835,76710726,2621897274,2485.1128073048435,2485.0408500437334,2485.0,2485.0198932593803,166370.0,1395-03-26
2016-06-18,32,1,10,1,179886,500000,36524,643362,435268878,1209500000,88403361,1556365517,2419.692905506821,2420.418382433468,2419.0,2419.1132161986566,143362.0,1395-03-29
2016-06-19,19,2,16,2,87969,478250,117339,448880,209812898,1138253750,280151201,1067915447,2385.0776750900886,2387.5369740665933,2380.039205436487,2379.0666703796114,-29370.0,1395-03-30
2016-06-20,21,2,20,2,105073,106731,180230,31574,247116345,250706457,423661798,74161004,2351.853901573192,2350.6730178105754,2348.956320094443,2348.7997719642744,-75157.0,1395-03-31
2016-06-21,24,1,17,1,137510,164142,101652,200000,321747666,385305728,239301861,467751533,2339.812857246746,2354.1284086884666,2347.392672198462,2338.757665,35858.0,1395-04-01
2016-06-22,18,1,16,1,59086,65077,44280,79883,141237529,158667890,106973442,192931977,2390.3721524557423,2415.841056910569,2438.1561842125484,2415.1819160522264,14806.0,1395-04-02
2016-06-25,34,1,5,2,144320,46574,46888,144006,335043460,107958532,108759773,334242219,2321.53173503326,2319.565197918444,2318.0,2321.0298112578644,97432.0,1395-04-05
2016-06-26,27,1,10,1,93635,77626,21261,150000,217147903,179909894,50263560,346794237,2319.089047898756,2364.120220121349,2317.6499368768195,2311.96158,72374.0,1395-04-06
2016-06-28,42,3,23,1,139763,74622,114385,100000,327530366,174335940,268864628,233001678,2343.4697738314144,2350.5234777287237,2336.253919755568,2330.01678,25378.0,1395-04-08
2016-06-29,21,2,16,0,54649,33178,87827,0,127727227,79361515,207088742,0,2337.228988636572,2357.91660878773,2391.992133341371,,-33178.0,1395-04-09
2016-07-02,36,2,12,1,159487,29000,67095,121392,368326033,66811000,155070654,280066379,2309.4423558032945,2311.210283925777,2303.8275862068967,2307.1238549492555,92392.0,1395-04-12
2016-07-03,24,1,17,0,121772,10000,131772,0,280720480,23300000,304020480,0,2305.295798705778,2307.1705673435936,2330.0,,-10000.0,1395-04-13
2016-07-04,16,0,15,0,27950,0,27950,0,64226099,0,64226099,0,2297.8926296958857,2297.8926296958857,,,0.0,1395-04-14
2016-07-05,12,0,9,0,74282,0,74282,0,171233358,0,171233358,0,2305.1796936000646,2305.1796936000646,,,0.0,1395-04-15
2016-07-09,15,0,10,0,111491,0,111491,0,257137162,0,257137162,0,2306.349050596012,2306.349050596012,,,0.0,1395-04-19
2016-07-10,15,1,16,0,109642,8000,117642,0,251508499,18636480,270144979,0,2293.906523047737,2296.331063735741,2329.56,,-8000.0,1395-04-20
2016-07-11,16,1,20,0,126526,3000,129526,0,291727485,7095000,298822485,0,2305.6722333749585,2307.0463459073853,2365.0,,-3000.0,1395-04-21
2016-07-12,10,0,12,0,63831,0,63831,0,145200541,0,145200541,0,2274.7652551268197,2274.7652551268197,,,0.0,1395-04-22
2016-07-13,22,0,17,1,111283,0,61283,50000,252145001,0,139349337,112795664,2265.7998166835905,2273.8661129513894,,2255.91328,50000.0,1395-04-23
2016-07-16,22,1,10,0,126758,10000,136758,0,289630599,22897730,312528329,0,2284.909820287477,2285.2654250574005,2289.773,,-10000.0,1395-04-26
2016-07-17,24,0,55,1,1050572,0,550572,500000,2572146961,0,1332646961,1239500000,2448.3300154582457,2420.4771782800435,,2479.0,500000.0,1395-04-27
2016-07-18,44,1,45,0,781545,20000,801545,0,1964363786,49800000,2014163786,0,2513.43657243025,2512.8517874854188,2490.0,,-20000.0,1395-04-28
2016-07-19,51,0,33,0,618084,0,618084,0,1560774009,0,1560774009,0,2525.181057914458,2525.181057914458,,,0.0,1395-04-29
2016-07-20,36,1,18,0,340042,180805,520847,0,850333465,449772693,1300106158,0,2500.6718728862907,2496.13832469036,2487.6120295345813,,-180805.0,1395-04-30
2016-08-02,33,2,47,2,299083,1289197,1305426,282854,704576382,3034769738,3073507804,665838316,2355.788801102035,2354.409827902922,2354.0,2354.0,-1006343.0,1395-05-12
2016-08-03,96,0,21,1,1146019,0,246019,900000,2626145415,0,570401673,2055743742,2291.537413428573,2318.526914587898,,2284.159713333333,900000.0,1395-05-13
2016-08-06,36,1,13,1,439357,20000,259357,200000,1004298983,46760000,594068817,456990166,2285.83812935722,2290.5447587688013,2338.0,2284.95083,180000.0,1395-05-16
2016-08-07,56,1,17,1,393967,20000,113967,300000,885083231,46180000,260761441,670501790,2246.59230595456,2288.0433897531743,2309.0,2235.0059666666666,280000.0,1395-05-17
2016-08-08,60,2,18,1,450804,65000,415804,100000,990414686,145659500,914269186,221805000,2196.996224523296,2198.7984386874587,2240.9153846153845,2218.05,35000.0,1395-05-18
2016-08-09,19,1,23,0,133777,20000,153777,0,302803264,45802665,348605929,0,2263.4927080140837,2266.957535912393,2290.13325,,-20000.0,1395-05-19
2016-08-10,29,1,13,1,178356,10000,88356,100000,392609268,22700000,195865238,219444030,2201.2675099239723,2216.7734845398163,2270.0,2194.4403,90000.0,1395-05-20
2016-08-13,14,1,13,0,42506,5000,47506,0,94045210,11240000,105285210,0,2212.5161153719478,2216.250789373974,2248.0,,-5000.0,1395-05-23
2016-08-14,18,1,14,0,107265,10000,117265,0,237082320,22280000,259362320,0,2210.248636554328,2211.762418453929,2228.0,,-10000.0,1395-05-24
2016-08-15,26,1,27,0,121457,10000,131457,0,272865049,22490000,295355049,0,2246.597964711791,2246.780688742326,2249.0,,-10000.0,1395-05-25
2016-08-16,30,1,17,1,151333,8000,59333,100000,328759782,17713126,130029430,216443478,2172.4262520402026,2191.519559098647,2214.14075,2164.43478,92000.0,1395-05-26
2016-08-17,19,0,13,0,38799,0,38799,0,84795734,0,84795734,0,2185.5133895203485,2185.5133895203485,,,0.0,1395-05-27
2016-08-20,15,1,21,0,94548,20000,114548,0,207438314,44404624,251842938,0,2194.0000211532765,2198.579966476936,2220.2312,,-20000.0,1395-05-30
2016-08-21,17,1,19,0,191912,10000,201912,0,420268583,21945572,442214155,0,2189.902575138605,2190.1331025397203,2194.5572,,-10000.0,1395-05-31
2016-08-22,36,1,11,0,207770,30000,237770,0,453754903,66264354,520019257,0,2183.9288780863453,2187.068414854692,2208.8118,,-30000.0,1395-06-01
2016-08-23,37,0,11,1,141237,0,41237,100000,304927911,0,89622343,215305568,2158.980373414898,2173.3477944564347,,2153.05568,100000.0,1395-06-02
2016-08-24,58,2,16,1,311533,55000,166533,200000,664833883,119079300,358624966,425288217,2134.0720983009824,2153.476884461338,2165.0781818181817,2126.441085,145000.0,1395-06-03
2016-08-27,28,0,8,1,114072,0,12114,101958,244118844,0,25947101,218171743,2140.0417630969914,2141.9102691101207,,2139.819759116499,101958.0,1395-06-06
2016-08-28,53,3,16,3,235562,281639,349372,167829,496071721,593022273,735176942,353917052,2105.90723885856,2104.2812303218348,2105.6113428893013,2108.795571683082,-113810.0,1395-06-07
2016-08-29,44,1,22,1,204145,40000,144145,100000,425236944,84146117,301866448,207516613,2083.014249675476,2094.186048770335,2103.652925,2075.16613,60000.0,1395-06-08
2016-08-30,48,1,17,1,192460,30000,95306,127154,399254517,62697260,198793885,263157892,2074.480499844124,2085.848582460705,2089.9086666666667,2069.599792377747,97154.0,1395-06-09
2016-08-31,46,2,10,1,217525,327617,52296,492846,446919784,681332090,107597646,1020654228,2054.5674474198368,2057.473726480037,2079.660365609843,2070.9394577616536,165229.0,1395-06-10
2016-09-03,39,2,14,0,158130,144101,302231,0,321556260,292669131,614225391,0,2033.4930753177764,2032.304399614864,2031.0,,-144101.0,1395-06-13
2016-09-04,5,0,4,0,14967,0,14967,0,30989707,0,30989707,0,2070.535645085856,2070.535645085856,,,0.0,1395-06-14
2016-09-05,3,0,3,0,17347,0,17347,0,35314090,0,35314090,0,2035.7462385426877,2035.7462385426877,,,0.0,1395-06-15
2016-09-06,17,1,22,0,58040,134840,192880,0,121435731,277833240,399268971,0,2092.2765506547207,2070.038215470759,2060.4660338178583,,-134840.0,1395-06-16
2016-09-07,11,0,12,0,43998,0,43998,0,92351382,0,92351382,0,2098.9904541115507,2098.9904541115507,,,0.0,1395-06-17
2016-09-10,15,0,11,0,72471,0,72471,0,149240252,0,149240252,0,2059.309958466145,2059.309958466145,,,0.0,1395-06-20
2016-09-11,16,0,8,0,102906,0,102906,0,210268570,0,210268570,0,2043.307192972227,2043.307192972227,,,0.0,1395-06-21
2016-09-13,29,1,7,0,127446,20000,147446,0,257941454,41394000,299335454,0,2023.9274202407291,2030.136144758081,2069.7,,-20000.0,1395-06-23
2016-09-14,65,2,10,2,582266,175334,159558,598042,1164450375,351921152,319890370,1196481157,1999.8598149299464,2004.853219518921,2007.1472275770811,2000.6640954983093,422708.0,1395-06-24
2016-09-17,22,0,10,0,82778,0,82778,0,164624147,0,164624147,0,1988.7427456570583,1988.7427456570583,,,0.0,1395-06-27
2016-09-18,26,1,16,0,213457,10000,223457,0,420014121,19800000,439814121,0,1967.675555264058,1968.2270906706883,1980.0,,-10000.0,1395-06-28
2016-09-19,16,0,16,0,55290,0,55290,0,108916026,0,108916026,0,1969.9046120455776,1969.9046120455776,,,0.0,1395-06-29
2016-09-21,7,1,11,0,8447,17110,25557,0,16859010,33709780,50568790,0,1995.8577009589203,1978.666901436006,1970.1800116890704,,-17110.0,1395-06-31
2016-09-24,27,1,14,0,347322,30000,377322,0,696283279,60000000,756283279,0,2004.719767247684,2004.344509464065,2000.0,,-30000.0,1395-07-03
2016-09-25,14,1,18,0,89023,17000,106023,0,180050719,34361840,214412559,0,2022.519113038204,2022.3211850258904,2021.284705882353,,-17000.0,1395-07-04
2016-09-26,20,1,13,0,150724,20000,170724,0,301991244,40379150,342370394,0,2003.6042302486665,2005.402837328085,2018.9575,,-20000.0,1395-07-05
2016-09-27,21,1,11,1,135106,25000,156033,4073,274211549,50900000,316814848,8296701,2029.6030450165056,2030.4348951824293,2036.0,2037.0,-20927.0,1395-07-06
2016-09-28,25,0,15,0,83799,0,83799,0,168572101,0,168572101,0,2011.6242556593756,2011.6242556593756,,,0.0,1395-07-07
2016-10-01,16,0,12,0,116353,0,116353,0,236319253,0,236319253,0,2031.0542315196,2031.0542315196,,,0.0,1395-07-10
2016-10-02,22,1,26,0,270525,20000,290525,0,552481154,40840000,593321154,0,2042.2554440439883,2042.237859048275,2042.0,,-20000.0,1395-07-11
2016-10-03,17,1,19,1,88049,6500,55856,38693,179004838,13230868,113456758,78778948,2033.0138672784472,2031.2367158407333,2035.5181538461536,2036.0,32193.0,1395-07-12
2016-10-04,15,0,17,1,249409,0,199409,50000,511192739,0,408692739,102500000,2049.616248812192,2049.520026678836,,2050.0,50000.0,1395-07-13
2016-10-05,14,1,12,0,108714,6000,114714,0,223924311,12419799,236344110,0,2059.7559743915226,2060.2900256289554,2069.9665,,-6000.0,1395-07-14
2016-10-08,59,2,31,1,1159828,305000,216642,1248186,2379299331,623485000,451364302,2551420029,2051.4242896360497,2083.4570489563425,2044.2131147540983,2044.1024246386355,943186.0,1395-07-17
2016-10-09,18,0,10,1,213251,0,61251,152000,435337796,0,125036466,310301330,2041.4337846012445,2041.3783611696133,,2041.456118421053,152000.0,1395-07-18
2016-10-10,23,1,16,1,236373,68490,139863,165000,482411952,139803690,285106102,337109540,2040.8927923239964,2038.4669426510227,2041.227770477442,2043.0881212121208,96510.0,1395-07-19
2016-10-15,17,1,12,2,73112,5000000,68612,5004500,149548113,10210000000,140367113,10219181000,2045.466038406828,2045.809960356789,2042.0,2041.998401438705,4500.0,1395-07-24
2016-10-16,21,1,14,1,267564,24290,270854,21000,543606638,49143990,549778348,42972280,2031.688261500052,2029.7959343410105,2023.2190201729104,2046.2990476190475,-3290.0,1395-07-25
2016-10-17,20,0,17,0,340962,0,340962,0,692571390,0,692571390,0,2031.2274974923887,2031.2274974923887,,,0.0,1395-07-26
2016-10-18,17,1,18,0,109392,40000,149392,0,222595579,82000000,304595579,0,2034.8433066403395,2038.9015409124984,2050.0,,-40000.0,1395-07-27
2016-10-19,27,1,17,1,184596,42850,93741,133705,373383639,86257050,189799604,269841085,2022.707095495027,2024.723482787681,2013.0,2018.1824539097267,90855.0,1395-07-28
2016-11-01,15,1,18,0,154994,31582,186576,0,312825957,63749886,376575843,0,2018.3101087784044,2018.3509293799848,2018.5512633778733,,-31582.0,1395-08-11
2016-11-02,40,1,24,0,194544,15000,209544,0,391725945,30452672,422178617,0,2013.559631754256,2014.7492507540185,2030.178133333333,,-15000.0,1395-08-12
2016-11-05,25,1,30,0,355560,17000,372560,0,722117932,34665500,756783432,0,2030.931297108786,2031.3061842387804,2039.1470588235293,,-17000.0,1395-08-15
2016-11-06,31,3,6,2,286016,5263220,159792,5389444,572050230,10527924282,319941022,10780033490,2000.0637376929965,2002.234292079704,2000.282010252279,2000.212543260492,126224.0,1395-08-16
2016-11-07,49,1,17,1,495751,50000,297616,248135,990001466,99850000,593278927,496572539,1996.973210341482,1993.437607521101,1997.0,2001.2192516170635,198135.0,1395-08-17
2016-11-08,27,2,14,0,189417,75000,264417,0,377267748,149728174,526995922,0,1991.7311962495448,1993.048563443349,1996.3756533333333,,-75000.0,1395-08-18
2016-11-09,32,1,14,0,151535,17000,168535,0,292576291,33980027,326556318,0,1930.7505922724124,1937.617218975287,1998.8251176470587,,-17000.0,1395-08-19
2016-11-12,100,1,16,1,1470173,100000,838547,731626,2809605336,195580000,1600968810,1404216526,1911.0712385549184,1909.217742118212,1955.8,1919.3092180977712,631626.0,1395-08-22
2016-11-13,24,1,24,0,327878,25000,352878,0,634684415,48748803,683433218,0,1935.7334587865,1936.7407942688408,1949.95212,,-25000.0,1395-08-23
2016-11-14,33,0,53,0,284696,0,284696,0,566540727,0,566540727,0,1989.984850507208,1989.984850507208,,,0.0,1395-08-24
2016-11-15,19,1,27,3,1844397,200000,182934,1861463,3758578378,407600000,372516784,3793661594,2037.835876983101,2036.3452611324303,2038.0,2038.0,1661463.0,1395-08-25
2016-11-16,57,4,50,2,4274546,931123,1005669,4200000,9143238894,1991472097,2150910991,8983800000,2138.996490855403,2138.786211964374,2138.785205606563,2139.0,3268877.0,1395-08-26
2016-11-19,170,5,147,5,5165669,2713378,2707032,5172015,11584863199,6082215122,6057504646,11609573675,2242.6646382104623,2237.692293995786,2241.565724348027,2244.690642815228,2458637.0,1395-08-29
2016-11-21,57,2,65,0,1058176,26500,1084676,0,2329585635,59191370,2388777005,0,2201.5105568449862,2202.295436609642,2233.6366037735847,,-26500.0,1395-09-01
2016-11-22,50,1,107,3,3962622,500000,1597627,2864995,9141451861,1166000000,3671361513,6636090348,2306.9199789937065,2298.009180490816,2332.0,2316.2659439196227,2364995.0,1395-09-02
2016-11-23,184,6,143,2,7485879,2104000,4745938,4843941,18140268005,5101901306,11495612386,11746556925,2423.2649238653203,2422.20028706654,2424.8580351711025,2425.0,2739941.0,1395-09-03
2016-11-26,87,1,56,0,1325916,30000,1355916,0,3086772773,70190000,3156962773,0,2328.0304129371693,2328.287868127524,2339.6666666666665,,-30000.0,1395-09-06
2016-11-27,61,2,91,2,1960456,297000,2057456,200000,4656903849,708043305,4895426314,469520840,2375.418703097647,2379.358933556781,2383.984191919192,2347.6042,-97000.0,1395-09-07
2016-11-29,165,0,145,6,8558926,0,2404926,6154000,21316417405,0,5978788669,15337628736,2490.5481604818174,2486.0593086855897,,2492.302362040949,6154000.0,1395-09-09
2016-12-03,100,2,100,1,2369663,33900,2303563,100000,5984235218,84993000,5814146435,255081783,2525.352853127217,2523.9797804531504,2507.16814159292,2550.81783,66100.0,1395-09-13
2016-12-04,69,1,44,1,1081867,117785,1195652,4000,2658813542,288555465,2937521007,9848000,2457.6159010303486,2456.83610866707,2449.8490045421745,2462.0,-113785.0,1395-09-14
2016-12-05,46,1,31,0,525853,55959,581812,0,1259831957,136381550,1396213507,0,2395.7873341028767,2399.767462685541,2437.169177433478,,-55959.0,1395-09-15
2016-12-06,70,0,101,3,13192919,0,2192919,11000000,34051880166,0,5627880166,28424000000,2581.072480320693,2566.3876166880764,,2584.0,11000000.0,1395-09-16
2016-12-07,275,6,175,9,22976410,4233700,7604089,19606021,62252310554,11471617000,20593410644,53130516910,2709.4011011293755,2708.2022112050504,2709.596097975766,2709.908191468325,15372321.0,1395-09-17
2016-12-10,130,3,95,1,3780106,518700,3898806,400000,10273838398,1393897412,10584671646,1083064164,2717.8704507228103,2714.8495323953025,2687.290171582803,2707.66041,-118700.0,1395-09-20
2016-12-11,68,2,98,1,3105216,420000,2725216,800000,8333366570,1110735080,7319302140,2124799510,2683.667277896288,2685.769546340547,2644.6073333333334,2655.9993875,380000.0,1395-09-21
2016-12-12,96,1,39,2,2082595,169725,2073093,179227,5404163664,441267600,5371189669,474241595,2594.918197729275,2590.906278203631,2599.89748121962,2646.0387943780797,9502.0,1395-09-22
2016-12-13,147,2,160,4,6306534,2550000,7366890,1489644,17025343935,6936991195,19908103658,4054231472,2699.6356374198567,2702.3755829121924,2720.388703921569,2721.610983563858,-1060356.0,1395-09-23
2016-12-14,86,2,54,0,1682901,1300000,2982901,0,4431102311,3486800599,7917902910,0,2633.0142480157774,2654.430338117155,2682.154306923077,,-1300000.0,1395-09-24
2016-12-18,64,2,53,3,2070068,377183,2044302,402949,5289455465,967263493,5221992418,1034726540,2555.208555950819,2554.4133978247837,2564.4408496671376,2567.8846206343733,25766.0,1395-09-28
2016-12-19,54,3,69,1,3602676,770000,3641391,731285,9027547167,1927582077,9120628729,1834500515,2505.7893540801338,2504.7100761769334,2503.3533467532466,2508.5985833156706,-38715.0,1395-09-29
2016-12-20,25,1,63,1,1159775,12700,948772,223703,2915508481,31806935,2384726516,562588900,2513.856981742148,2513.4874511473777,2504.4830708661416,2514.892066713455,211003.0,1395-09-30
2016-12-21,26,1,27,3,705284,535312,496844,743752,1785271139,1376206050,1267300652,1894176537,2531.279795089637,2550.7013308000096,2570.848495830469,2546.785134023169,208440.0,1395-10-01
2016-12-24,40,3,37,2,813848,310000,733220,390628,2027231540,772670690,1822567346,977334884,2490.9215725786635,2485.703262322359,2492.4860967741934,2501.9580880018843,80628.0,1395-10-04
2016-12-25,177,3,69,2,21984833,852985,1937818,20900000,53396275825,2081365900,4814717034,50662924691,2428.7778681329987,2484.6074471389984,2440.096719168567,2424.0633823444978,20047015.0,1395-10-05
2016-12-26,180,7,68,4,13101922,3830000,3224538,13707384,33408832856,9766477600,8221481256,34953829200,2549.918466618867,2549.6617673601613,2549.994151436031,2550.0,9877384.0,1395-10-06
2016-12-27,169,1,152,3,4672318,500000,4569584,602734,12286681673,1330885417,12021759278,1595807812,2629.675821080671,2630.8213784887203,2661.770834,2647.6153858916205,102734.0,1395-10-07
2016-12-28,95,14,122,5,2627072,5621787,4913724,3335135,6859420638,14827693732,12968194332,8718920038,2611.0516339103,2639.178417835434,2637.5410046663096,2614.2630022472854,-2286652.0,1395-10-08
2016-12-31,88,2,103,1,3555666,1652543,5178209,30000,9142900585,4275012453,13339473038,78440000,2571.360916632777,2576.078531785797,2586.9296308779863,2614.6666666666665,-1622543.0,1395-10-11
2017-01-01,51,3,62,0,1043896,1386674,2430570,0,2600666754,3473300426,6073967180,0,2491.308285499705,2498.988788638056,2504.770714674105,,-1386674.0,1395-10-12
2017-01-02,21,2,53,0,391216,459538,850754,0,988926939,1163045426,2151972365,0,2527.8284604924133,2529.48838912306,2530.901527186,,-459538.0,1395-10-13
2017-01-03,36,3,28,1,1129188,372899,1476687,25400,2816249785,932550085,3685045870,63754000,2494.0486305203385,2495.4820283513027,2500.811439558701,2510.0,-347499.0,1395-10-14
2017-01-04,32,2,18,0,399842,44000,443842,0,988471387,110860000,1099331387,0,2472.1549687126417,2476.8529949847016,2519.5454545454545,,-44000.0,1395-10-15
2017-01-07,36,3,43,0,494079,515628,1009707,0,1192080312,1241281953,2433362265,0,2412.7321986969696,2409.968698840357,2407.320690497801,,-515628.0,1395-10-18
2017-01-08,17,2,47,1,235266,388590,573856,50000,571002820,940118890,1389286710,121835000,2427.052017716117,2420.967472676072,2419.307985280115,2436.7,-338590.0,1395-10-19
2017-01-09,37,2,39,0,1373371,2176384,3549755,0,3298911845,5251563594,8550475439,0,2402.054393896478,2408.7508684402164,2412.976567554256,,-2176384.0,1395-10-20
2017-01-11,99,5,58,2,2185532,4900000,4779237,2306295,5120513689,11259750400,11099713769,5280550320,2342.914077213237,2322.4865745306206,2297.90824489796,2289.6248398405232,-2593705.0,1395-10-22
2017-01-14,69,1,49,0,1928987,700000,2628987,0,4517786778,1635625530,6153412308,0,2342.05143839746,2340.6020296030374,2336.6079,,-700000.0,1395-10-25
2017-01-15,99,3,41,0,3796193,5132686,8928879,0,8561813784,11566585454,20128399238,0,2255.368413565907,2254.3030584242438,2253.5151096326563,,-5132686.0,1395-10-26
2017-01-16,65,2,62,0,1032673,390000,1422673,0,2376490204,912353741,3288843945,0,2301.299834507148,2311.7356869779637,2339.3685666666665,,-390000.0,1395-10-27
2017-01-17,104,4,86,2,2884808,1083000,2575834,1391974,6909048076,2596622160,6154008844,3351661392,2394.976745766096,2389.132546584912,2397.6197229916897,2407.84769830471,308974.0,1395-10-28
2017-01-18,75,3,41,0,714570,370000,1084570,0,1686484872,877237656,2563722528,0,2360.1394852848566,2363.814717353421,2370.912583783784,,-370000.0,1395-10-29
2017-01-21,104,2,90,0,3949076,900000,4849076,0,8936919602,2073085116,11010004718,0,2263.040671286144,2270.5366379079237,2303.427906666667,,-900000.0,1395-11-02
2017-01-22,46,2,58,2,1078081,360000,1038081,400000,2464045159,845937782,2402435780,907547161,2285.5844403157093,2314.304741152184,2349.827172222222,2268.8679025,40000.0,1395-11-03
2017-01-23,36,1,50,1,549785,150000,679785,20000,1298120509,359178123,1610077032,47221600,2361.1420991842265,2368.5092080584304,2394.52082,2361.08,-130000.0,1395-11-04
2017-01-24,20,1,57,1,419470,540000,919470,40000,997101736,1289749840,2191151576,95700000,2377.051364817508,2383.059345057479,2388.42562962963,2392.5,-500000.0,1395-11-05
2017-01-25,32,0,32,0,710136,0,710136,0,1667661203,0,1667661203,0,2348.368767391035,2348.368767391035,,,0.0,1395-11-06
2017-01-28,35,4,62,1,859111,1646069,2444380,60800,2063399897,3958233855,5875276152,146357600,2401.784981218958,2403.585429434049,2404.6585258576647,2407.1973684210525,-1585269.0,1395-11-09
2017-01-29,22,4,108,2,387656,2470384,2698040,160000,932981425,6057496033,6593662458,396815000,2406.725099056896,2443.8712761856755,2452.0463349017805,2480.09375,-2310384.0,1395-11-10
2017-01-30,48,3,54,3,1710548,834623,1201321,1343850,4303323954,2105986797,3032787333,3376523418,2515.757496428045,2524.543675670366,2523.2791296190017,2512.574631097221,509227.0,1395-11-11
2017-01-31,48,2,26,0,472003,282551,754554,0,1149108466,686586305,1835694771,0,2434.5363609977057,2432.8209392568324,2429.955317801034,,-282551.0,1395-11-12
2017-02-01,13,3,35,0,174010,212382,386392,0,426779830,523788565,950568395,0,2452.616688696052,2460.114068096648,2466.25686263431,,-212382.0,1395-11-13
2017-02-04,27,1,46,0,395730,74600,470330,0,977933768,184600615,1162534383,0,2471.214636241882,2471.741932260328,2474.539075067024,,-74600.0,1395-11-16
2017-02-05,42,3,27,0,339264,347729,686993,0,804182048,833815911,1637997959,0,2370.3724768911525,2384.300799280342,2397.890055186654,,-347729.0,1395-11-17
2017-02-06,105,7,34,1,875435,2898665,719129,3054971,2045502931,6744977725,1679138556,7111342100,2336.556033286309,2334.9615381941207,2326.925576084163,2327.793651723699,156306.0,1395-11-18
2017-02-07,46,3,37,3,663491,1176500,395020,1444971,1543578034,2800029517,937101490,3406506061,2326.449091246151,2372.2887195585035,2379.965590310242,2357.4909537976887,268471.0,1395-11-19
2017-02-08,76,3,46,1,1601087,818000,1089580,1329507,3716231846,1919360615,2534897573,3100694888,2321.06802815837,2326.490549569559,2346.406619804401,2332.2140372333506,511507.0,1395-11-20
2017-02-11,57,4,44,1,885949,1733340,758644,1860645,2057974584,4070387741,1776165329,4352196996,2322.904122020568,2341.2369029478914,2348.291587916969,2339.079725579033,127305.0,1395-11-23
2017-02-12,72,2,25,1,764011,440000,1131436,72575,1740633644,1020429280,2591237424,169825500,2278.283485447199,2290.220060171322,2319.1574545454546,2340.0,-367425.0,1395-11-24
2017-02-13,75,2,38,1,978135,524905,1266169,236871,2223500551,1206608100,2884922090,545186561,2273.20415995747,2278.465268064532,2298.717101189739,2301.618015713194,-288034.0,1395-11-25
2017-02-14,46,3,20,2,474874,760000,458368,776506,1080980070,1729385502,1042915713,1767449859,2276.351347936505,2275.280370793773,2275.5072394736844,2276.15737547424,16506.0,1395-11-26
2017-03-12,12,4,105,3,3458657,2483822,4979894,962585,7895540464,5711427959,11399700813,2207267610,2282.834193734736,2289.1452735740963,2299.451393457341,2293.062545125885,-1521237.0,1395-12-22
2017-03-13,38,8,104,7,2135689,2641798,3286658,1490829,5051441530,6298222061,7795171909,3554491682,2365.251462174502,2371.7624130651866,2384.066480858869,2384.2383546335627,-1150969.0,1395-12-23
2017-03-14,27,3,45,6,2099484,1320000,1299201,2120283,5047398153,3162889667,3125058118,5085229702,2404.1136550695314,2405.369236938703,2396.1285356060607,2398.3730954782923,800283.0,1395-12-24
2017-03-15,31,6,79,3,981489,4770000,1895242,3856247,2409554684,11777767114,4664963934,9522357864,2454.999173704443,2461.4080597622888,2469.1335668763104,2469.3329716690864,-913753.0,1395-12-25
2017-03-18,36,3,32,3,1294790,420000,1399020,315770,3164550439,1024897145,3424903075,764544509,2444.064627468547,2448.07299037898,2440.231297619048,2421.206919593375,-104230.0,1395-12-28
2017-03-25,78,2,24,0,1038905,450000,1488905,0,2423440912,1059522435,3482963347,0,2332.6876971426645,2339.278427434927,2354.4943,,-450000.0,1396-01-05
2017-03-26,33,2,21,2,531146,220000,557258,193888,1221009377,523279265,1285749218,458539424,2298.8206199425395,2307.27816917837,2378.5421136363634,2364.970622214887,-26112.0,1396-01-06
2017-03-27,39,4,17,2,657579,373400,628346,402633,1501184278,851233560,1430335612,922082226,2282.8957098690803,2276.350310179424,2279.682806641671,2290.1307791462696,29233.0,1396-01-07
2017-03-28,68,2,25,2,1258001,90000,1049473,298528,2881003515,206889576,2397875724,690017367,2290.1440579141035,2284.837936754924,2298.773066666666,2311.399155188123,208528.0,1396-01-08
2017-03-29,28,2,26,2,275818,143596,271991,147423,634300784,332158754,625063542,341395996,2299.707720308319,2298.103768139387,2313.147678208307,2315.75802961546,3827.0,1396-01-09
2017-04-03,59,4,23,3,595276,441000,299161,737115,1348393726,1010355200,681844104,1676904822,2265.1572144685824,2279.187808571304,2291.0548752834466,2274.9568547648605,296115.0,1396-01-14
2017-04-04,107,5,62,4,1627958,1856132,1700120,1783970,3645234335,4232200797,3866573468,4010861664,2239.145196006285,2274.294442745218,2280.118438236074,2248.278650425736,-72162.0,1396-01-15
2017-04-05,137,1,43,5,4471889,300000,1087452,3684437,10143191957,675000000,2487446257,8330745700,2268.2119249829325,2287.4078644390743,2250.0,2261.063413487597,3384437.0,1396-01-16
2017-04-08,78,10,115,6,3435556,3245000,4690556,1990000,8128185307,7681818037,11090671007,4719332337,2365.900979928722,2364.468307595091,2367.278285670262,2371.523787437186,-1255000.0,1396-01-19
2017-04-09,33,0,49,3,1958192,0,839624,1118568,4866107120,0,2086465640,2779641480,2485.0,2485.0,,2485.0,1118568.0,1396-01-20
2017-04-10,170,15,152,7,9462451,10039837,13412288,6090000,24567680887,26106555605,34823887680,15850348812,2596.3337497863927,2596.416635252688,2600.2967583039444,2602.684533990148,-3949837.0,1396-01-21
2017-04-12,234,4,210,9,9221676,1170923,7842965,2549634,24617675870,3149010808,20898371592,6868315086,2669.5446543556723,2664.6008992772504,2689.3406381119853,2693.8435422495936,1378711.0,1396-01-23
2017-04-15,191,4,126,4,3284585,537000,3381671,439914,8944024443,1469670815,9201847973,1211847285,2723.0302893668454,2721.094977305598,2736.817160148976,2754.736800829253,-97086.0,1396-01-26
2017-04-16,108,3,114,5,2126372,1294955,3128739,292588,5635514572,3465184358,8328155517,772543413,2650.295701786893,2661.8249451296515,2675.91102239074,2640.379690896414,-1002367.0,1396-01-27
2017-04-17,110,1,85,3,2170038,700000,2483221,386817,5701462847,1878305739,6548495439,1031273147,2627.356224637541,2637.097317959215,2683.293912857143,2666.049183464015,-313183.0,1396-01-28
2017-04-18,81,2,63,1,1399812,532313,1902125,30000,3607148967,1375045455,4904794422,77400000,2576.8810147362647,2578.5868026549256,2583.1521210265387,2580.0,-502313.0,1396-01-29
2017-04-19,116,5,105,9,4394369,1635000,2913204,3116165,11628984216,4357145976,7697795345,8288334847,2646.337668957705,2642.3811531907822,2664.921086238532,2659.7869005652783,1481165.0,1396-01-30
2017-04-22,117,4,63,5,2216167,2018535,2923856,1310846,5912791779,5364464524,7755904063,3521352240,2668.026271937088,2652.628605170706,2657.602926875184,2686.3203152773094,-707689.0,1396-02-02
2017-04-23,77,2,58,0,1381563,381465,1763028,0,3664221315,1010865438,4675086753,0,2652.2288994421538,2651.737098333095,2649.955927804648,,-381465.0,1396-02-03
2017-04-24,53,0,29,0,401512,0,401512,0,1042344388,0,1042344388,0,2596.047908904341,2596.047908904341,,,0.0,1396-02-04
2017-04-26,131,1,51,0,2188056,70000,2258056,0,5653983518,179420000,5833403518,0,2584.021395247654,2583.374158125396,2563.1428571428573,,-70000.0,1396-02-06
2017-04-29,99,3,49,0,1328190,350380,1678570,0,3421462012,904091898,4325553910,0,2576.0335584517275,2576.927926747172,2580.318220218049,,-350380.0,1396-02-09
2017-04-30,103,0,41,0,1279020,0,1279020,0,3260756240,0,3260756240,0,2549.4177104345517,2549.4177104345517,,,0.0,1396-02-10
2017-05-01,91,1,33,2,1036975,50000,851975,235000,2604015917,125000000,2136814557,592201360,2511.165570047494,2508.071899997065,2500.0,2520.0057872340426,185000.0,1396-02-11
2017-05-02,101,2,83,0,1847046,170000,2017046,0,4807226712,442972987,5250199699,0,2602.656735132747,2602.915203222931,2605.7234529411767,,-170000.0,1396-02-12
2017-05-03,93,1,36,0,1242138,2000,1244138,0,3146301728,5008000,3151309728,0,2532.9727679211164,2532.926193075045,2504.0,,-2000.0,1396-02-13
2017-05-06,165,1,43,0,2175315,66000,2241315,0,5336081038,162760000,5498841038,0,2453.0153278950406,2453.399472184856,2466.060606060606,,-66000.0,1396-02-16
2017-05-07,87,1,48,0,746060,200000,946060,0,1793823063,480918225,2274741288,0,2404.3951733104577,2404.4365981016003,2404.591125,,-200000.0,1396-02-17
2017-05-08,114,2,37,0,1242085,17000,1259085,0,2924396527,40761895,2965158422,0,2354.4254435082944,2355.01052113241,2397.758529411765,,-17000.0,1396-02-18
2017-05-09,56,4,55,0,707823,840000,1547823,0,1714911888,2040242140,3755154028,0,2422.7976316112927,2426.087497084615,2428.8596904761903,,-840000.0,1396-02-19
2017-05-10,49,2,39,1,507802,301000,646558,162244,1230992305,737964260,1576767375,392189190,2424.158047821789,2438.7098682562123,2451.7085049833886,2417.280084317448,-138756.0,1396-02-20
2017-05-13,19,2,17,0,219882,151000,370882,0,532670483,368699128,901369611,0,2422.52882455135,2430.340677088669,2441.7160794701986,,-151000.0,1396-02-23
2017-05-14,58,1,21,0,450115,126000,576115,0,1059294061,306146708,1365440769,0,2353.385381513613,2370.083696831362,2429.735777777778,,-126000.0,1396-02-24
2017-05-15,29,1,33,0,364243,170000,534243,0,861967761,405918803,1267886564,0,2366.463490032753,2373.2394509614537,2387.7576647058822,,-170000.0,1396-02-25
2017-05-16,13,1,18,1,150874,100000,145663,105211,364680859,242383197,351936748,255127308,2417.12196269735,2416.1025655108024,2423.83197,2424.91096938533,5211.0,1396-02-26
2017-05-17,21,0,27,2,908872,0,557804,351068,2210948930,0,1353248475,857700455,2432.62960020773,2426.02863192089,,2443.117729328791,351068.0,1396-02-27
2017-05-20,49,0,40,3,2071798,0,836714,1235084,5062215804,0,2042816789,3019399015,2443.392552748868,2441.475568712846,,2444.691223430957,1235084.0,1396-02-30
2017-05-21,79,0,18,2,938707,0,422360,516347,2231558307,0,1008742069,1222816238,2377.26820722547,2388.3465976891757,,2368.206337985889,516347.0,1396-02-31
2017-05-22,69,0,21,1,696602,0,280768,415834,1629702507,0,655937260,973765247,2339.503054829013,2336.2251396170504,,2341.7162786111767,415834.0,1396-03-01
2017-05-23,147,1,21,1,1051825,50000,947748,154077,2417853305,116245000,2178115365,355982940,2298.7220355097093,2298.200961648033,2324.9,2310.422321306879,104077.0,1396-03-02
2017-05-24,60,2,23,1,1137921,72743,567270,643394,2622556602,169355027,1306287209,1485624420,2304.691276459438,2302.760958626404,2328.128163534636,2309.043012524208,570651.0,1396-03-03
2017-05-27,69,2,71,1,662649,1261030,1216158,707521,1539043812,2988301757,2858739904,1668605665,2322.56264176057,2350.631993540313,2369.7309001371896,2358.3832352679283,-553509.0,1396-03-06
2017-05-28,46,2,73,3,614191,1300000,925655,988536,1430397035,3143356403,2233663263,2340090175,2328.9123985861074,2413.062386094171,2417.966463846154,2367.228077682553,-311464.0,1396-03-07
2017-05-29,49,1,32,2,794263,46000,629082,211181,1858675271,110883180,1471277455,498280996,2340.125715285743,2338.768960167355,2410.5039130434784,2359.497284320086,165181.0,1396-03-08
2017-05-30,61,2,17,2,656132,529897,886029,300000,1506087908,1215885300,2032204506,689768702,2295.403833374992,2293.609471021829,2294.56913324665,2299.2290066666665,-229897.0,1396-03-09
2017-05-31,26,1,49,3,160208,1001000,887189,274019,371384597,2379635779,2108189935,642830441,2318.140149056227,2376.25797321653,2377.2585204795205,2345.9338257566083,-726981.0,1396-03-10
2017-06-03,28,1,16,0,243802,33013,276815,0,562371944,76588527,638960471,0,2306.6748591069804,2308.258118237812,2319.95053463787,,-33013.0,1396-03-13
2017-06-06,38,3,37,3,767776,12726317,611093,12883000,1765658628,30432797085,1420587725,30777867988,2299.705419288959,2324.6669901307982,2391.327914038288,2389.029572925561,156683.0,1396-03-16
2017-06-07,67,2,38,1,1216690,728486,1745176,200000,2767090017,1652285800,3962290121,457085696,2274.2769456476176,2270.4243703786897,2268.109201824057,2285.42848,-528486.0,1396-03-17
2017-06-10,29,2,20,1,210190,470000,461116,219074,481624490,1083426552,1061113794,503937248,2291.376801941101,2301.186239471196,2305.162876595745,2300.306051836366,-250926.0,1396-03-20
2017-06-11,46,2,41,2,377806,570100,700906,247000,858146197,1340884762,1614431959,584599000,2271.393776170839,2303.350176771208,2352.0167724960534,2366.797570850202,-323100.0,1396-03-21
2017-06-12,11,1,19,0,48847,30000,78847,0,110937018,69355455,180292473,0,2271.112207505066,2286.611703679277,2311.8485,,-30000.0,1396-03-22
2017-06-13,28,2,24,1,874675,109550,970491,13734,1996650113,247158288,2212220201,31588200,2282.733715951639,2279.4855397937745,2256.1231218621638,2300.0,-95816.0,1396-03-23
2017-06-14,40,2,20,1,297044,43000,328044,12000,672692810,98098040,743190850,27600000,2264.6234564576293,2265.5218507273416,2281.3497674418604,2300.0,-31000.0,1396-03-24
2017-06-17,82,2,23,1,1219186,700000,1819186,100000,2713636990,1563962934,4052469845,225130079,2225.7776828145998,2227.628095752716,2234.232762857143,2251.30079,-600000.0,1396-03-27
2017-07-02,26,1,22,1,543808,700000,1169542,74266,1226216178,1610000000,2665404378,170811800,2254.8696929798757,2279.0155274457866,2300.0,2300.0,-625734.0,1396-04-11
2017-07-03,119,4,37,1,1107511,1700000,2781695,25816,2412434565,3682200000,6037397345,57237220,2178.248852607333,2170.402342816161,2166.0,2217.121939882244,-1674184.0,1396-04-12
2017-07-04,119,2,84,1,1996241,2041580,3656044,381777,4178145703,4304910172,7680491141,802564734,2093.0066575127958,2100.765510754247,2108.616939821119,2102.181991057607,-1659803.0,1396-04-13
2017-07-05,97,2,50,2,1367957,13268586,1781250,12855293,2833620410,28241200278,3700298941,27374521747,2071.4250594134173,2077.360808982456,2128.425762775325,2129.4358477088,-413293.0,1396-04-14
2017-07-08,43,1,31,3,721749,100000,635611,186138,1507373328,210800000,1326305122,391868206,2088.5007502608246,2086.6616877303886,2108.0,2105.256347441146,86138.0,1396-04-17
2017-07-09,97,1,33,2,740599,673580,1401943,12236,1523654708,1383301040,2881725116,25230632,2057.3275254219893,2055.522311534777,2053.6551560319485,2062.0,-661344.0,1396-04-18
2017-07-10,74,2,37,1,727230,720205,1147435,300000,1474847187,1471935318,2331782505,615000000,2028.034029124211,2032.169582590735,2043.7727008282363,2050.0,-420205.0,1396-04-19
2017-07-11,89,2,32,3,1096049,555110,919605,731554,2211011081,1123252200,1861674312,1472588969,2017.2556892985624,2024.4282186373496,2023.476788384284,2012.960039860352,176444.0,1396-04-20
2017-07-12,99,0,30,3,1029971,0,696651,333320,2075171561,0,1405495746,669675815,2014.7863978694545,2017.5033783056365,,2009.1078093123724,333320.0,1396-04-21
2017-07-15,119,2,52,4,1439054,1100000,2081320,457734,2846032804,2174399804,4115472536,904960072,1977.7109156431932,1977.3377164491765,1976.7270945454543,1977.043593003797,-642266.0,1396-04-24
2017-07-16,111,1,30,2,1161980,256551,1118531,300000,2271675837,500274450,2185940111,586010176,1955.004248782251,1954.295509914343,1950.0,1953.367253333333,43449.0,1396-04-25
2017-07-17,93,1,78,2,1227650,4000,1202650,29000,2386499818,7796000,2337691818,56604000,1943.9578202256344,1943.783992017628,1949.0,1951.8620689655168,25000.0,1396-04-26
2017-07-26,91,0,35,0,1600827,0,1600827,0,3141445779,0,3141445779,0,1962.389301904578,1962.389301904578,,,0.0,1396-05-04
2017-07-29,35,1,64,0,828069,100000,928069,0,1697124612,206000000,1903124612,0,2049.496614412567,2050.628360606808,2060.0,,-100000.0,1396-05-07
2017-07-30,204,2,125,8,3777420,150000,1998802,1928618,7933811039,314932000,4194838777,4053904262,2100.325364666889,2098.676495720937,2099.5466666666666,2101.97367337648,1778618.0,1396-05-08
2017-07-31,68,1,68,0,463430,237629,701059,0,972088384,497967224,1470055608,0,2097.59485574952,2096.9071190869813,2095.565877902108,,-237629.0,1396-05-09
2017-08-01,41,1,40,0,173912,212371,386283,0,354514895,432803377,787318272,0,2038.4728770872623,2038.1903216035912,2037.9589350711728,,-212371.0,1396-05-10
2017-08-02,182,6,71,2,2738572,3875537,2745275,3868834,5469221045,7874330830,5622117383,7721434492,1997.106902794595,2047.925028640118,2031.8038068014832,1995.8040308785544,-6703.0,1396-05-11
2017-08-06,105,2,58,4,1041906,520000,854405,707501,2107947959,1083963920,1758038111,1433873768,2023.1651982040607,2057.6168339370674,2084.546,2026.6738393302624,187501.0,1396-05-15
2017-08-07,65,1,20,2,759363,240600,339172,660791,1523809204,489175859,681291935,1331693128,2006.6940369757283,2008.6915635724647,2033.1498711554448,2015.3015522305843,420191.0,1396-05-16
2017-08-08,46,1,31,3,507596,114000,413575,208021,1014493428,232712290,829401718,417804000,1998.6237637806444,2005.4445215499,2041.3358771929825,2008.470298671769,94021.0,1396-05-17
2017-08-09,25,0,32,1,1614105,0,1272126,341979,3233176768,0,2550468592,682708176,2003.077103410249,2004.88677379442,,1996.34531944944,341979.0,1396-05-18
2017-08-12,153,1,30,1,1491622,978950,470572,2000000,2896000202,1893081851,918025543,3871056510,1941.5107862447724,1950.871583944646,1933.7880903008324,1935.528255,1021050.0,1396-05-21
2017-08-13,81,1,26,1,1273426,50000,323426,1000000,2460610346,97400000,624770716,1933239630,1932.275880969919,1931.7269359915408,1948.0,1933.23963,950000.0,1396-05-22
2017-08-14,53,1,28,2,562967,100000,543505,119462,1089350302,193500000,1051192777,231657525,1935.016265607043,1934.0995519820424,1935.0,1939.173335453952,19462.0,1396-05-23
2017-08-15,73,2,37,1,996754,132427,1047845,81336,1911134257,253211300,2006960397,157385160,1917.358001071478,1915.321824315619,1912.0821282668944,1935.0,-51091.0,1396-05-24
2017-08-16,53,2,19,1,599284,124000,483304,239980,1141490122,235729000,919961321,457257801,1904.7565461450663,1903.483772118584,1901.040322580645,1905.3996208017336,115980.0,1396-05-25
2017-08-19,48,1,32,1,1232203,100000,709453,622750,2364471711,192000000,1358784418,1197687293,1918.897869101114,1915.256427134708,1920.0,1923.2232725812928,522750.0,1396-05-28
2017-08-20,63,1,28,1,697214,124585,661997,159802,1328663656,238760670,1260377616,307046710,1905.675525735284,1903.9023077143852,1916.447967251274,1921.419694371785,35217.0,1396-05-29
2017-08-21,50,0,27,1,725843,0,560843,165000,1383072045,0,1066992045,316080000,1905.4699776673467,1902.479027107408,,1915.636363636364,165000.0,1396-05-30
2017-08-22,42,2,67,0,598813,123292,722105,0,1178677653,238705860,1417383513,0,1968.3568209107016,1962.8496035895057,1936.1017746488008,,-123292.0,1396-05-31
2017-08-23,43,2,20,4,372351,247725,90401,529675,726736210,482663795,176115247,1033284758,1951.7503914317408,1948.155960664152,1948.3854879402563,1950.7901222447729,281950.0,1396-06-01
2017-08-26,66,2,112,3,2414226,300000,1844226,870000,4837980910,600326769,3697717679,1740590000,2003.9469834224303,2005.0241559331664,2001.08923,2000.67816091954,570000.0,1396-06-04
2017-08-27,208,1,193,5,5802864,200000,4494662,1508202,12157204302,420798064,9414301346,3163701020,2095.0351933114407,2094.5515693949847,2103.99032,2097.663986654308,1308202.0,1396-06-05
2017-08-28,79,3,61,4,1060018,368695,1278713,150000,2188955757,750018497,2622893682,316080572,2065.0175346079027,2051.198104656792,2034.2518802804489,2107.203813333333,-218695.0,1396-06-06
2017-08-29,102,2,61,1,1746169,240421,1982590,4000,3487789569,481438066,3961095635,8132000,1997.395194279592,1997.9398841918903,2002.4792592993124,2033.0,-236421.0,1396-06-07
2017-08-30,53,2,44,3,1058364,249000,809639,497725,2137668709,501177279,1639646376,999199612,2019.78592336852,2025.1573553151463,2012.760156626506,2007.5335014315133,248725.0,1396-06-08
2017-09-02,47,2,38,0,669853,270000,939853,0,1336767594,537070000,1873837594,0,1995.613356960408,1993.75603844431,1989.148148148148,,-270000.0,1396-06-11
2017-09-03,62,2,49,0,513973,185088,699061,0,1013511646,364102480,1377614126,0,1971.916123998732,1970.6636845711605,1967.1857710926693,,-185088.0,1396-06-12
2017-09-04,28,0,31,2,413057,0,388057,25000,819368321,0,769543321,49825000,1983.6688907342088,1983.067747779321,,1993.0,25000.0,1396-06-13
2017-09-05,33,1,37,3,808009,13811,465820,356000,1613245232,27083371,926019553,714309050,1996.5683946589704,1987.934294362629,1961.0,2006.4860955056176,342189.0,1396-06-14
2017-09-06,19,1,22,2,266451,65679,315348,16782,527505000,130044420,624401094,33148326,1979.7448686625307,1980.038224437764,1980.0,1975.2309617447263,-48897.0,1396-06-15
2017-09-10,51,4,83,4,678643,960409,1029052,610000,1381667276,1958831316,2096343806,1244154786,2035.9265121720848,2037.1602270827907,2039.5803412920957,2039.5980098360656,-350409.0,1396-06-19
2017-09-11,119,3,195,8,6709618,584578,3651369,3642827,14245310983,1220255425,7718965398,7746601010,2123.118034886636,2113.9921486982007,2087.412500983616,2126.535520352737,3058249.0,1396-06-20
2017-09-12,68,1,133,3,1207885,1504341,2452226,260000,2558231204,3156731100,5166169884,548792420,2117.942688252607,2106.726657330931,2098.4145881818017,2110.740076923077,-1244341.0,1396-06-21
2017-09-13,42,3,75,1,557212,592035,1099247,50000,1142599647,1213471798,2253121445,102950000,2050.565398806917,2049.695332350236,2049.66226321079,2059.0,-542035.0,1396-06-22
2017-09-16,40,1,55,3,729411,456323,768601,417133,1527573725,954788045,1610829045,871532725,2094.256495994713,2095.7935847078,2092.351349811428,2089.3401505035563,-39190.0,1396-06-25
2017-09-17,34,3,52,3,1243037,471392,784429,930000,2627591801,991718254,1653543631,1965766424,2113.848422050188,2107.958312352042,2103.8079857104067,2113.7273376344087,458608.0,1396-06-26
2017-09-18,93,5,106,4,1573610,1031307,2152237,452680,3434666397,2253754923,4704799384,983621936,2182.666859641208,2186.004322014722,2185.338529652179,2172.88578245118,-578627.0,1396-06-27
2017-09-19,50,4,109,3,2015997,481186,2093372,403811,4439033584,1051584245,4601064934,889552895,2201.90485600921,2197.920357203593,2185.4007493983618,2202.894163358601,-77375.0,1396-06-28
2017-09-20,43,5,54,4,841314,1066857,1385187,522984,1833265249,2330775456,3029077872,1134962833,2179.0499730183974,2186.764582688113,2184.7121554247665,2170.167410475273,-543873.0,1396-06-29
2017-09-23,206,13,190,12,21817185,2390519,4818950,19388754,49982504485,5476121881,11025370432,44433255934,2290.969457562925,2287.9196571867315,2290.766934293348,2291.7024958901434,16998235.0,1396-07-01
2017-09-24,186,2,145,5,4204639,903830,4142435,966034,9257160217,2019571452,9151652628,2125079041,2201.6539867037336,2209.244714280369,2234.4594138278217,2199.797358064002,62204.0,1396-07-02
2017-09-25,72,5,60,1,816685,1334902,2149582,2005,1772063131,2903510620,4671146711,4427040,2169.824511286481,2173.048858336179,2175.073990450235,2208.0,-1332897.0,1396-07-03
2017-09-26,71,4,71,5,2428460,1000000,3278480,149980,5333385376,2198396549,7202038410,329743515,2196.2006275582057,2196.7614290768893,2198.396549,2198.583244432591,-850020.0,1396-07-04
2017-09-27,60,1,39,1,933231,35465,963696,5000,2026230714,76604400,2091840114,10995000,2171.1995358062472,2170.6431426507943,2160.0,2199.0,-30465.0,1396-07-05
2017-10-02,46,4,52,1,790381,313040,1063421,40000,1685614079,663433126,2263447205,85600000,2132.660171486916,2128.4582540687084,2119.3238116534626,2140.0,-273040.0,1396-07-10
2017-10-03,48,4,49,0,1299632,449245,1748877,0,2733037380,940670844,3673708224,0,2102.9317375995665,2100.609833624663,2093.892740041625,,-449245.0,1396-07-11
2017-10-04,64,3,34,0,984854,300000,1284854,0,2052627689,625263600,2677891289,0,2084.194905031609,2084.1988965283217,2084.212,,-300000.0,1396-07-12
2017-10-07,61,5,121,3,1174706,1620380,2345086,450000,2509348012,3480229131,5023314141,966263002,2136.149821316993,2142.059669027064,2147.7857854330464,2147.251115555556,-1170380.0,1396-07-15
2017-10-08,76,5,78,2,1927171,804405,2694576,37000,4051568193,1684513903,5656707096,79375000,2102.339747225337,2099.293950513921,2094.111676332196,2145.2702702702704,-767405.0,1396-07-16
2017-10-09,39,0,56,2,1073080,0,673080,400000,2306946293,0,1448949523,857996770,2149.836259179185,2152.71516461639,,2144.991925,400000.0,1396-07-17
2017-10-10,155,10,148,7,9821239,765000,5370296,5215943,21868692770,1704288900,11942177694,11630803976,2226.673515429163,2223.7466415259046,2227.8286274509805,2229.8564182929144,4450943.0,1396-07-18
2017-10-11,91,2,147,6,1629665,2071802,2886076,815391,3669910494,4694409657,6520548070,1843772081,2251.9416530391213,2259.312668827848,2265.858251415917,2261.2122049421687,-1256411.0,1396-07-19
2017-10-14,138,4,218,8,6106101,1639097,5069698,2675500,14381297298,3858857676,11912432682,6327722292,2355.234100778877,2349.7322092953077,2354.2582751356385,2365.061592973276,1036403.0,1396-07-22
2017-10-15,76,2,106,3,1370873,308660,1582781,96752,3216416724,717010626,3704707590,228719760,2346.2543386586503,2340.6318309355497,2322.978766280049,2363.9796593352075,-211908.0,1396-07-23
2017-10-16,49,2,87,2,1211575,818318,1709893,320000,2801924499,1895538270,3956628159,740834610,2312.629840496874,2313.962428643196,2316.383447510625,2315.10815625,-498318.0,1396-07-24
2017-10-17,34,1,78,3,844575,1223755,1888330,180000,1943230148,2808570536,4334297116,417503568,2300.837874670692,2295.307025784688,2295.0431548798574,2319.464266666667,-1043755.0,1396-07-25
2017-10-18,60,3,218,9,1335599,8901358,6076957,4160000,3154358452,21284480039,14484744008,9954094483,2361.7556257529395,2383.5521640189327,2391.1497592839205,2392.811173798077,-4741358.0,1396-07-26
2017-10-21,228,3,195,15,5865319,8291299,8089426,6067192,14610845991,20731406434,20167510525,15174741900,2491.057347605476,2493.0706486467643,2500.380993858743,2501.11450239254,-2224107.0,1396-07-29
2017-10-30,116,3,203,7,5798715,6679127,8073842,4404000,14896582164,17491465559,20910781297,11477266426,2568.945389452663,2589.941851351562,2618.8251187617784,2606.100460036331,-2275127.0,1396-08-08
2017-10-31,173,4,249,12,8046108,4011226,7340456,4716878,21529921188,10737984280,19650154735,12617750733,2675.8180710475176,2676.966490228945,2676.9831168824694,2675.0216420691822,705652.0,1396-08-09
2017-11-01,102,5,171,5,2856560,3508382,3864942,2500000,7484865938,9227474604,10146275468,6566065074,2620.237606771781,2625.207692120606,2630.122547658721,2626.4260296,-1008382.0,1396-08-10
2017-11-04,62,2,110,4,1144392,446746,1467258,123880,3011946319,1173189912,3856707927,328428304,2631.918362763808,2628.513817610809,2626.078156267768,2651.1810138844044,-322866.0,1396-08-13
2017-11-05,49,3,85,1,691572,1180103,1671675,200000,1801765285,3071147760,4352799098,520113947,2605.3184411745992,2603.854874900923,2602.4404310471205,2600.569735,-980103.0,1396-08-14
2017-11-06,42,4,95,3,588251,3559379,2997630,1150000,1542880646,9322486215,7836595231,3028771630,2622.8270687172653,2614.2636786394587,2619.1327799034607,2633.7144608695653,-2409379.0,1396-08-15
2017-11-07,41,4,121,6,1350339,3276961,2276516,2350784,3616183727,8818579088,6102893848,6331868967,2677.982141521499,2680.804285144493,2691.08454082914,2693.513724357491,-926177.0,1396-08-16
2017-11-08,46,2,44,1,441086,1003000,1384562,59524,1160997408,2627218955,3627501563,160714800,2632.133887722576,2619.963254083241,2619.3608723828515,2700.0,-943476.0,1396-08-17
2017-11-11,41,2,115,2,2343943,1585113,3869598,59458,6072403237,4073823459,9988862996,157363700,2590.678714030162,2581.3696916320505,2570.0523931101443,2646.636281072353,-1525655.0,1396-08-20
2017-11-12,22,2,138,8,279542,5576464,4495432,1360574,729553011,14907393612,12012370108,3624576515,2609.815380157544,2672.1280864664395,2673.269945255632,2664.005423446281,-4215890.0,1396-08-21
2017-11-13,21,1,38,3,608799,230272,674448,164623,1629102644,613147141,1801427784,440822001,2675.928580697406,2670.9661589922425,2662.708192919677,2677.766782284371,-65649.0,1396-08-22
2017-11-14,29,2,40,1,394552,857176,1121228,130500,1040705748,2269514137,2965116924,345102961,2637.689703765283,2644.5262908168543,2647.664116820816,2644.467134099617,-726676.0,1396-08-23
2017-11-15,13,1,30,2,149851,4868970,4649321,369500,393402833,12840944112,12261281405,973065540,2625.293344722424,2637.21980155812,2637.3019574981977,2633.465602165088,-4499470.0,1396-08-24
2017-11-18,27,3,104,2,478082,2901029,2779111,600000,1253842558,7764864536,7402847094,1615860000,2622.6516748172908,2663.7464620880564,2676.589767286021,2693.1,-2301029.0,1396-08-27
2017-11-20,209,6,137,8,7537511,4618364,3769078,8386797,21051330287,12921876407,10520390000,23452816694,2792.875564228032,2791.237008095879,2797.9337286970017,2796.3973247474573,3768433.0,1396-08-29
2017-11-29,32,2,99,4,8140749,577454,3713083,5005120,22565136328,1566280282,10168571330,13962845280,2771.874716687617,2738.579054117562,2712.3897003051325,2789.712390512116,4427666.0,1396-09-08
2017-12-02,109,3,150,6,3442765,1432952,4332498,543219,9439621111,3948050464,11901965763,1485705812,2741.8720449987145,2747.137047264649,2755.1868199353503,2735.0034001019844,-889733.0,1396-09-11
2017-12-03,48,2,74,2,838851,1472671,1216842,1094680,2285180601,4022712490,3340940760,2966952331,2724.1793846583005,2745.583042005453,2731.5758170018967,2710.337569883436,-377991.0,1396-09-12
2017-12-04,31,3,65,2,414834,2458526,2687405,185955,1120208142,6635327358,7253428000,502107500,2700.3768784622284,2699.04536160348,2698.904692486474,2700.1559517087467,-2272571.0,1396-09-13
2017-12-05,20,6,55,6,255970,2734035,1182402,1807603,690148660,7366081619,3177215205,4879015074,2696.2091651365395,2687.0854455591248,2694.216284356272,2699.1629655405527,-926432.0,1396-09-14
2017-12-09,35,2,50,1,510209,1171076,1610250,71035,1375066935,3137688938,4320823823,191932050,2695.1052117857585,2683.324839621177,2679.3213574524625,2701.9363693953683,-1100041.0,1396-09-18
2017-12-10,51,3,78,4,2350445,692454,1809724,1233175,6497169592,1911195162,4985893380,3422471374,2764.229578654255,2755.057334709602,2760.0319472484816,2775.33308249032,540721.0,1396-09-19
2017-12-11,53,1,53,4,927958,1000000,1497304,430654,2569717038,2740609000,4109444038,1200882000,2769.216966716166,2744.5622518873924,2740.609,2788.507711527119,-569346.0,1396-09-20
2017-12-12,90,5,151,8,1855248,5299276,4459750,2694774,5309089370,15040630767,12630717082,7719003055,2861.660203918829,2832.1580989965805,2838.242576344391,2864.4342920779254,-2604502.0,1396-09-21
2017-12-13,86,3,64,2,1060720,2704280,2065000,1700000,3084006987,7845123499,5993903468,4935227018,2907.465671430726,2902.616691525424,2901.002669472096,2903.074716470588,-1004280.0,1396-09-22
2017-12-16,66,4,78,3,686104,2016806,1899210,803700,2037192658,5998493970,5628283359,2407403269,2969.218453762112,2963.486586001548,2974.254325899467,2995.4003595869103,-1213106.0,1396-09-25
2017-12-17,123,1,61,1,1975877,413932,2364809,25000,5686105655,1237821016,6848176671,75750000,2877.7629655084806,2895.8688295756656,2990.397012069616,3030.0,-388932.0,1396-09-26
2017-12-18,53,3,59,1,832183,410000,1192183,50000,2335897743,1168310112,3359282855,144925000,2806.952008152053,2817.7577225979567,2849.536858536585,2898.5,-360000.0,1396-09-27
2017-12-19,30,1,33,0,171294,300000,471294,0,477457286,841030419,1318487705,0,2787.3555757936647,2797.590686492932,2803.43473,,-300000.0,1396-09-28
2017-12-20,52,2,97,1,417389,3956561,3076416,1297534,1139610956,10937590280,8444078400,3633122836,2730.332989130044,2744.7778193846348,2764.4184634079948,2800.021298863845,-2659027.0,1396-09-29
2017-12-23,21,2,52,1,292775,809520,807795,294500,830406381,2318316036,2312138692,836583725,2836.329539748954,2862.283985417092,2863.815638897124,2840.691765704584,-515020.0,1396-10-02
2017-12-24,32,2,21,2,408169,346652,424821,330000,1156178132,984877149,1202080777,938974504,2832.5966254174127,2829.61712580122,2841.111976852867,2845.377284848485,-16652.0,1396-10-03
2017-12-25,31,2,79,0,417899,1218903,1636802,0,1178986418,3467560475,4646546893,0,2821.2233530111343,2838.795952717556,2844.820691228096,,-1218903.0,1396-10-04
2017-12-26,15,1,31,2,365026,1200000,709026,856000,1044469418,3425800000,2027597770,2442671648,2861.3562266797435,2859.6945246013547,2854.833333333333,2853.588373831776,-344000.0,1396-10-05
2017-12-27,37,3,55,3,379785,3465491,1071832,2773444,1066215619,9893076985,3053647929,7905644675,2807.418984425399,2848.998657438852,2854.740348481644,2850.4792867640376,-692047.0,1396-10-06
2017-12-30,23,3,56,1,121121,2830708,2051829,900000,334792025,7893144033,5728267442,2499668616,2764.1121275418795,2791.7859831399205,2788.3992389889736,2777.4095733333334,-1930708.0,1396-10-09
2017-12-31,28,3,175,1,240722,5660000,5800722,100000,660889486,15854828463,16234626849,281091100,2745.446972025822,2798.7252016214534,2801.2064422261483,2810.911,-5560000.0,1396-10-10
2018-01-01,18,4,22,1,217782,548051,660833,105000,606049638,1531265778,1843145416,294170000,2782.8270380472213,2789.124356683156,2794.020589324716,2801.619047619048,-443051.0,1396-10-11
2018-01-02,6,2,20,1,40880,684940,453565,272255,113703524,1896426663,1258390236,751739951,2781.397358121331,2774.44299273533,2768.748595497416,2761.1612311986923,-412685.0,1396-10-12
2018-01-03,18,2,49,1,566273,600000,1143528,22745,1533529356,1668379445,3140156126,61752675,2708.1096149736964,2746.024693754766,2780.6324083333334,2715.0,-577255.0,1396-10-13
2018-01-06,20,2,25,0,178093,300000,478093,0,481394574,836100097,1317494671,0,2703.051630327974,2755.7288456430024,2787.000323333333,,-300000.0,1396-10-16
2018-01-07,13,1,31,0,74501,399997,474498,0,200305936,1078088900,1278394836,0,2688.6341928296265,2694.204898650785,2695.2424643184822,,-399997.0,1396-10-17
2018-01-08,16,1,21,0,111616,421094,532710,0,301894914,1136953800,1438848714,0,2704.763779386468,2700.9981303148056,2700.0,,-421094.0,1396-10-18
2018-01-09,6,1,26,0,127853,144214,272067,0,345816101,389377800,735193901,0,2704.794576584046,2702.25312514932,2700.0,,-144214.0,1396-10-19
2018-01-10,7,2,32,1,46788,397996,441784,3000,126238933,1097474397,1215613330,8100000,2698.104920064974,2751.6010765441933,2757.5010728751045,2700.0,-394996.0,1396-10-20
2018-01-13,40,2,10,1,908210,110930,999140,20000,2432873351,301466000,2679335351,55004000,2678.75640105262,2681.64156274396,2717.6237266744797,2750.2,-90930.0,1396-10-23
2018-01-14,20,1,33,0,281831,5303,287134,0,762006867,14318100,776324967,0,2703.772356483141,2703.702685853992,2700.0,,-5303.0,1396-10-24
2018-01-21,36,2,48,4,622801,4549471,1762338,3409934,1645043580,12115672456,4682629126,9078086910,2641.3630999307966,2657.0550745657188,2663.094776513577,2662.2471021433257,-1139537.0,1396-11-01
2018-01-22,46,3,51,1,963142,283480,1194622,52000,2588486041,761658590,3208584631,141560000,2687.5435200624624,2685.857644510146,2686.8159658529703,2722.3076923076924,-231480.0,1396-11-02
2018-01-23,17,2,45,0,159110,518930,678040,0,418098371,1376704881,1794803252,0,2627.7315756394946,2647.0462686567166,2652.96837916482,,-518930.0,1396-11-03
2018-01-24,23,2,52,1,204707,410837,565544,50000,547333688,1104636990,1516540328,135430350,2673.74192382283,2681.560281781789,2688.7475811574905,2708.607,-360837.0,1396-11-04
2018-01-27,14,1,22,0,88414,102872,191286,0,233923543,271527446,505450989,0,2645.7749112131564,2642.383598381481,2639.4689128237032,,-102872.0,1396-11-07
2018-01-28,19,2,19,0,121649,307600,429249,0,315739601,799942800,1115682401,0,2595.496888589302,2599.149680022551,2600.594278283485,,-307600.0,1396-11-08
2018-01-29,9,3,28,0,119665,488198,607863,0,312015983,1289999552,1602015535,0,2607.412217440354,2635.4878237365983,2642.36959594263,,-488198.0,1396-11-09
2018-01-30,13,2,30,4,192817,242944,222761,213000,504444402,633867640,583576752,554735290,2616.182193478791,2619.743815120241,2609.1100829820866,2604.39103286385,-29944.0,1396-11-10
2018-01-31,11,2,32,0,114382,237755,352137,0,302542787,625997440,928540227,0,2645.0209560944904,2636.8720895560537,2632.951736030788,,-237755.0,1396-11-11
2018-02-03,7,1,10,0,44771,368754,413525,0,116475182,958760400,1075235582,0,2601.5765115811573,2600.1706837555166,2600.0,,-368754.0,1396-11-14
2018-02-04,10,3,41,1,109244,675694,691938,93000,286392445,1783904464,1828457909,241839000,2621.585121379664,2642.5169726189342,2640.10700701797,2600.4193548387098,-582694.0,1396-11-15
2018-02-05,22,1,13,1,374549,100000,274138,200411,984093213,261100000,715748267,529444946,2627.408464580068,2610.9049712188757,2611.0,2641.7958395497253,100411.0,1396-11-16
2018-02-06,11,1,15,2,178330,499575,499112,178793,463276144,1298074340,1296602940,464747544,2597.8587113777826,2597.819607623139,2598.3572836911376,2599.360959321674,-320782.0,1396-11-17
2018-02-07,16,1,11,1,87340,2000000,42940,2044400,228614132,5242000000,111886532,5358727600,2617.519258071903,2605.648160223568,2621.0,2621.1737429074547,44400.0,1396-11-18
2018-02-10,29,0,9,0,99491,0,99491,0,253178102,0,253178102,0,2544.7337146073514,2544.7337146073514,,,0.0,1396-11-21
2018-02-12,10,2,19,1,28344,170649,198985,8,72676267,440665569,513320692,21144,2564.0794171605985,2579.695414227203,2582.2921259427244,2643.0,-170641.0,1396-11-23
2018-02-13,8,2,31,1,76809,567627,629436,15000,199018158,1471500342,1631518500,39000000,2591.078623598797,2592.032390902332,2592.3720013318607,2600.0,-552627.0,1396-11-24
2018-02-14,5,1,20,1,30785,190197,155982,65000,80702908,495735170,406688078,169750000,2621.5009907422445,2607.2756984780294,2606.430017297854,2611.538461538461,-125197.0,1396-11-25
2018-02-17,6,3,20,1,17450,1308095,318545,1007000,45637950,3434100482,836363432,2643375000,2615.355300859598,2625.5738812412687,2625.268410933457,2625.0,-301095.0,1396-11-28
2018-02-18,15,3,37,0,83598,167710,251308,0,221863417,443761779,665625196,0,2653.932115600852,2648.6430833877157,2646.006672231829,,-167710.0,1396-11-29
2018-02-19,42,3,64,5,475882,1500000,783371,1192511,1297124353,4103230840,2144015380,3256339813,2725.7268671645493,2736.909306063156,2735.487226666666,2730.658092881324,-307489.0,1396-11-30
2018-02-21,31,3,76,5,316189,1434337,770031,980495,896828268,4096989270,2197961455,2795856083,2836.367704126329,2854.3804794871894,2856.364487564638,2851.4740850284807,-453842.0,1396-12-02
2018-02-24,20,1,22,1,110079,62875,153944,19010,304569031,172855227,424779174,52645084,2766.822291263547,2759.3097100244245,2749.188500994036,2769.3363492898475,-43865.0,1396-12-05
2018-02-25,9,1,21,4,55000,481664,239737,296927,151357825,1347054378,667014667,831397536,2751.9604545454545,2782.2766907068994,2796.668171173266,2800.0065201211078,-184737.0,1396-12-06
2018-02-26,15,1,22,1,86036,391537,329109,148464,235509814,1069556834,899609272,405457376,2737.3403459017154,2733.4690695180016,2731.6877689720254,2731.014764522039,-243073.0,1396-12-07
2018-02-27,10,1,22,1,40086,345600,254917,130769,109582398,944488461,697037766,357033093,2733.6825325550067,2734.371446392355,2732.894852430556,2730.257882219792,-214831.0,1396-12-08
2018-02-28,5,0,9,0,12531,0,12531,0,33799004,0,33799004,0,2697.2311866570903,2697.2311866570903,,,0.0,1396-12-09
2018-03-03,27,0,14,0,150140,0,150140,0,397831702,0,397831702,0,2649.738257626216,2649.738257626216,,,0.0,1396-12-12
2018-03-04,15,0,20,0,140226,0,140226,0,370296830,0,370296830,0,2640.714489467003,2640.714489467003,,,0.0,1396-12-13
2018-03-05,22,1,19,0,135286,50353,185639,0,356512823,132383037,488895860,0,2635.2528938692844,2633.583783579959,2629.099298949417,,-50353.0,1396-12-14
2018-03-06,9,1,8,0,63555,57506,121061,0,166390570,150550708,316941278,0,2618.0563291637163,2618.0295718687275,2618.0,,-57506.0,1396-12-15
2018-03-07,10,4,39,1,66763,1597977,1614740,50000,174479105,4205216322,4242345427,137350000,2613.4101972649523,2627.262238502793,2631.5875147139163,2747.0,-1547977.0,1396-12-16
2018-03-10,27,2,56,3,238123,1013937,1101508,150552,616038564,2756129209,2964831633,407336140,2587.060317566972,2691.6115298300147,2718.2450280441485,2705.617593921037,-863385.0,1396-12-19
2018-03-11,27,2,11,1,285707,278512,412709,151510,728027701,729156847,1057652848,399531700,2548.1619316292567,2562.708465286679,2618.044633624404,2636.9988779618507,-127002.0,1396-12-20
2018-03-12,8,2,18,1,47120,170823,197833,20110,121249110,455263255,524221705,52290660,2573.198429541596,2649.8193173029777,2665.116846092154,2600.231725509697,-150713.0,1396-12-21
2018-03-13,9,3,18,2,85216,761855,244682,602389,220832827,2014844250,639346227,1596330850,2591.4479323131804,2612.967962498263,2644.655807207408,2650.0,-159466.0,1396-12-22
2018-03-14,2,0,2,0,786,0,786,0,2012760,0,2012760,0,2560.763358778626,2560.763358778626,,,0.0,1396-12-23
2018-03-17,26,1,10,2,572759,39640,93264,519135,1452739795,101020640,236575666,1317184769,2536.389292878855,2536.623627551896,2548.452068617558,2537.268280890328,479495.0,1396-12-26
2018-03-18,29,3,7,1,258415,533700,94415,697700,644573247,1325325000,235526643,1734371604,2494.3337151481146,2494.5892389980404,2483.27712197864,2485.841484878888,164000.0,1396-12-27
2018-03-19,35,1,14,1,304363,100000,160068,244295,749329367,244000000,391527647,601801720,2461.9594595926574,2446.0082402478947,2440.0,2463.422174010929,144295.0,1396-12-28
2018-03-25,8,1,10,0,87193,40000,127193,0,213157039,98031000,311188039,0,2444.657701879738,2446.5814864025538,2450.775,,-40000.0,1397-01-05
2018-03-26,10,0,6,0,79789,0,79789,0,193575737,0,193575737,0,2426.0955394853927,2426.0955394853927,,,0.0,1397-01-06
2018-03-27,2,0,4,0,3935,0,3935,0,9942877,0,9942877,0,2526.779415501906,2526.779415501906,,,0.0,1397-01-07
2018-03-28,9,1,11,1,82104,35000,87104,30000,205438049,87209871,219033020,73614900,2502.1685788755726,2514.614943056576,2491.7106,2453.83,-5000.0,1397-01-08
2018-04-03,4,1,7,1,52648,200,52798,50,133054130,505520,133433050,126600,2527.239971129008,2527.236827152544,2527.6,2532.0,-150.0,1397-01-14
2018-04-04,8,1,18,0,43734,172508,216242,0,107120420,427105894,534226314,0,2449.36250971784,2470.5020948751862,2475.861374544949,,-172508.0,1397-01-15
2018-04-07,29,4,21,1,212801,3514572,515384,3211989,517073497,8644648568,1278719355,7883002710,2429.845240388908,2481.1002184778727,2459.658976398833,2454.243370696475,-302583.0,1397-01-18
2018-04-08,16,1,14,0,174117,42005,216122,0,413275178,100149061,513424239,0,2373.548694268796,2375.622282784724,2384.217616950363,,-42005.0,1397-01-19
2018-04-09,20,1,28,0,276175,100000,376175,0,682126294,240000000,922126294,0,2469.906016112972,2451.322639728849,2400.0,,-100000.0,1397-01-20
2018-04-10,11,2,28,3,98622,393304,319616,172310,240023394,995627894,802275038,433376250,2433.7713086329622,2510.1216397176613,2531.446143441206,2515.0963379954733,-220994.0,1397-01-21
2018-04-11,5,0,6,0,9058,0,9058,0,22141989,0,22141989,0,2444.4677633031574,2444.4677633031574,,,0.0,1397-01-22
2018-04-15,9,1,10,0,23103,20000,43103,0,54841888,49820100,104661988,0,2373.799419988746,2428.183374707097,2491.005,,-20000.0,1397-01-26
2018-04-16,24,0,10,2,170352,0,72159,98193,400058656,0,169250808,230807848,2348.4235935005167,2345.5259634972767,,2350.552972207795,98193.0,1397-01-27
2018-04-17,10,1,14,0,158054,136612,294666,0,376233745,323251308,699485053,0,2380.412675414732,2373.823423808651,2366.1999531519923,,-136612.0,1397-01-28
2018-04-18,11,1,19,0,201908,135000,336908,0,474950300,320788000,795738300,0,2352.3104582285,2361.8860341695654,2376.207407407408,,-135000.0,1397-01-29
2018-04-22,6,2,21,0,146543,195000,341543,0,344350362,466359005,810709367,0,2349.824706741366,2373.667055099944,2391.584641025641,,-195000.0,1397-02-02
2018-04-23,24,0,10,1,143645,0,43645,100000,330659334,0,100854532,229804802,2301.9202478332,2310.792347347921,,2298.04802,100000.0,1397-02-03
2018-04-24,8,0,22,0,196534,0,196534,0,468505808,0,468505808,0,2383.8410046098893,2383.8410046098893,,,0.0,1397-02-04
2018-04-25,12,2,5,1,494839,171756,36595,630000,1171417320,410920521,88351247,1493986594,2367.269596777942,2414.298319442547,2392.466760986516,2371.407292063492,458244.0,1397-02-05
2018-04-28,5,2,8,0,67420,22500,89920,0,158313700,53568920,211882620,0,2348.1711658261643,2356.345862989324,2380.840888888889,,-22500.0,1397-02-08
2018-04-29,13,2,16,1,116157,190000,156157,150000,268005448,443233741,364366710,346872479,2307.269023821208,2333.3357454356837,2332.8091631578945,2312.483193333333,-40000.0,1397-02-09
2018-04-30,20,2,6,2,85070,789972,570042,305000,194090589,1792696244,1294140001,692646832,2281.539779005525,2270.2537725290417,2269.3161833583977,2270.973219672131,-484972.0,1397-02-10
2018-05-01,2,1,10,0,65491,3400,68891,0,150406247,7805000,158211247,0,2296.5941427066314,2296.544497829905,2295.5882352941176,,-3400.0,1397-02-11
2018-05-05,9,2,16,1,127904,194437,225815,96526,287657045,449312635,518872679,218097001,2249.0074196272203,2297.777733985785,2310.8391664138,2259.4637817790026,-97911.0,1397-02-15
2018-05-06,9,2,16,1,42722,175780,151500,67002,96398031,410452237,348509592,158340676,2256.4025794672534,2300.3933465346536,2335.0337751735124,2363.223127667831,-108778.0,1397-02-16
2018-05-07,26,3,12,2,256764,1556932,1557622,256074,577144866,3541161419,3539828817,578477468,2247.763962237697,2272.5852722932777,2274.448350345423,2259.0246100736504,-1300858.0,1397-02-17
2018-05-08,1,2,6,1,23100,23100,36200,10000,52836308,53113200,82999508,22950000,2287.286060606061,2292.80408839779,2299.2727272727275,2295.0,-13100.0,1397-02-18
2018-05-09,11,5,25,4,56301,8937899,2154490,6839710,129663094,20657739718,4909401866,15878000946,2303.0335873252693,2278.6839883220623,2311.2523108618702,2321.4435913218545,-2098189.0,1397-02-19
2018-05-12,5,3,10,2,34125,328383,87936,274572,78218000,759842847,204393161,633667686,2292.102564102564,2324.3399858988355,2313.892153369693,2307.8379659979896,-53811.0,1397-02-22
2018-05-13,28,1,3,2,196834,50000,10425,236409,435643102,114900000,23280100,527263002,2213.251277726409,2233.103117505995,2298.0,2230.300039338604,186409.0,1397-02-23
2018-05-14,36,1,19,3,155687,989600,452807,692480,342741188,2257981465,1019068908,1581653745,2201.4759613840592,2250.559085879856,2281.711262126112,2284.042492201941,-297120.0,1397-02-24
2018-05-15,9,1,4,1,16469,5000,6553,14916,36630419,11110000,14576459,33163960,2224.2042018337484,2224.3947810163286,2222.0,2223.3816036470903,9916.0,1397-02-25
2018-05-16,17,0,10,0,119776,0,119776,0,264504768,0,264504768,0,2208.328613411702,2208.328613411702,,,0.0,1397-02-26
2018-05-19,28,0,18,0,188349,0,188349,0,417953118,0,417953118,0,2219.035503241323,2219.035503241323,,,0.0,1397-02-29
2018-05-20,14,1,15,1,187080,50000,116080,121000,412486849,110135618,256080027,266542440,2204.868767372247,2206.0650155065478,2202.71236,2202.830082644628,71000.0,1397-02-30
2018-05-21,9,1,12,2,53865,230000,130295,153570,118734630,508420000,287670160,339484470,2204.300194931774,2207.837292298246,2210.521739130435,2210.6171127173275,-76430.0,1397-02-31
2018-05-22,10,0,4,1,94154,0,24144,70010,206530659,0,53051280,153479379,2193.540996665038,2197.2862823061632,,2192.2493786601917,70010.0,1397-03-01
2018-05-23,6,0,3,1,44322,0,34322,10000,98567610,0,76347610,22220000,2223.8980641667795,2224.451080939339,,2222.0,10000.0,1397-03-02
2018-05-26,26,0,10,2,141392,0,121271,20121,305912958,0,261997990,43914968,2163.5803864433638,2160.433986690965,,2182.54400874708,20121.0,1397-03-05
2018-05-27,59,1,9,2,360434,41603,136610,265427,772112899,88824905,293673347,567264457,2142.1755411531653,2149.720715906596,2135.0600918203013,2137.1769149332963,223824.0,1397-03-06
2018-05-28,21,0,18,1,181332,0,161594,19738,392334296,0,349551434,42782862,2163.624159001169,2163.1461192866072,,2167.537845779714,19738.0,1397-03-07
2018-05-29,54,1,14,2,577148,159595,482743,254000,1223028435,336596155,1022229542,537395048,2119.08979152661,2117.543997530777,2109.0645383627307,2115.72853543307,94405.0,1397-03-08
2018-05-30,16,0,12,3,787671,0,551749,235922,1675644445,0,1176427352,499217093,2127.340533039809,2132.1784942066047,,2116.0260297895065,235922.0,1397-03-09
2018-06-02,10,4,32,0,443068,238839,681907,0,955155861,512307910,1467463771,0,2155.7771290185706,2151.999863617766,2144.992693823036,,-238839.0,1397-03-12
2018-06-03,22,0,45,2,2169931,0,1443179,726752,4760929646,0,3239602650,1521326996,2194.046560005825,2244.7684244296797,,2093.323439082383,726752.0,1397-03-13
2018-06-09,20,0,21,2,1810471,0,210471,1600000,4169514713,0,484714713,3684800000,2303.0,2303.0,,2303.0,1600000.0,1397-03-19
2018-06-10,117,4,55,4,12601154,11000000,4143702,19457452,30303236262,26454663826,9962928028,46794972060,2404.7985019467264,2404.3543739390525,2404.9694387272725,2404.989721161846,8457452.0,1397-03-20
2018-06-17,152,7,137,9,10283538,15100000,8088027,17295511,28581199545,41722201107,22275469016,48027931636,2779.315790440994,2754.128913763517,2763.059675960265,2776.901569199083,2195511.0,1397-03-27
2018-06-18,67,3,175,7,888837,12773641,7030895,6631583,2477569924,35670886480,19602372058,18546084346,2787.4288806609084,2788.0336796382253,2792.5386724114137,2796.630057408616,-6142058.0,1397-03-28
2018-06-19,86,5,154,7,4928862,7997875,7028356,5898381,14125328875,23011458983,20450322487,16686465371,2865.8397973000665,2909.687910942473,2877.1966282293733,2828.990763906231,-2099494.0,1397-03-29
2018-06-20,84,4,71,3,1165850,2541710,2684333,1023227,3324129755,7397809729,7821013183,2900926301,2851.2499506797617,2913.5778545359312,2910.5640411376594,2835.0759909580183,-1518483.0,1397-03-30
2018-06-23,24,1,53,0,318085,1500000,1818085,0,898760724,4242980000,5141740724,0,2825.5363314837227,2828.107994950731,2828.653333333333,,-1500000.0,1397-04-02
2018-06-24,31,3,54,1,1352692,2130092,2931748,551036,3853562618,6050461897,8342456859,1561567656,2848.810089806105,2845.5572781153087,2840.469752949638,2833.875928251512,-1579056.0,1397-04-03
2018-06-25,63,1,82,5,6590643,2000000,4501678,4088965,19651330946,5972000000,13417062088,12206268858,2981.7016254711416,2980.457973226872,2986.0,2985.1732303895974,2088965.0,1397-04-04
2018-07-01,9,2,59,2,163800,2900000,2893244,170556,465424450,8239341306,8220016514,484749242,2841.4191086691085,2841.107253311508,2841.1521744827587,2842.1705598161307,-2729444.0,1397-04-10
2018-07-02,21,1,82,3,1219305,96239,1127017,188527,3534278101,282981198,3270440899,546818400,2898.600515047506,2901.8558717392907,2940.4004405698315,2900.477915630122,92288.0,1397-04-11
2018-07-03,29,2,47,5,6991001,909089,1950090,5950000,21140772024,2749085136,5897057160,17992800000,3023.997854384515,3023.992308047321,3024.0,3024.0,5040911.0,1397-04-12
2018-07-04,103,2,85,5,4624058,1566053,1269506,4920605,14663093281,4972170443,4018629579,15616634145,3171.044411856425,3165.5065663336763,3174.969456972401,3173.72236645697,3354552.0,1397-04-13
2018-07-07,27,1,28,1,270338,50100,217442,102996,828522159,155712000,670996345,313237814,3064.763958452012,3085.8635636169647,3108.0239520958085,3041.2619325022333,52896.0,1397-04-16
2018-07-08,14,2,41,1,305156,1500000,659463,1145693,915275861,4498500000,1977755523,3436020338,2999.3703581119166,2999.039404788441,2999.0,2999.0759636307457,-354307.0,1397-04-17
2018-07-10,7,0,16,0,111081,0,111081,0,319254948,0,319254948,0,2874.073405892997,2874.073405892997,,,0.0,1397-04-19
2018-07-11,13,1,75,0,632262,50000,682262,0,1859490674,142950000,2002440674,0,2941.012861756677,2935.002497574246,2859.0,,-50000.0,1397-04-20
2018-07-14,24,0,16,1,422056,0,386875,35181,1204028806,0,1103503346,100525460,2852.7702627139524,2852.351136672052,,2857.3792672181007,35181.0,1397-04-23
2018-07-15,16,0,30,0,269818,0,269818,0,758589185,0,758589185,0,2811.484723035528,2811.484723035528,,,0.0,1397-04-24
2018-07-16,9,0,18,0,137471,0,137471,0,384341736,0,384341736,0,2795.8022855729573,2795.8022855729573,,,0.0,1397-04-25
2018-07-17,5,0,1,0,22653,0,22653,0,63020646,0,63020646,0,2782.0,2782.0,,,0.0,1397-04-26
2018-07-18,1,0,1,0,10,0,10,0,27800,0,27800,0,2780.0,2780.0,,,0.0,1397-04-27
2018-07-21,2,0,1,0,7560,0,7560,0,21016800,0,21016800,0,2780.0,2780.0,,,0.0,1397-04-30
2018-07-22,11,1,4,0,37013,2000000,2037013,0,102859127,5558000000,5660859127,0,2779.0,2779.0,2779.0,,-2000000.0,1397-04-31
2018-07-23,18,0,49,2,2369641,0,1422541,947100,6504126630,0,3892012930,2612113700,2744.7729972599227,2735.9583519912608,,2758.012564671101,947100.0,1397-05-01
2018-07-24,27,0,23,3,6238795,0,187207,6051588,17953011858,0,533435242,17419576616,2877.640931942787,2849.4406833077824,,2878.513311877808,6051588.0,1397-05-02
2018-07-25,107,1,74,3,6001466,6000000,3951366,8050100,18129229229,18125523773,11935400902,24319352100,3020.800122670028,3020.5758975503663,3020.920628833333,3021.0,2050100.0,1397-05-03
2018-07-28,100,2,86,3,1688274,6173866,1373410,6488730,5348056403,19583402259,4349207102,20582251560,3167.765660668825,3166.7215922412097,3171.983690446148,3172.0,314864.0,1397-05-06
2018-07-29,97,2,106,4,5019991,3512780,2946746,5586025,16462682715,11609223893,9745949629,18325956979,3279.424746976638,3307.359924811979,3304.853675151874,3280.679370214061,2073245.0,1397-05-07
2018-07-30,3,1,12,1,14000,1000000,656187,357813,47586000,3389100000,2220479613,1216206387,3399.0,3383.912837346671,3389.1,3399.0,-642187.0,1397-05-08
2018-07-31,17,0,27,2,2214549,0,391549,1823000,8142225895,0,1433585895,6708640000,3676.69710401531,3661.319260169225,,3680.0,1823000.0,1397-05-09
2018-08-01,264,6,271,6,6589059,26797930,23639749,9747240,24552822362,102043590230,89526759676,37069652916,3726.301792410722,3787.12818295998,3807.890767309266,3803.092251344996,-17050690.0,1397-05-10
2018-08-04,110,1,93,3,5031841,3000000,4098138,3933703,18952901906,11489602881,15633749026,14808755761,3766.59395755947,3814.842015080995,3829.867627,3764.5840982402583,933703.0,1397-05-13
2018-08-05,412,1,139,3,10091810,1000000,8062898,3028912,39377618264,3974509644,31435192226,11916935682,3901.938132406377,3898.7461116338072,3974.509644,3934.394819658016,2028912.0,1397-05-14
2018-08-06,385,3,164,4,7514983,320000,5450339,2384644,30482886940,1312020000,22117629725,9677277215,4056.281556458611,4058.028266682128,4100.0625,4058.164327673229,2064644.0,1397-05-15
2018-08-07,126,5,91,1,4016816,2926800,5754267,1189349,15533257518,11300928400,22243145227,4591040691,3867.057270733835,3865.5045424551904,3861.189148558152,3860.129105081856,-1737451.0,1397-05-16
2018-08-08,70,3,156,2,1350378,3717537,3667915,1400000,4973102392,13713164315,13536994707,5149272000,3682.7483800832074,3690.651148404475,3688.776820513152,3678.051428571429,-2317537.0,1397-05-17
2018-08-11,133,1,89,2,1721745,800000,2401745,120000,6273158188,2958899217,8779853397,452204008,3643.4885467940953,3655.614312510279,3698.62402125,3768.366733333333,-680000.0,1397-05-20
2018-08-12,97,5,68,2,1563319,4690000,1770217,4483102,5643467686,17044065514,6443848026,16243685174,3609.927139630491,3640.1458273194753,3634.129107462687,3623.313762211968,-206898.0,1397-05-21
2018-08-13,38,2,50,3,2002706,300000,1016456,1286250,7239862034,1082364331,3668179058,4654047307,3615.0398680585167,3608.792764271154,3607.881103333333,3618.306944217687,986250.0,1397-05-22
2018-08-14,181,2,103,7,5004533,700000,3531533,2173000,18902197531,2655800000,13340216041,8217781490,3777.015264161512,3777.457563330146,3794.0,3781.767827887713,1473000.0,1397-05-23
2018-08-15,43,2,57,3,691990,500000,741990,450000,2605279647,1887431130,2801474511,1691236266,3764.909387418893,3775.623001657704,3774.86226,3758.302813333333,-50000.0,1397-05-24
2018-08-18,192,13,149,12,10405505,2400000,4969659,7835846,41199163239,9499274500,19663878809,31034558930,3959.3622067357614,3956.7863326236265,3958.0310416666666,3960.588164953727,5435846.0,1397-05-27
2018-08-19,289,9,146,9,15578380,1800000,4804893,12573487,64696331357,7478930218,19928190614,52247070961,4152.956299499691,4147.478541977938,4154.961232222222,4155.336619109718,10773487.0,1397-05-28
2018-08-20,197,2,139,1,3958473,989853,4648326,300000,16342045327,4105598913,19222325912,1225318328,4128.37104787629,4135.322245470735,4147.685477540605,4084.3944266666663,-689853.0,1397-05-29
2018-08-21,85,2,145,3,2934348,75090,2377925,631513,11975497239,300150080,9667465603,2608181716,4081.144172061392,4065.504842667452,3997.2044213610334,4130.0522966273065,556423.0,1397-05-30
2018-08-25,100,2,121,3,3107516,3679574,3244127,3542963,13004516868,15411159400,13525236282,14890439986,4184.859182704127,4169.145129645048,4188.299895585739,4202.8211940119045,-136611.0,1397-06-03
2018-08-26,69,11,133,3,2795982,1340784,3291012,845754,11842558331,5661143383,13891274866,3612426848,4235.563151336453,4220.973629388164,4222.2635286518935,4271.250089269457,-495030.0,1397-06-04
2018-08-27,72,3,77,0,1428826,128688,1557514,0,5889883230,532213457,6422096687,0,4122.183687866822,4123.299493295084,4135.688308156161,,-128688.0,1397-06-05
2018-08-28,91,4,75,1,1562187,2432827,3920964,74050,6221961187,9648159337,15577623024,292497500,3982.85300479392,3972.906413830885,3965.822204784804,3950.0,-2358777.0,1397-06-06
2018-08-29,91,2,54,0,1046298,128501,1174799,0,4177736306,515407430,4693143736,0,3992.874215567649,3994.848255744174,4010.921549248644,,-128501.0,1397-06-07
2018-09-01,55,4,77,0,618831,620000,1238831,0,2481099428,2478549767,4959649195,0,4009.332803301709,4003.4913519277447,3997.660914516129,,-620000.0,1397-06-10
2018-09-02,39,2,60,0,465845,404121,869966,0,1795513671,1551720016,3347233687,0,3854.315643615366,3847.545406372203,3839.741107242633,,-404121.0,1397-06-11
2018-09-03,72,4,54,2,822957,531838,1131419,223376,3285687288,2117791590,4509493683,893985195,3992.538234682979,3985.697326101117,3982.0238305649455,4002.1541929303057,-308462.0,1397-06-12
2018-09-04,112,1,80,2,886436,266766,1043202,110000,3640018760,1089423746,4275404963,454037543,4106.352584958192,4098.348127208345,4083.8178253600536,4127.614027272727,-156766.0,1397-06-13
2018-09-05,52,2,48,1,758168,520522,1140993,137697,3067871245,2087117895,4592830132,562159008,4046.4267088560846,4025.2921201094136,4009.663174659284,4082.579925488573,-382825.0,1397-06-14
2018-09-08,67,2,74,0,1144391,613000,1757391,0,4611681350,2446760000,7058441350,0,4029.8126689217233,4016.4319437165664,3991.451876019576,,-613000.0,1397-06-17
2018-09-09,54,2,120,3,4761034,2619282,1780316,5600000,20019320819,11050655136,7456475955,23613500000,4204.826266521096,4188.287896643068,4218.963493048858,4216.696428571428,2980718.0,1397-06-18
2018-09-10,40,7,32,3,7231757,2950000,266826,9914931,31964365940,13039000000,1179370920,43823995020,4420.0,4420.0,4420.0,4420.0,6964931.0,1397-06-19
2018-09-11,43,6,29,3,4766605,1700000,173105,6293500,22121813805,7889700000,803380305,29208133500,4641.0,4641.0,4641.0,4641.0,4593500.0,1397-06-20
2018-09-12,19,2,2,1,1603167,400000,3167,2000000,7812232791,1949200000,15432791,9746000000,4873.0,4873.0,4873.0,4873.0,1600000.0,1397-06-21
2018-09-15,206,4,187,14,25282910,8334802,14895605,18722107,135535018295,44731493650,79845863676,100420648269,5360.736493346692,5360.363924526731,5366.833387283825,5363.747160989947,10387305.0,1397-06-24
2018-09-16,370,12,177,6,34114433,17134349,19775150,31473632,192064056226,96465949870,111333457936,177196548160,5629.994091533047,5629.967809902832,5629.974612399922,5630.0,14339283.0,1397-06-25
2018-09-17,396,9,208,7,21509250,6195916,15305166,12400000,127087745030,36623982539,90425687939,73286039630,5908.515872473471,5908.1808024166485,5910.987582627008,5910.164486290322,6204084.0,1397-06-26
2018-09-18,304,11,169,5,6506878,5609519,8304799,3811598,36566157158,31491893470,46658809606,21399241022,5619.616221173964,5618.294868545283,5614.009591553216,5614.2439527988,-1797921.0,1397-06-27
2018-09-22,319,4,196,6,15228749,2513043,10616409,7125383,88703886226,14359765242,61756865589,41306785879,5824.765135074457,5817.114392352442,5714.094522855359,5797.132010868749,4612340.0,1397-06-31
2018-09-23,228,3,180,2,4659118,2797475,6134486,1322107,26857401824,16227613731,35407850918,7677164637,5764.481995090058,5771.934424171805,5800.80741776066,5806.76498725141,-1475368.0,1397-07-01
2018-09-24,438,4,230,12,6950685,5500000,11820685,630000,38410830943,30289567053,65237557496,3462840500,5526.193597177832,5518.932066627272,5507.194009636363,5496.572222222222,-4870000.0,1397-07-02
2018-09-25,142,9,205,4,19318357,15900000,7040464,28177893,111777127376,92099268195,40646475790,163229919781,5786.057653660712,5773.266618506962,5792.406804716981,5792.836241552908,12277893.0,1397-07-03
2018-09-26,66,4,23,0,4590000,1997526,6587526,0,27898020000,12140963028,40038983028,0,6078.0,6078.0,6078.0,,-1997526.0,1397-07-04
2018-10-01,117,6,160,6,13618188,13512275,18430463,8700000,90802681484,90020557512,122852238996,57971000000,6667.750620273417,6665.716373810034,6662.13184027116,6663.333333333333,-4812275.0,1397-07-09
2018-10-02,105,4,60,0,1384199,2505166,3889365,0,8947427486,16018353900,24965781386,0,6463.974822984267,6418.986489054126,6394.128732387395,,-2505166.0,1397-07-10
2018-10-03,308,10,451,13,13631580,7631817,17851111,3412286,84126136325,47466929285,110592403524,21000662086,6171.414929523944,6195.267259499983,6219.610518045703,6154.426119616,-4219531.0,1397-07-11
2018-10-06,278,8,195,7,10644994,12789304,14573335,8860963,66870584643,82529350777,92561325138,56838610282,6281.880914446734,6351.416826553428,6452.997815752913,6414.495837754881,-3928341.0,1397-07-14
2018-10-07,119,11,207,7,4609164,15010000,10796257,8822907,27991523161,91005265670,65529712384,53467076447,6073.015228141156,6069.669551586258,6062.97572751499,6060.029471805608,-6187093.0,1397-07-15
2018-10-08,106,4,234,7,3329792,4143126,3822092,3650826,19705657356,25017109265,22760665217,21962101404,5917.984473504652,5955.02808854418,6038.220721503521,6015.652732833611,-492300.0,1397-07-16
2018-10-09,154,5,101,2,3137245,3774000,5387560,1523685,19625870602,23664745373,33715779435,9574836540,6255.765999148935,6258.079619530919,6270.467772390037,6284.0,-2250315.0,1397-07-17
2018-10-10,105,3,142,3,1989964,4226328,4594846,1621446,12376707865,26138369444,28462659103,10052418206,6219.563703162469,6194.475092962854,6184.652361104013,6199.662650498382,-2604882.0,1397-07-18
2018-10-13,49,7,108,2,2189722,2222321,3212043,1200000,12903741626,13083853488,18923195114,7064400000,5892.867508295573,5891.326832797693,5887.472371453089,5887.0,-1022321.0,1397-07-21
2018-10-14,14,2,61,1,229549,508654,680280,57923,1375303706,3092398786,4109738352,357964140,5991.329546197108,6041.245298994531,6079.572334042395,6180.0,-450731.0,1397-07-22
2018-10-15,43,2,111,3,1688661,1500000,2276278,912383,10570299942,9393000000,14249957596,5713342346,6259.574859607701,6260.200905161848,6262.0,6262.0,-587617.0,1397-07-23
2018-10-16,104,2,107,2,6793552,3530000,6122592,4200960,44598182401,23169040184,40191326596,27575895989,6564.781192666223,6564.429998928558,6563.467474220964,6564.189135102452,670960.0,1397-07-24
2018-10-17,46,1,154,1,4805780,120000,3921780,1004000,32866339161,827040000,26892088907,6801290254,6838.918793827433,6857.113072890371,6892.0,6774.193480079682,884000.0,1397-07-25
2018-10-20,96,3,14,2,12891056,1500000,248650,14142406,92583564192,10773000000,1785804300,101570759892,7182.0,7182.0,7182.0,7182.0,12642406.0,1397-07-28
2018-10-21,242,3,161,1,4854803,1977354,6632172,199985,35386632208,14287389648,48224700761,1449321095,7288.994467540701,7271.328421669402,7225.509265412263,7247.1490111758385,-1777369.0,1397-07-29
2018-10-22,331,8,277,5,18546696,4229285,10733889,12042092,140784776709,31988393726,81029399595,91743770840,7590.827860067367,7548.93213401033,7563.54649213756,7618.590759811501,7812807.0,1397-07-30
2018-10-23,327,18,191,3,4977306,3577015,5876702,2677619,38025626297,27484380872,45182924802,20327082367,7639.800787213002,7688.4832346441935,7683.607944613036,7591.476743704015,-899396.0,1397-08-01
2018-10-24,107,19,119,3,1484691,4066301,3438473,2112519,10917060337,29767535054,25279758763,15404836628,7353.08581853059,7352.03061446171,7320.543917924423,7292.164770115677,-1953782.0,1397-08-02
2018-10-27,59,36,139,2,972228,3288273,3460501,800000,6842172322,23113488762,24380265782,5575395302,7037.621136194391,7045.29944710318,7029.066249061438,6969.2441275,-2488273.0,1397-08-05
2018-10-28,77,5,94,2,1108218,845387,1728605,225000,7855735511,5956947373,12211535295,1601147589,7088.619306851179,7064.387349915105,7046.414687001338,7116.2115066666665,-620387.0,1397-08-06
2018-10-29,120,32,122,2,1862666,1811483,3419149,255000,13192153050,12822542090,24210968062,1803727078,7082.403957553313,7080.992393721362,7078.477738957528,7073.439521568627,-1556483.0,1397-08-07
2018-10-31,58,7,81,1,664932,1447178,2102110,10000,4629965909,10057931844,14618177753,69720000,6963.066763217893,6954.049860854094,6950.030918104062,6972.0,-1437178.0,1397-08-09
2018-11-03,61,16,75,1,515044,1474025,1812415,176654,3497093705,10062819140,12341000245,1218912600,6789.893106220051,6809.147046895992,6826.762870371941,6900.0,-1297371.0,1397-08-12
2018-11-04,47,19,83,4,425723,1651272,931557,1145438,2853564468,11011279458,6228096953,7636746973,6702.866577563345,6685.685312868671,6668.362000930192,6667.097628156216,-505834.0,1397-08-13
2018-11-05,56,4,50,2,553404,1035055,1017996,570463,3733219191,7006377318,6852424959,3887171550,6745.920143331093,6731.288687774804,6769.086974122148,6814.064277613097,-464592.0,1397-08-14
2018-11-06,73,24,84,2,919504,2233170,2545674,607000,6075089414,14807093697,16880066296,4002116815,6606.920050374984,6630.882939449434,6630.526873010116,6593.273171334432,-1626170.0,1397-08-15
2018-11-10,61,6,96,2,428923,1698380,2022518,104785,2744027038,10959403804,13031517197,671913645,6397.481687855396,6443.214447040768,6452.857313439867,6412.307534475354,-1593595.0,1397-08-19
2018-11-11,57,11,108,1,2780428,790627,2571055,1000000,17088023755,4877956373,15832163117,6133817011,6145.824943138251,6157.846921594442,6169.731583920104,6133.817011,209373.0,1397-08-20
2018-11-12,62,6,73,1,534185,1026868,1261053,300000,3296120079,6324310855,7805480934,1814950000,6170.371835600026,6189.653356361708,6158.835268992704,6049.833333333333,-726868.0,1397-08-21
2018-11-13,75,15,63,0,740386,778345,1518731,0,4483986778,4735190250,9219177028,0,6056.282503991161,6070.315959837522,6083.665020010407,,-778345.0,1397-08-22
2018-11-14,41,6,101,3,1421305,500300,575987,1345618,8628256910,3021239990,3477313028,8172183872,6070.658240138464,6037.13803957381,6038.8566660004,6073.182635785193,845318.0,1397-08-23
2018-11-17,30,11,128,2,201922,1217726,713234,706414,1234194360,7354657640,4323401872,4265450128,6112.2332385772725,6061.687849990326,6039.665441979559,6038.173263836787,-511312.0,1397-08-26
2018-11-18,42,10,72,0,542728,1021073,1563801,0,3192813891,6081677930,9274491821,0,5882.898783552719,5930.736596919941,5956.163692507784,,-1021073.0,1397-08-27
2018-11-19,70,3,84,1,1676548,654969,1902549,428968,10386990564,4017791788,11731024808,2673757544,6195.462679267161,6165.951472471931,6134.323590887508,6233.0,-226001.0,1397-08-28
2018-11-20,59,4,101,2,1188090,371062,1422171,136981,7609646555,2352964168,9082431957,880178766,6404.941170281712,6386.314976890964,6341.161768114223,6425.55366072667,-234081.0,1397-08-29
2018-11-21,59,4,72,3,427683,248201,447306,228578,2756011119,1624107183,2871504083,1508614219,6444.051128990397,6419.551901830067,6543.51587221647,6599.997458198077,-19623.0,1397-08-30
2018-11-24,32,1,28,0,556871,63000,619871,0,3400245648,393910500,3794156148,0,6105.984416498614,6120.880228305567,6252.547619047619,,-63000.0,1397-09-03
2018-11-26,28,5,61,3,1045240,1069701,1012538,1102403,6261673942,6415833214,6068347612,6609159544,5990.656635796563,5993.204810091078,5997.781823144972,5995.23000572386,32702.0,1397-09-05
2018-11-27,35,3,71,2,436577,713309,994695,155191,2619043704,4245026383,5931644127,932425960,5999.041873483944,5963.279323812827,5951.174572310177,6008.247643226733,-558118.0,1397-09-06
2018-11-28,52,2,26,1,348151,131000,475151,4000,1981361360,768431800,2726273160,23520000,5691.097713348519,5737.698457963889,5865.891603053435,5880.0,-127000.0,1397-09-07
2018-12-01,14,1,3,0,123920,60000,183920,0,694943360,336480000,1031423360,0,5608.0,5608.0,5608.0,,-60000.0,1397-09-10
2018-12-02,95,4,149,2,1477957,1146217,2166871,457303,8435372398,6599921234,12391647187,2643646445,5707.454545700585,5718.682462869271,5758.003269886941,5780.951458879561,-688914.0,1397-09-11
2018-12-03,46,4,46,1,506694,677517,1144211,40000,3011580450,4001941579,6778283657,235238372,5943.5881419555,5923.980504469892,5906.776625531167,5880.9593,-637517.0,1397-09-12
2018-12-04,83,6,55,3,1633868,1850074,692918,2791024,9169381706,10426585748,3941506146,15654461308,5612.070072980192,5688.272127437878,5635.766865541595,5608.859439402886,940950.0,1397-09-13
2018-12-05,50,11,48,5,2479164,4983106,1963805,5498465,14109542771,28344389005,11166715750,31287216026,5691.250264605326,5686.265056866644,5688.096742272792,5690.17280750173,515359.0,1397-09-14
2018-12-08,52,9,40,1,280047,1041979,1319026,3000,1557803378,5832062465,7372543843,17322000,5562.649762361318,5589.384775584408,5597.101731416852,5774.0,-1038979.0,1397-09-17
2018-12-09,15,3,56,0,380310,431480,811790,0,2101075034,2420973971,4522049005,0,5524.637884883385,5570.466506116114,5610.860227588764,,-431480.0,1397-09-18
2018-12-10,51,5,25,1,556062,717254,773316,500000,3045256509,3946737034,4240939034,2751054509,5476.469366725293,5484.095808181907,5502.565386878288,5502.109018,-217254.0,1397-09-19
2018-12-11,28,6,44,0,609640,704521,1314161,0,3306096952,3877391919,7183488871,0,5423.031546486451,5466.216750459038,5503.586009501491,,-704521.0,1397-09-20
2018-12-12,19,4,69,0,282073,734871,1016944,0,1526399665,3965557278,5491956943,0,5411.363955429977,5400.451689571893,5396.26312373192,,-734871.0,1397-09-21
2018-12-15,11,3,46,0,23298,958224,981522,0,125785074,5156247953,5282033027,0,5398.96446046871,5381.471864104931,5381.0465538329245,,-958224.0,1397-09-24
2018-12-16,18,4,45,0,261768,335905,597673,0,1416056966,1820994857,3237051823,0,5409.587749457535,5416.091780957146,5421.160319137852,,-335905.0,1397-09-25
2018-12-17,20,3,45,1,216149,1299356,1165505,350000,1163660396,6995251799,6274512195,1884400000,5383.602959069901,5383.513751549757,5383.629889729989,5384.0,-949356.0,1397-09-26
2018-12-18,16,5,46,2,219438,2532211,1048587,1703062,1177764900,13587700733,5620946943,9144518690,5367.187542722773,5360.496499575143,5365.943332921309,5369.457301026035,-829149.0,1397-09-27
2018-12-19,19,2,39,0,83916,1201714,1285630,0,442339979,6369245706,6811585685,0,5271.223354306688,5298.247306767888,5300.134396370518,,-1201714.0,1397-09-28
2018-12-22,24,3,42,2,254099,827741,970560,111280,1289778123,4354839242,5058922245,585695120,5075.888228603812,5212.374551805144,5261.113370003419,5263.255930984903,-716461.0,1397-10-01
2018-12-23,21,5,62,2,342303,1173963,1299983,216283,1846128821,6246908807,6946651560,1146386068,5393.259249845897,5343.64800155079,5321.214388358066,5300.398403942982,-957680.0,1397-10-02
2018-12-24,29,6,52,2,629403,1439990,1010614,1058779,3408197220,7857766803,5529974831,5735989192,5414.968184136396,5471.896125523692,5456.820396669421,5417.5509638933145,-381211.0,1397-10-03
2018-12-25,10,2,21,1,32349,89202,121351,200,173296484,478150700,650347184,1100000,5357.089369068595,5359.223937173983,5360.313670097083,5500.0,-89002.0,1397-10-04
2018-12-26,23,4,88,5,1680429,514921,741350,1454000,9530722705,2825187817,4128505800,8227404722,5671.600945353835,5568.902407769609,5486.643226825086,5658.462669876204,939079.0,1397-10-05
2018-12-29,74,4,45,2,1719989,240203,1409992,550200,9958552473,1389198922,8160028132,3187723263,5789.893117339704,5787.286829996198,5783.43701785573,5793.753658669575,309997.0,1397-10-08
2018-12-30,35,2,46,2,451943,292212,545784,198371,2650022658,1724115290,3200977568,1173160380,5863.621425710764,5864.916465121733,5900.22069593309,5913.971195386423,-93841.0,1397-10-09
2018-12-31,23,4,51,1,134765,603291,638056,100000,787092047,3531336846,3735330250,583098643,5840.47821763811,5854.235756736086,5853.455208183115,5830.98643,-503291.0,1397-10-10
2019-01-01,54,5,58,0,356620,745846,1102466,0,1995489188,4222585838,6218075026,0,5595.561628624306,5640.151284484056,5661.471453892626,,-745846.0,1397-10-11
2019-01-02,74,9,62,2,789594,3548920,4055556,282958,4294087988,19325230236,22077209069,1542109155,5438.349313697926,5443.694790307421,5445.383450739943,5449.957785254349,-3265962.0,1397-10-12
2019-01-05,33,5,40,3,302905,472988,558979,216914,1635854183,2611270330,3035770125,1211354388,5400.5519321239335,5430.919810941019,5520.796151276565,5584.49149432494,-256074.0,1397-10-15
2019-01-06,25,5,37,0,146051,392976,539027,0,810256150,2198501726,3008757876,0,5547.761740761789,5581.831477829496,5594.493623020236,,-392976.0,1397-10-16
2019-01-07,23,1,44,1,625496,200000,775496,50000,3533759766,1127793028,4379250984,282301810,5649.5321568803,5647.032330276365,5638.96514,5646.0362,-150000.0,1397-10-17
2019-01-08,93,7,74,9,5221337,4339995,960494,8600838,30442884894,24804940165,5562683901,49685141158,5830.476924588473,5791.482196661302,5715.430585749523,5776.779095013765,4260843.0,1397-10-18
2019-01-09,63,2,52,6,1180030,427217,599560,1007687,6999071088,2531594371,3555889085,5974776374,5931.265381388609,5930.831084461939,5925.780975476163,5929.19862417596,580470.0,1397-10-19
2019-01-12,47,3,63,2,721568,477474,937011,262031,4308876339,2874060862,5614329645,1568607556,5971.545771153931,5991.743581452085,6019.303379869899,5986.3434326472825,-215443.0,1397-10-22
2019-01-13,28,3,51,1,267100,139476,378576,28000,1560953259,815264847,2210275446,165942660,5844.078094346687,5838.392940915431,5845.198077088531,5926.523571428572,-111476.0,1397-10-23
2019-01-14,35,4,41,0,433212,796915,1230127,0,2557932585,4684998772,7242931357,0,5904.574630896651,5887.954135629899,5878.919046573348,,-796915.0,1397-10-24
2019-01-15,80,9,104,7,3151954,2422578,3636763,1937769,19340825655,14820435669,22152906831,12008354493,6136.138298655374,6091.380392673374,6117.629925228413,6197.0,-484809.0,1397-10-25
2019-01-16,134,7,136,7,2495758,956530,1273678,2178610,16010834658,6139298846,8161074231,13989059273,6415.219207150693,6407.486217866682,6418.302453660627,6421.093850207242,1222080.0,1397-10-26
2019-01-19,93,4,67,1,508993,213870,718850,4013,3243658193,1390393816,4608550844,25501165,6372.697056737519,6411.004860541142,6501.11664095011,6354.638674308498,-209857.0,1397-10-29
2019-01-20,67,4,61,1,718130,1075010,1776140,17000,4598216052,6822144395,11311560447,108800000,6403.041304499186,6368.619842467373,6346.121798866987,6400.0,-1058010.0,1397-10-30
2019-01-21,29,4,45,2,356315,1803944,1060259,1100000,2176496101,11132724253,6558320354,6750900000,6108.3482340064265,6185.583290497888,6171.324748994425,6137.181818181818,-703944.0,1397-11-01
2019-01-22,24,3,34,0,297559,356502,654061,0,1830547727,2211866279,4042414006,0,6151.881566344826,6180.484704026077,6204.358682419734,,-356502.0,1397-11-02
2019-01-23,11,2,44,0,101645,306757,408402,0,627133750,1896263718,2523397468,0,6169.843573220523,6178.709869197506,6181.647747239672,,-306757.0,1397-11-03
2019-01-26,64,5,36,1,354045,703847,847881,210011,2097777534,4232562280,5093735391,1236604423,5925.172037452866,6007.606481334055,6013.469234080702,5888.284056549419,-493836.0,1397-11-06
2019-01-27,74,6,40,3,541343,887202,1220254,208291,3129700061,5126353780,7058549669,1197504172,5781.362391311978,5784.492137702478,5778.113417237562,5749.188260654565,-678911.0,1397-11-07
2019-01-28,87,4,42,3,908450,546887,1068277,387060,5043874596,3081613010,5955548927,2169938679,5552.176339919643,5574.910745995655,5634.825859821133,5606.207510463494,-159827.0,1397-11-08
2019-01-29,31,4,36,0,176182,434236,610418,0,972305011,2414754320,3387059331,0,5518.753397055318,5548.754019376886,5560.9261323335695,,-434236.0,1397-11-09
2019-01-30,36,4,25,1,206220,425136,548500,82856,1136296533,2378349174,3045680747,468964960,5510.117995344777,5552.745208751139,5594.325519363216,5660.0,-342280.0,1397-11-10
2019-02-02,37,6,33,1,248328,512861,666435,94754,1376374291,2856887188,3704534159,528727320,5542.565844367127,5558.732898182118,5570.490226396626,5580.0,-418107.0,1397-11-13
2019-02-03,55,9,31,1,274177,939881,1146587,67471,1457370514,5058869308,6158643967,357595855,5315.436794479479,5371.283615634923,5382.457255758974,5299.993404573817,-872410.0,1397-11-14
2019-02-04,26,1,30,3,183825,89495,194320,79000,1008113540,496339020,1067571560,436881000,5484.0937848497215,5493.884108686702,5545.997206547851,5530.139240506329,-10495.0,1397-11-15
2019-02-05,25,4,29,3,103317,400952,410106,94163,560983268,2198416582,2248578294,510821556,5429.72858290504,5482.919767084607,5482.991934196612,5424.864925713921,-306789.0,1397-11-16
2019-02-06,14,2,25,3,52361,208500,180408,80453,284528202,1147769150,991879455,440417897,5433.971887473501,5497.979330184914,5504.888009592326,5474.225908294284,-128047.0,1397-11-17
2019-02-10,26,3,25,2,77897,286000,243035,120862,422410688,1583344423,1345470167,660284944,5422.682362607033,5536.116884399366,5536.169311188811,5463.13104201486,-165138.0,1397-11-21
2019-02-12,30,2,26,3,169271,148000,164435,152836,898878576,794751800,874704597,818925779,5310.292820388608,5319.455085596132,5369.9445945945945,5358.199501426366,4836.0,1397-11-23
2019-02-13,34,2,41,2,172352,231800,329313,74839,910660115,1263660585,1775007050,399313650,5283.722353091348,5390.030305514814,5451.512446074202,5335.635831585136,-156961.0,1397-11-24
2019-02-16,29,2,47,3,150501,394408,390279,154630,797251432,2119742882,2092801616,824192698,5297.316509524853,5362.321867177071,5374.49261171173,5330.095699411499,-239778.0,1397-11-27
2019-02-17,31,2,16,3,78105,228317,51053,255369,409202318,1204385302,268646572,1344941048,5239.130887907304,5262.111374453999,5275.057494623703,5266.657456464958,27052.0,1397-11-28
2019-02-18,57,5,39,1,330997,1133029,1445217,18809,1724742512,5980284077,7606741817,98284772,5210.749680510699,5263.390768998704,5278.138579859827,5225.411877292785,-1114220.0,1397-11-29
2019-02-19,44,6,40,2,198110,1818028,1809157,206981,1030031739,9540204921,9484559571,1085677089,5199.292004441977,5242.529847326683,5247.556649842577,5245.298307574125,-1611047.0,1397-11-30
2019-02-20,29,5,61,2,348775,849557,994515,203817,1876683216,4582334629,5366053306,1092964539,5380.784792487993,5395.648437680678,5393.793034487386,5362.4797686159645,-645740.0,1397-12-01
2019-02-23,92,10,76,7,2054189,2890000,1773947,3170242,11510000138,16177989077,9918892694,17769096521,5603.184584281194,5591.4256141812575,5597.92009584775,5604.965337346486,280242.0,1397-12-04
2019-02-24,43,4,52,1,108412,1133815,1042227,200000,611186810,6442227857,5911784667,1141630000,5637.630612847286,5672.262057114237,5681.903888200456,5708.15,-933815.0,1397-12-05
2019-02-25,25,6,35,1,211729,288235,339964,160000,1168012470,1586697500,1874388123,880321847,5516.544592379882,5513.490025414456,5504.874494769892,5502.01154375,-128235.0,1397-12-06
2019-02-26,36,3,20,5,350514,74840,264790,160564,1905218718,408090225,1442111545,871197398,5435.499631969051,5446.246251746667,5452.835716194549,5425.857589497023,85724.0,1397-12-07
2019-02-27,24,1,24,1,113485,128689,182174,60000,617554581,710645520,998011227,330188874,5441.728695422303,5478.340635875591,5522.193194445524,5503.1479,-68689.0,1397-12-08
2019-03-02,34,3,36,3,888856,363000,816170,435686,4816104254,2017149374,4475666273,2357587355,5418.31776350725,5483.742692086207,5556.885327823691,5411.2075095366845,72686.0,1397-12-11
2019-03-03,27,3,29,3,146311,540032,500325,186018,792175133,2955225856,2724690268,1022710721,5414.323823909343,5445.840739519313,5472.316188670301,5497.912680493286,-354014.0,1397-12-12
2019-03-04,38,4,33,2,187087,431244,332666,285665,1002277421,2336953642,1802924807,1536306256,5357.279880483411,5419.624509267554,5419.09833412175,5377.999600931161,-145579.0,1397-12-13
2019-03-05,14,4,17,1,44127,181590,179194,46523,235921481,975940416,961411670,250450227,5346.420128266141,5365.200118307533,5374.4171815628615,5383.363648088042,-135067.0,1397-12-14
2019-03-06,25,3,19,1,185769,181410,325066,42113,987755561,964180460,1725601300,226334721,5317.117285445904,5308.464434914756,5314.924535582382,5374.462066345309,-139297.0,1397-12-15
2019-03-09,37,2,30,2,263100,222992,360393,125699,1417370949,1216990750,1957118462,677243237,5387.194789053592,5430.511863437969,5457.553409987802,5387.8172220940505,-97293.0,1397-12-18
2019-03-10,41,16,53,3,331781,1445197,833184,943794,1817776286,7925924669,4588886608,5154814347,5478.8438337336975,5507.650900641395,5484.321285610197,5461.800294343893,-501403.0,1397-12-19
2019-03-11,49,5,28,3,382973,275798,396121,262650,2082039437,1512184050,2148290417,1445933070,5436.517553456771,5423.318675354248,5482.940594203004,5505.170645345517,-13148.0,1397-12-20
2019-03-12,41,6,30,3,170162,598016,646789,121389,915071835,3278544043,3530518789,663097089,5377.650915010402,5458.532518332872,5482.368436630458,5462.579714801176,-476627.0,1397-12-21
2019-03-13,70,9,117,5,6580427,1039557,1401307,6218677,37593406686,5928069156,7947768281,35573707561,5712.9129592958025,5671.682422909469,5702.495539927104,5720.462336442301,5179120.0,1397-12-22
2019-03-16,87,2,74,5,5510870,2530840,3208710,4833000,33016773104,15171946742,19225179046,28963540800,5991.208847967744,5991.560174026322,5994.826516887673,5992.870018621974,2302160.0,1397-12-25
2019-03-17,221,16,110,4,9047101,1910200,3126455,7830846,54920184781,11542425573,18953030876,47509579478,6070.473268840483,6062.147344516393,6042.522025442362,6066.979158829072,5920646.0,1397-12-26
2019-03-18,141,7,114,8,3571649,3157398,2537239,4191808,22590278019,20089709483,16084690494,26595297008,6324.88747326515,6339.446340687653,6362.742195630706,6344.588542223308,1034410.0,1397-12-27
2019-03-19,156,1,118,6,3294276,7000,2513149,788127,21331467705,44485000,16357402240,5018550465,6475.312847193131,6508.727592355248,6355.0,6367.692599035435,781127.0,1397-12-28
2019-03-25,42,1,87,0,1931104,500000,2431104,0,12282193062,3179256883,15461449945,0,6360.192440179297,6359.847190823593,6358.513766,,-500000.0,1398-01-05
2019-03-26,48,6,59,2,309828,1352088,832907,829009,1965173565,8593402015,5298156116,5260419464,6342.788789263721,6361.041648107172,6355.652897592465,6345.431067696491,-523079.0,1398-01-06
2019-03-27,44,5,60,1,463319,967378,1030697,400000,2942244812,6134650474,6554824766,2522070520,6350.36510913647,6359.604001952077,6341.523658797285,6305.1763,-567378.0,1398-01-07
2019-03-30,58,3,57,1,1483026,355000,1738026,100000,9556806212,2283450568,11197994799,642261981,6444.125869674571,6442.938597581394,6432.255121126761,6422.61981,-255000.0,1398-01-10
2019-03-31,110,2,62,2,1153374,190000,1233374,110000,7232356800,1192644302,7730839502,694161600,6270.608492995334,6268.04156889962,6277.0752736842105,6310.56,-80000.0,1398-01-11
2019-04-06,123,0,89,4,2020879,0,1580973,439906,12807390028,0,10026021436,2781368592,6337.534324420215,6341.677837635431,,6322.64300100476,439906.0,1398-01-17
2019-04-07,197,12,132,41,8643865,2735150,4618737,6760278,57327089833,18077910277,30551281846,44853718264,6632.11304584234,6614.639856307038,6609.476729612636,6634.89256861922,4025128.0,1398-01-18
2019-04-08,322,7,165,15,3196947,1895667,2779082,2313532,21931005063,13087393665,18929207830,16089190898,6859.983935611069,6811.316769350455,6903.84633218809,6954.384420876824,417865.0,1398-01-19
2019-04-09,250,6,100,16,3309208,2438032,3965018,1782222,23016427254,16800563635,27373919800,12443071089,6955.267621134724,6903.85763696407,6891.034914636067,6981.773925470564,-655810.0,1398-01-20
2019-04-10,100,9,106,6,748025,1905791,1354737,1299079,5274030247,13447776291,9548115181,9173691357,7050.60692757595,7047.947447364322,7056.270226378443,7061.6885939962085,-606712.0,1398-01-21
2019-04-13,296,2,152,4,4179570,500000,4199967,479603,30449385261,3599250000,30521105853,3527529408,7285.291372318205,7266.987062755493,7198.5,7355.102883009489,-20397.0,1398-01-24
2019-04-14,277,5,110,2,2081818,800000,2231862,649956,14740390335,5657760095,15785085283,4613065147,7080.537460527289,7072.608110626911,7072.20011875,7097.50374948458,-150044.0,1398-01-25
2019-04-15,235,14,99,5,2944847,2788305,2452374,3280778,20722715580,19583240013,17244545519,23061410074,7036.941335152556,7031.776359967933,7023.3493154443295,7029.250401581576,492473.0,1398-01-26
2019-04-16,289,4,179,6,11145405,720000,7841728,4023677,78595192483,5028379848,55378043949,28245528382,7051.802288297285,7061.969498176933,6983.8609,7019.829966968025,3303677.0,1398-01-27
2019-04-17,109,6,98,2,1261486,627627,1360770,528343,8809426427,4406089007,9500807278,3714708156,6983.372329934696,6981.934697266988,7020.234959617735,7030.864714778089,-99284.0,1398-01-28
2019-04-20,16,1,93,2,1922286,200000,722286,1400000,14300541282,1469000000,5376441282,10393100000,7439.341118855363,7443.645982339406,7345.0,7423.642857142857,1200000.0,1398-01-31
2019-04-22,763,20,361,57,42531033,9778349,17744012,34565370,331600005104,76244973772,138350238195,269494740681,7796.66003184075,7797.009954400391,7797.325885177549,7796.668766485069,24787021.0,1398-02-02
2019-04-23,570,11,392,12,11840555,4110589,10317809,5633335,95740844869,33262847436,83276148866,45727543439,8085.84098203167,8071.107816204002,8091.990572640563,8117.313001800887,1522746.0,1398-02-03
2019-04-24,386,6,240,9,5365770,2375800,7275087,466483,42742086387,18902344192,57905803746,3738626833,7965.694837274053,7959.46546701091,7956.2017812947215,8014.497490798164,-1909317.0,1398-02-04
2019-04-27,545,6,193,26,7453677,2014853,5064190,4404340,60622173897,16355145298,41179271773,35798047422,8133.190356517997,8131.46263726282,8117.289597801924,8127.902800873684,2389487.0,1398-02-07
2019-04-28,467,3,205,5,4779937,900000,5199937,480000,39124875775,7397199295,42591052596,3931022474,8185.228335645428,8190.686271006745,8219.110327777778,8189.630154166666,-420000.0,1398-02-08
2019-04-29,488,13,376,5,6348233,4316489,6267883,4396839,53124929831,36687984322,52407773379,37405140774,8368.459354122635,8361.319663912042,8499.496772029304,8507.280065064924,80350.0,1398-02-09
2019-04-30,422,8,227,4,6871008,2499700,8511563,859145,57617392535,20927949223,71281117670,7264224088,8385.580767043206,8374.621402673047,8372.18435132216,8455.178215551508,-1640555.0,1398-02-10
2019-05-01,347,7,177,4,4027816,802565,3098381,1732000,33757305361,6752633265,26043958334,14465980292,8381.04455640476,8405.666809214232,8413.814787587298,8352.182616628175,929435.0,1398-02-11
2019-05-04,679,10,418,7,8460118,4835972,11369324,1926766,69777512791,39826207671,93764144683,15839575779,8247.817913532648,8247.116951104568,8235.409069986345,8220.809262256029,-2909206.0,1398-02-14
2019-05-05,440,7,322,11,6955140,13375650,9715477,10615313,58737500227,114938739577,82133887054,91542352750,8445.193084107581,8453.922237065663,8593.13301237697,8623.613147346668,-2760337.0,1398-02-15
2019-05-06,387,5,263,19,2862386,20468027,17287418,6042995,23341852023,166227604156,140484318144,49085138035,8154.683548270568,8126.391005527836,8121.330119214715,8122.650777470443,-14425032.0,1398-02-16
2019-05-07,303,5,317,10,6739623,2585000,7205174,2119449,52203950401,20000414870,55829716517,16374648754,7745.8264951912,7748.559093368182,7737.104398452611,7725.89892656063,-465551.0,1398-02-17
2019-05-08,327,4,118,6,1999105,1264193,2387907,875391,15636354223,9951395724,18728187964,6859561983,7821.677312097164,7842.930216294018,7871.737720427182,7835.99783753774,-388802.0,1398-02-18
2019-05-11,263,1,91,3,1330008,300000,1137122,492886,10187460143,2321000000,8711360927,3797099216,7659.698395047248,7660.885047514691,7736.666666666667,7703.808215287105,192886.0,1398-02-21
2019-05-12,225,6,223,6,2048662,3278203,4580276,746589,14999822639,23920297307,33462909683,5457210263,7321.765444470586,7305.871891344539,7296.771221001262,7309.5240661193775,-2531614.0,1398-02-22
2019-05-13,150,4,134,2,685172,826933,1404251,107854,5100513536,6247755316,10529634880,818633972,7444.135977535568,7498.399417198208,7555.334369289894,7590.205017894561,-719079.0,1398-02-23
2019-05-14,326,3,128,8,4058574,1097700,1742280,3413994,31944306876,8642477709,13703126139,26883658446,7870.8203610430655,7865.053917280805,7873.260188576113,7874.547654741045,2316294.0,1398-02-24
2019-05-15,197,1,131,0,2809639,30000,2839639,0,22165363367,236130000,22401493367,0,7889.0431713825155,7888.852550271355,7871.0,,-30000.0,1398-02-25
2019-05-18,323,2,129,2,2537160,67000,2354160,250000,19831847223,514759000,18361053942,1985552281,7816.553635955162,7799.407832092976,7682.9701492537315,7942.209124,183000.0,1398-02-28
2019-05-19,234,0,114,0,2003178,0,2003178,0,15396527872,0,15396527872,0,7686.050801276771,7686.050801276771,,,0.0,1398-02-29
2019-05-20,114,5,81,3,845893,1528348,1072888,1301353,6501383921,11753731714,8226170474,10028945161,7685.823054452513,7667.315203450873,7690.481300070402,7706.552458095536,-226995.0,1398-02-30
2019-05-21,145,5,141,6,520190,1671504,977675,1214019,4050414039,13146155513,7650640622,9545928930,7786.412731886426,7825.341368041527,7864.866319793431,7863.08033894033,-457485.0,1398-02-31
2019-05-22,101,1,70,3,902914,180434,874215,209133,7022613920,1394985272,6791280874,1626318318,7777.721820682811,7768.433250401789,7731.277209395125,7776.478690594024,28699.0,1398-03-01
2019-05-25,118,3,100,7,1523266,397624,702521,1218369,11576850657,3013050993,5359935078,9229966572,7600.019075460228,7629.57275013843,7577.638656117337,7575.674177527498,820745.0,1398-03-04
2019-05-26,67,2,122,3,574766,1232025,882980,923811,4478887895,9575644515,6873129329,7181403081,7792.541477749206,7784.014733063036,7772.281012966458,7773.671325628294,-308214.0,1398-03-05
2019-05-28,76,5,124,8,7949345,2268000,1967118,8250227,64889520857,18522756000,16035182261,67377094596,8162.876420258524,8151.611779771219,8167.0,8166.69584921724,5982227.0,1398-03-07
2019-05-29,359,1,369,3,6500251,14700,5594344,920607,55106608133,122784600,47427635040,7801757693,8477.61234650785,8477.783103791973,8352.69387755102,8474.580024918341,905907.0,1398-03-08
2019-06-01,216,4,273,3,3776078,512999,3706369,582708,31828400994,4327990195,31089722042,5066669147,8428.957504055796,8388.188559207138,8436.644506129642,8695.039620187126,69709.0,1398-03-11
2019-06-02,149,3,140,3,1745649,474295,1285933,934011,14865075766,4045384527,10966438990,7944021303,8515.500977573383,8528.001839909233,8529.258219040892,8505.275958206059,459716.0,1398-03-12
2019-06-03,168,12,264,8,3475822,1442625,3582180,1336267,30762430155,12719574278,31714454554,11767549879,8850.404351833897,8853.395014767544,8816.965100424573,8806.28637764758,-106358.0,1398-03-13
2019-06-08,162,7,213,5,2654105,961732,2293178,1322659,24545403119,8861163734,21135968065,12270598788,9248.090455728014,9216.889428121149,9213.755738604934,9277.220196588842,360927.0,1398-03-18
2019-06-09,299,5,190,0,2229705,183355,2413060,0,20312369639,1648287152,21960656791,0,9109.891056888691,9100.75041275393,8989.594786070737,,-183355.0,1398-03-19
2019-06-10,259,5,222,2,3381160,2017214,4957949,440425,30607411410,18220576476,44826867038,4001120848,9052.3404423334,9041.413503446687,9032.545122133795,9084.681496282,-1576789.0,1398-03-20
2019-06-11,155,1,107,0,1187859,360000,1547859,0,10563352824,3227855000,13791207824,0,8892.76658593318,8909.860538976742,8966.263888888889,,-360000.0,1398-03-21
2019-06-12,195,7,168,3,1350818,1451400,2633239,168979,11887799881,12780746039,23181875631,1486670289,8800.445271679826,8803.559278515926,8805.80545611134,8797.95885287521,-1282421.0,1398-03-22
2019-06-15,174,5,135,2,1012327,541423,1450950,102800,8693522930,4630436335,12437057069,886902196,8587.66281053454,8571.664818911748,8552.34508877532,8627.45326848249,-438623.0,1398-03-25
2019-06-16,243,3,217,14,3709589,2653742,4894694,1468637,32986122231,23829204805,43638143771,13177183265,8892.123151917907,8915.397728846789,8979.473062942818,8972.38954554461,-1185105.0,1398-03-26
2019-06-17,132,2,161,6,1742520,419724,1112824,1049420,15421307667,3745287110,9875114000,9291480777,8850.003252186489,8873.922560979992,8923.214088305649,8853.92004821711,629696.0,1398-03-27
2019-06-18,400,6,108,2,2586176,607534,2386551,807159,22187304728,5206142521,20500636033,6892811216,8579.193654260189,8590.068275515587,8569.302328758555,8539.595316412257,199625.0,1398-03-28
2019-06-19,198,4,126,2,1810354,814090,1545461,1078983,15042305502,6771537451,12832726816,8981116137,8309.040940059236,8303.494436934998,8317.922405385154,8323.686413038946,264893.0,1398-03-29
2019-06-22,135,2,172,4,1624252,2300000,3298152,626100,13835603831,19634956583,28116166535,5354393879,8518.138706924787,8524.824366796922,8536.937644782609,8551.97872384603,-1673900.0,1398-04-01
2019-06-23,103,3,153,3,858300,206800,923818,141282,7521025212,1808494006,8091097214,1238422004,8762.69976931143,8758.32384084311,8745.135425531915,8765.603572995853,-65518.0,1398-04-02
2019-06-24,117,4,130,7,1043380,1236040,1776855,502565,9050150741,10786142423,15466377664,4369915500,8673.877916962181,8704.355540547765,8726.370038995501,8695.2244983236,-733475.0,1398-04-03
2019-06-25,101,4,140,2,1157323,1051534,1183531,1025326,10183656735,9173916820,10397203084,8960370471,8799.321135931801,8784.901353661206,8724.317825196333,8739.045407021767,-26208.0,1398-04-04
2019-06-26,95,2,119,1,1339931,573808,1778739,135000,11868576076,5071828325,15744419401,1195985000,8857.602425796553,8851.450044666475,8838.894412416697,8859.148148148148,-438808.0,1398-04-05
2019-06-30,196,1,146,4,1323181,500000,985743,837438,11855034415,4373204269,8838401426,7389837258,8959.495651010708,8966.23301002391,8746.408538,8824.33954274824,337438.0,1398-04-09
2019-07-01,105,5,120,5,1539120,1760132,2283326,1015926,13529545705,15597227874,20126874688,8999898891,8790.44239890327,8814.717954422627,8861.396687293907,8858.813428340252,-744206.0,1398-04-10
2019-07-02,98,2,108,5,1717243,250000,1342487,624756,15181613800,2217832854,11867051207,5532395447,8840.690455573265,8839.602325385646,8871.331416,8855.289820345863,374756.0,1398-04-11
2019-07-03,152,2,91,3,815091,190000,737964,267127,7075155202,1648475280,6406393341,2317237141,8680.202826432876,8681.173256419012,8676.185684210526,8674.66463891707,77127.0,1398-04-12
2019-07-06,165,1,96,2,956905,100000,997148,59757,8155973934,857188289,8503712167,509450056,8523.28489661983,8528.034120311127,8571.88289,8525.361982696588,-40243.0,1398-04-15
2019-07-07,132,0,93,3,1245340,0,1148160,97180,10545948674,0,9720050740,825897934,8468.32886922447,8465.763255992197,,8498.641016670097,97180.0,1398-04-16
2019-07-08,181,2,126,2,1399875,350000,1554737,195138,12002391788,3010002464,13340501530,1671892722,8573.902518439147,8580.55190684984,8600.00704,8567.745503182363,-154862.0,1398-04-17
2019-07-09,215,4,247,4,2943157,585263,2718267,810153,26295827638,5198339494,24243075735,7251091397,8934.565039513693,8918.577805270785,8882.057287065814,8950.274080328038,224890.0,1398-04-18
2019-07-10,281,10,332,5,2290650,2043184,3792511,541323,21310065740,18928826238,35187954320,5050937658,9303.064955362015,9278.273502700453,9264.3766973508,9330.727972024097,-1501861.0,1398-04-19
2019-07-13,167,5,201,1,1302497,142952,1245449,200000,12020333125,1324155474,11504641788,1839846811,9228.683924032071,9237.344755184677,9262.93772734904,9199.234055,57048.0,1398-04-22
2019-07-14,249,5,160,1,1414168,135671,1509839,40000,12919578364,1245085528,13802337133,362326759,9135.815804062884,9141.595317778916,9177.241473859558,9058.168975,-95671.0,1398-04-23
2019-07-20,76,1,158,2,2575247,400000,2855639,119608,22963665357,3556335156,25454499553,1065500960,8917.072947565806,8913.766604602333,8890.83789,8908.27503177045,-280392.0,1398-04-29
2019-07-21,81,3,124,6,9167954,453415,894575,8726794,85744920632,4240290985,8311146571,81674065046,9352.677885600213,9290.609027750608,9351.89833816702,9359.0,8273379.0,1398-04-30
2019-07-22,507,25,161,29,14795296,2612471,4882267,12525500,145285005267,25654465220,47939060487,123000410000,9819.67547435347,9819.016552556424,9820.0,9820.0,9913029.0,1398-04-31
2019-07-23,323,27,317,4,3963922,1335008,4749980,548950,38614125310,12910558640,46250510164,5274173786,9741.393829141944,9736.990506065287,9670.77248975287,9607.74894981328,-786058.0,1398-05-01
2019-07-24,223,5,251,25,4380472,1245344,3908811,1717005,43558773221,12473899132,38863796640,17168875713,9943.853817807762,9942.613403410907,10016.428498471105,9999.31608411158,471661.0,1398-05-02
2019-07-27,181,6,212,2,1942792,651439,2460150,134081,18545106617,6334012270,23571791082,1307327805,9545.595522835178,9581.44466069142,9723.108794530262,9750.28382097389,-517358.0,1398-05-05
2019-07-28,343,18,319,9,11120945,724458,5254538,6590865,111225239711,7241579824,52498928416,65967891119,10001.419817380627,9991.159720607217,9995.858730250751,10008.988367839424,5866407.0,1398-05-06
2019-07-29,177,8,145,2,1790639,1271000,2933589,128050,17639471589,12596118104,28979376693,1256213000,9850.93678234418,9878.471964886698,9910.399767112507,9810.331901600935,-1142950.0,1398-05-07
2019-07-30,89,8,183,6,1581002,1500000,2082578,998424,15502059995,14716543247,20326993602,9891609640,9805.212134456502,9760.495694278918,9811.028831333331,9907.223424116408,-501576.0,1398-05-08
2019-07-31,93,4,99,2,606992,898201,1454193,51000,5927107946,8783460709,14214117655,496451000,9764.721686612014,9774.574389369223,9778.947817916034,9734.333333333334,-847201.0,1398-05-09
2019-08-03,136,1,147,2,1035366,621856,1219877,437345,9894588165,5988463020,11696959903,4186091282,9556.609126627684,9588.63877505683,9629.983501003448,9571.599725617076,-184511.0,1398-05-12
2019-08-04,283,7,198,6,1782795,2125805,2758515,1150085,16488757945,19714566360,25570170358,10633153947,9248.824427373873,9269.541894098818,9273.92981011899,9245.537457666172,-975720.0,1398-05-13
2019-08-05,167,5,142,3,1094258,1005199,1963456,136001,10183250040,9335053687,18253674736,1264628991,9306.077762282752,9296.706794550018,9286.771760616555,9298.67420827788,-869198.0,1398-05-14
2019-08-06,101,7,98,0,497008,303352,800360,0,4598728042,2795558228,7394286270,0,9252.824988732576,9238.70042230996,9215.558915055775,,-303352.0,1398-05-15
2019-08-07,113,26,85,0,732545,808136,1540681,0,6776914063,7441491741,14218405804,0,9251.191480386871,9228.65006059009,9208.217108259008,,-808136.0,1398-05-16
2019-08-10,129,13,157,1,712558,2855764,3491322,77000,6498138977,26156568692,31950244129,704463540,9119.452699990738,9151.33125188682,9159.219281425216,9148.877142857144,-2778764.0,1398-05-19
2019-08-11,194,10,132,6,1952768,3524186,1322515,4154439,17597406137,31719358263,11913768408,37402995992,9011.519103651844,9008.418360472282,9000.477915467573,9003.14001288742,630253.0,1398-05-20
2019-08-13,147,9,117,1,2079390,2645857,4077939,647308,18715653583,23819971616,36691095099,5844530100,9000.549960805813,8997.46050615274,9002.743389381965,9028.978631501544,-1998549.0,1398-05-22
2019-08-14,200,12,221,5,2133164,1811000,1918770,2025394,19618961830,16846698391,17887859847,18577800374,9197.11837908384,9322.565939117248,9302.428708448371,9172.43774495234,214394.0,1398-05-23
2019-08-17,140,24,99,2,870494,810004,830498,850000,8019946733,7444550743,7649936794,7814560682,9213.098232727623,9211.264559336689,9190.757999960491,9193.60080235294,39996.0,1398-05-26
2019-08-18,121,33,97,3,778962,6698517,3382302,4095177,7099344694,60813419935,30799769770,37112994859,9113.85240101571,9106.156035150025,9078.63933688606,9062.610690331578,-2603340.0,1398-05-27
2019-08-19,104,14,144,2,355770,1761839,1540665,576944,3263269429,16255220969,14173520644,5344969754,9172.413157376955,9199.612273920677,9226.28059033771,9264.278255775258,-1184895.0,1398-05-28
2019-08-21,107,18,119,2,1103702,1051966,1755658,400010,10361449964,9857732078,16463191450,3755990592,9387.90539837746,9377.220079309296,9370.770612358194,9389.741736456588,-651956.0,1398-05-30
2019-08-24,295,15,199,6,1828335,3127105,2126061,2829379,16886213999,29016362746,19680972436,26221604309,9235.84244626942,9257.01211583299,9278.985753916162,9267.618197844828,-297726.0,1398-06-02
2019-08-25,127,19,175,2,1580917,1442253,2972549,50621,14701707549,13429881705,27655303525,476285729,9299.48096516136,9303.565231388951,9311.737749895476,9408.85658126074,-1391632.0,1398-06-03
2019-08-26,160,13,225,5,2613203,3434791,3460257,2587737,25135598702,33006515838,33239469364,24902645176,9618.693496831283,9606.069538765472,9609.468476539038,9623.329254866318,-847054.0,1398-06-04
2019-08-27,163,9,165,2,1314496,1431058,2232836,512718,12741639312,13762248800,21484232758,5019655354,9693.174655533376,9621.94839119398,9616.835096830457,9790.285018275154,-918340.0,1398-06-05
2019-08-28,133,9,167,1,901051,3812169,3713220,1000000,8431802624,35849846899,34881649523,9400000000,9357.74181927549,9393.908662293104,9404.054987855994,9400.0,-2812169.0,1398-06-06
2019-08-31,148,11,349,5,1184137,8084563,6871209,2397491,11382287359,77900981291,66021093842,23262174808,9612.306142785845,9608.366423143292,9635.768969949271,9702.71621791281,-5687072.0,1398-06-09
2019-09-01,233,8,154,7,1765276,1681330,1414597,2032009,17322397342,16445167737,13871036374,19896528705,9812.854954126156,9805.645264340304,9781.04699077516,9791.555404036104,350679.0,1398-06-10
2019-09-02,134,6,145,6,2408236,635500,1513730,1530006,23354411628,6085976500,14750625954,14689762174,9697.72548371505,9744.55547158344,9576.674272226594,9601.11409628459,894506.0,1398-06-11
2019-09-03,221,19,316,33,12609580,6119259,2682012,16046827,126970294725,61203515055,26759652601,161414157179,10069.351614010937,9977.454463663846,10001.785355873972,10058.945433823148,9927568.0,1398-06-12
2019-09-04,455,47,264,32,8249801,3742469,5464700,6527570,87025208379,39478723771,57645296220,68858635930,10548.764555532916,10548.666206745109,10548.844565178762,10548.8927625441,2785101.0,1398-06-13
2019-09-07,460,46,394,40,6520769,4320600,6122164,4719205,71164869154,47234276245,66846889087,51552256312,10913.570033534388,10918.833452844452,10932.341861084107,10923.92814298171,398605.0,1398-06-16
2019-09-08,390,15,245,3,1548829,2602513,3750257,401085,16715499099,27908978558,40362296706,4262180951,10792.346410739983,10762.541528753896,10723.857501576362,10626.627649999376,-2201428.0,1398-06-17
2019-09-11,581,3,320,25,5918804,207393,3804458,2321739,66146681485,2333696206,42431298511,26049079180,11175.683716676544,11153.046902081716,11252.531213686094,11219.64147563529,2114346.0,1398-06-20
2019-09-14,244,50,280,3,1489670,2114110,2747027,856753,16858192670,23976943875,31105573331,9729563214,11316.729658246457,11323.35915555253,11341.388988747038,11356.322316933818,-1257357.0,1398-06-23
2019-09-15,213,44,271,2,1700524,2263597,2464121,1500000,18857226625,25094116438,27329838888,16621504175,11089.06820779948,11091.110740097583,11085.94702944031,11081.002783333332,-763597.0,1398-06-24
2019-09-16,179,15,199,6,1393315,2204300,3364113,233502,15725940298,24881935681,37986910155,2620965824,11286.708531810826,11291.805642378838,11287.90803475026,11224.596894245016,-1970798.0,1398-06-25
2019-09-17,195,17,192,4,1168562,1480536,2198850,450248,12835593209,16343524645,24249437212,4929680642,10984.092593289872,11028.23621984219,11038.924176784623,10948.811859242018,-1030288.0,1398-06-26
2019-09-18,169,22,175,3,1307949,1000398,1938309,370038,13815422524,10562010250,20448441876,3928990898,10562.661482978312,10549.629535848,10557.808242319556,10617.803841767602,-630360.0,1398-06-27
2019-09-21,130,10,124,8,620863,1248531,1622147,247247,6629373893,13310359423,17295039622,2644693694,10677.675901124723,10661.820181524856,10660.816129515406,10696.565353674663,-1001284.0,1398-06-30
2019-09-22,216,65,244,18,3956250,4093668,2165897,5884021,44112240197,45590974503,23900588107,65802626593,11150.013319936808,11034.960622319528,11136.949675205708,11183.275279439007,1790353.0,1398-06-31
2019-09-23,176,12,239,10,1989437,7920767,5250058,4660146,22977766274,91884271010,60879531156,53982506128,11549.883848546096,11595.973064678525,11600.425944861148,11583.865854846608,-3260621.0,1398-07-01
2019-09-24,124,19,222,6,785920,2768933,1888739,1666114,9015492064,31976109488,21722618431,19268983121,11471.259242671009,11501.12240547794,11548.170175298572,11565.224901177233,-1102819.0,1398-07-02
2019-09-25,84,5,190,0,440683,1192884,1633567,0,5051750907,13651721283,18703472190,0,11463.45764869532,11449.467447616167,11444.29909614011,,-1192884.0,1398-07-03
2019-09-28,259,79,202,4,1730004,2909576,3734124,905456,19404041426,32581250599,41861776570,10123515455,11216.182983391946,11210.601621692264,11197.93763730523,11180.571397174464,-2004120.0,1398-07-06
2019-09-29,488,15,181,11,3869822,2015692,4805514,1080000,41352805678,21595187365,51450828330,11497164713,10685.971002800645,10706.623335193695,10713.535284656584,10645.522882407407,-935692.0,1398-07-07
2019-09-30,410,13,189,3,2572962,1302929,3852891,23000,27155118889,13726034446,40638507640,242645695,10554.030292324564,10547.536288984038,10534.752427799212,10549.812826086956,-1279929.0,1398-07-08
2019-10-01,490,7,152,7,3981321,1962842,4429253,1514910,41489421438,20207457462,45780775727,15916103173,10421.01891256696,10336.00377467713,10294.999527216149,10506.302798846136,-447932.0,1398-07-09
2019-10-02,274,4,152,13,2075365,208649,1710134,573880,21665300066,2169532100,17812672835,6022159331,10439.272159836944,10415.951519003776,10397.999031866915,10493.760596291908,365231.0,1398-07-10
2019-10-05,434,6,175,14,2787304,1306375,2605242,1488437,28348040065,13345871489,26550142364,15143769190,10170.41559334755,10191.046499327123,10215.957507606929,10174.276230703752,182062.0,1398-07-13
2019-10-06,261,6,121,2,980573,273500,1163673,90400,9789825051,2731911982,11617762433,903974600,9983.779943971536,9983.700260296491,9988.709257769651,9999.719026548672,-183100.0,1398-07-14
2019-10-07,282,2,126,3,1168326,110000,1143056,135270,11854701180,1092566780,11566584934,1380683026,10146.74087540635,10119.001111056676,9932.425272727272,10206.867938197678,25270.0,1398-07-15
2019-10-08,239,6,181,3,1397662,338632,1439442,296852,13726698816,3333332972,14105087031,2954944757,9821.186249608274,9798.996438203138,9843.5262231567,9954.269322760165,-41780.0,1398-07-16
2019-10-09,159,8,159,3,719357,212716,592270,339803,7055116679,2051304123,5801554633,3304866169,9807.531836070268,9795.45584446283,9643.393646928298,9725.82987495696,127087.0,1398-07-17
2019-10-12,174,7,121,5,3254024,441968,2109901,1586091,32757732776,4422557068,21118513169,16061776675,10066.83809830536,10009.243641763289,10006.509674908591,10126.642591755452,1144123.0,1398-07-20
2019-10-13,15,5,82,23,2345205,833289,876551,2301943,24772400415,8802031707,9259008213,24315423909,10563.0,10563.0,10563.0,10563.0,1468654.0,1398-07-21
2019-10-14,900,18,433,46,7185489,5262119,7880501,4567107,77122390057,56936880043,84535457101,49523812999,10733.074681069029,10727.167866738422,10820.142996196018,10843.585008846958,-695012.0,1398-07-22
2019-10-15,171,6,143,2,868954,3468809,4318083,19680,9034944271,35551042148,44378152220,207834199,10397.494310400782,10277.280964724392,10248.774766209384,10560.680843495937,-3449129.0,1398-07-23
2019-10-16,230,10,191,3,1107376,2122981,3031887,198470,11059576078,21333367296,30390169159,2002774215,9987.191412853448,10023.516430196772,10048.779191146788,10091.067743235752,-1924511.0,1398-07-24
2019-10-20,172,13,160,1,1089361,2774200,3863067,494,10416500811,26560759297,36972553770,4706338,9562.028391873768,9570.777252892583,9574.204922860645,9527.0,-2773706.0,1398-07-28
2019-10-21,149,5,198,4,1272528,238366,1195627,315267,12359990513,2350195028,11569448267,3140737274,9712.941886543951,9676.469556977218,9859.606772777996,9962.150412190302,76901.0,1398-07-29
2019-10-22,229,6,113,8,1453765,144841,890028,708578,14702191964,1460031477,8980527370,7181696071,10113.1833301806,10090.162747688835,10080.236100275475,10135.36416738877,563737.0,1398-07-30
2019-10-23,138,3,103,3,429611,178230,477029,130812,4192416926,1751282975,4655554101,1288145800,9758.634965119609,9759.478147030894,9825.971918307803,9847.306057548238,-47418.0,1398-08-01
2019-10-26,187,3,98,1,667081,513227,1034308,146000,6354577177,4907318222,9845177826,1416717573,9525.945390439842,9518.613242863828,9561.691458165686,9703.545020547945,-367227.0,1398-08-04
2019-10-28,167,12,83,4,308593,844693,247573,905713,2980939779,8103326087,2399213034,8685052832,9659.777697485037,9690.93170095285,9593.220361717216,9589.18866351703,61020.0,1398-08-06
2019-10-30,267,12,84,5,874842,788776,1289279,374339,8446674330,7595360352,12430698841,3611335841,9655.085524014625,9641.589478305315,9629.29951215554,9647.233766719472,-414437.0,1398-08-08
2019-11-02,240,1,110,3,745575,13000,681175,77400,7044454789,122850000,6437456360,729848429,9448.35166012809,9450.517649649502,9450.0,9429.56626614987,64400.0,1398-08-11
2019-11-03,203,4,103,8,1142667,539220,746545,935342,11007138080,5220758203,7146413130,9081483153,9632.84848516672,9572.648842333683,9682.05593820704,9709.264796192196,396122.0,1398-08-12
2019-11-04,131,5,81,3,404980,168563,345532,228011,3840815806,1592445250,3270698146,2162562910,9483.964161193146,9465.688115717212,9447.181469242954,9484.46745990325,59448.0,1398-08-13
2019-11-05,107,8,83,3,335572,1152645,356110,1132107,3186217093,10967740750,3381533550,10772424293,9494.8836404706,9495.755665384291,9515.280723900249,9515.376455582378,-20538.0,1398-08-14
2019-11-09,175,4,96,2,547647,624395,951427,220615,5196516281,5919195122,9025550894,2090160509,9488.806258410985,9486.330421566763,9479.888727488207,9474.24476576842,-403780.0,1398-08-18
2019-11-10,144,6,88,4,443619,960756,952987,451388,4160831458,9009217861,8936469293,4233580026,9379.290467721175,9377.325496570258,9377.21737985503,9379.026527067625,-509368.0,1398-08-19
2019-11-11,119,6,114,4,334205,1227291,597602,963894,3185336133,11699477252,5704475103,9180338282,9531.084612737692,9545.6091227941,9532.765458232809,9524.21976067908,-263397.0,1398-08-20
2019-11-12,100,6,71,4,261878,1235967,427051,1070794,2520103305,11870636373,4107378480,10283361198,9623.19593474824,9618.004594299042,9604.33116175432,9603.491612765854,-165173.0,1398-08-21
2019-11-13,119,4,91,3,390235,808151,548351,650035,3759694101,7794313668,5290284830,6263722939,9634.435919381913,9647.625024847224,9644.625407875508,9635.977968878598,-158116.0,1398-08-22
2019-11-16,223,2,77,4,795444,103670,567206,331908,7611022126,984964711,5428969655,3167017182,9568.268949165498,9571.424940850417,9500.961811517314,9541.852507321306,228238.0,1398-08-25
2019-11-17,93,8,129,1,367077,855034,1093689,128422,3400933023,8049643077,10244014986,1206561114,9264.903611503853,9366.47894053977,9414.41285024923,9395.283627415864,-726612.0,1398-08-26
2019-11-18,66,4,56,2,272916,131581,175312,229185,2570060775,1240099607,1657630952,2152529430,9417.039583608142,9455.31938486812,9424.609989284168,9392.104326199358,97604.0,1398-08-27
2019-11-19,128,4,59,0,348675,550348,899023,0,3280282083,5175916711,8456198794,0,9407.849954828996,9405.987159394144,9404.806978493609,,-550348.0,1398-08-28
2019-11-20,97,1,57,0,262169,3431,265600,0,2464992465,32217090,2497209555,0,9402.303342500449,9402.144408885542,9390.0,,-3431.0,1398-08-29
2019-11-23,108,1,80,2,394979,200000,557044,37935,3720377211,1909057844,5272828455,356606600,9419.177249929744,9465.730633486764,9545.28922,9400.46395149598,-162065.0,1398-09-02
2019-11-24,173,1,59,1,743710,35080,478790,300000,6917013478,327033011,4458652503,2785393986,9300.686393890091,9312.334223772426,9322.491761687572,9284.64662,264920.0,1398-09-03
2019-11-25,303,19,135,8,1095273,711296,1544915,261654,10103861451,6549167560,14241524357,2411504654,9224.970807278183,9218.322274688251,9207.372964279288,9216.387496464797,-449642.0,1398-09-04
2019-11-26,216,10,98,1,718632,708222,1128959,297895,6637901926,6529951026,10423689235,2744163717,9236.858261251937,9233.009555705745,9220.203588705235,9211.848862854362,-410327.0,1398-09-05
2019-11-27,192,2,93,3,635889,251950,848326,39513,5927648810,2348673614,7906269930,370052494,9321.829454511717,9319.848654880318,9321.982988688233,9365.335307367195,-212437.0,1398-09-06
2019-11-30,293,18,138,3,1376457,828273,1471124,733606,12839695503,7717898061,13718796393,6838797171,9328.075997288692,9325.3841232962,9318.060664780814,9322.166354964382,-94667.0,1398-09-09
2019-12-01,375,5,160,3,2182217,681110,831078,2032249,20259223483,6317239925,7721209950,18855253458,9283.7804320102,9290.596009038863,9274.91877229816,9278.023243214784,1351139.0,1398-09-10
2019-12-02,640,16,234,6,4152772,855000,2457337,2550435,39620498232,8159041437,23498885682,24280653987,9540.73525635407,9562.744418856671,9542.738522807018,9520.201058642935,1695435.0,1398-09-11
2019-12-03,347,30,174,4,2271641,826546,1199147,1899040,21689459014,7880341989,11440114682,18129686321,9547.925492628458,9540.210401226872,9534.063426596947,9546.7637969711,1072494.0,1398-09-12
2019-12-04,305,37,121,6,2127521,2806031,2374848,2558704,20373245093,26821220744,22716658328,24477807509,9576.04888177367,9565.520963025843,9558.419256237725,9566.486592040346,-247327.0,1398-09-13
2019-12-07,358,24,385,7,4602278,1280875,3346374,2536779,45694642107,12776434107,33195579468,25275496746,9928.700983947514,9919.865343204316,9974.770455352786,9963.61793676154,1255904.0,1398-09-16
2019-12-08,429,12,356,4,8022759,4408778,3386025,9045512,83532458378,46004226532,35212827717,94323857193,10411.936639004112,10399.458869027842,10434.688825792544,10427.696872548508,4636734.0,1398-09-17
2019-12-09,596,7,377,59,3775141,743867,3978712,540296,40441636162,7942089458,42625851508,5757874112,10712.616075002232,10713.480017653954,10676.760036404356,10656.888283459435,-203571.0,1398-09-18
2019-12-10,351,12,448,1,1963854,1604622,3462887,105589,20816250111,16953825702,36629702113,1140373700,10599.69331274117,10577.793070637304,10565.619630043711,10800.11838354374,-1499033.0,1398-09-19
2019-12-11,169,10,318,4,1765284,577334,2096974,245644,18674195099,6108343954,22175232263,2607306790,10578.578347166802,10574.872298368982,10580.260220253787,10614.168430737163,-331690.0,1398-09-20
2019-12-14,278,2,306,6,2737264,101332,2226887,611709,29817645380,1114757626,24233800007,6698602999,10893.229655597706,10882.366283965015,11001.042375557574,10950.636657299468,510377.0,1398-09-23
2019-12-15,325,10,288,1,2007251,905890,2113141,800000,21250406717,9604449651,22433398101,8421458267,10586.820839546224,10616.138772093296,10602.22505050282,10526.82283375,-105890.0,1398-09-24
2019-12-16,202,11,189,3,933755,532068,1293125,172698,9898916269,5644968157,13711291639,1832592787,10601.19224957296,10603.222147124214,10609.486300623228,10611.54609202191,-359370.0,1398-09-25
2019-12-17,162,18,265,8,1802791,631338,1591840,842289,19361786742,6789148883,17108370329,9042565296,10739.89538554386,10747.5439296663,10753.588225324627,10735.703892606933,210951.0,1398-09-26
2019-12-18,169,9,245,1,1139826,877733,2014175,3384,12222947681,9444237969,21630743354,36442296,10723.520678594805,10739.257191654153,10759.807332070231,10769.0,-874349.0,1398-09-27
2019-12-21,174,7,208,1,872722,853943,1708665,18000,9441266030,9235067503,18481912533,194421000,10818.182685895394,10816.58050758926,10814.618192314943,10801.166666666666,-835943.0,1398-09-30
2019-12-22,109,6,246,2,959080,490396,1436588,12888,10413230396,5303652040,15577456778,139425658,10857.520119280978,10843.371083428234,10815.03935594907,10818.254034761016,-477508.0,1398-10-01
2019-12-23,200,4,416,5,2803793,554243,2905250,452786,31052558836,6137766751,32130542833,5059782754,11075.196648254703,11059.47606333362,11074.1439242354,11174.777387110023,-101457.0,1398-10-02
2019-12-24,209,1,267,7,1484902,500000,1679326,305576,16666657286,5669007202,18893266252,3442398236,11224.078953358538,11250.505412290408,11338.014404,11265.276841113176,-194424.0,1398-10-03
2019-12-25,139,3,241,5,755808,770214,1369385,156637,8626543322,8787428466,15628446231,1785525557,11413.670299864516,11412.748227123857,11409.073927505862,11399.130199122812,-613577.0,1398-10-04
2019-12-28,195,10,320,2,1060598,3373945,2764040,1670503,12120364124,38675564361,31569815149,19226113336,11427.85874006928,11421.620218593074,11463.009729263518,11509.176179869177,-1703442.0,1398-10-07
2019-12-29,161,12,344,5,1513658,2939839,2303678,2149819,17621493231,33876005254,26680352134,24817146351,11641.66095049212,11581.632560626962,11523.081792574356,11543.830597366568,-790020.0,1398-10-08
2019-12-30,143,8,216,5,837879,1808868,1707120,939627,9865869449,21477036894,20211031938,11131874405,11774.814082940376,11839.256723604669,11873.19190455025,11847.120618075043,-869241.0,1398-10-09
2019-12-31,211,6,289,8,1589677,1887463,2559623,917517,18972090291,22414925005,30432306580,10954708716,11934.556699883058,11889.370653412632,11875.689751269296,11939.515797527458,-969946.0,1398-10-10
2020-01-01,179,7,347,2,1776442,1833988,2938896,671534,21794366252,22629637638,36129755086,8294248804,12268.549297978769,12293.648732721404,12339.032555283897,12351.197115857129,-1162454.0,1398-10-11
2020-01-04,114,5,220,3,274272,7670000,7081686,862586,3206031765,89654630000,82777894011,10082767754,11689.241938659434,11689.009370226242,11689.0,11689.0,-6807414.0,1398-10-14
2020-01-05,130,7,317,4,749477,2973871,2912150,811198,8693695002,34625151499,33831829162,9487017339,11599.682181040913,11617.474773620865,11643.12490319856,11695.069932371627,-2162673.0,1398-10-15
2020-01-07,137,18,196,0,679600,1710155,2389755,0,7736529044,19438412334,27174941378,0,11383.945032371985,11371.434049933989,11366.462299616116,,-1710155.0,1398-10-17
2020-01-08,94,6,372,36,984559,4370514,3136099,2218974,11128980945,48778170448,35091963804,24815187589,11303.51857532154,11189.68623248182,11160.740006324198,11183.180870528451,-2151540.0,1398-10-18
2020-01-11,3,0,19,3,1020871,0,770567,250304,11648138110,0,8792169470,2855968640,11410.0,11410.0,,11410.0,250304.0,1398-10-21
2020-01-12,7,3,44,3,398000,505703,94378,809325,4768040000,6058321940,1130648440,9695713500,11980.0,11980.0,11980.0,11980.0,303622.0,1398-10-22
2020-01-13,25,2,128,5,2846287,2329886,1077681,4098492,35803444173,29307635994,13556149299,51554930868,12579.0,12579.0,12579.0,12579.0,1768606.0,1398-10-23
2020-01-14,383,12,432,39,5348512,4407139,4544986,5210665,70530826938,58201107066,59917771112,68814162892,13186.999849303882,13183.26857596481,13206.09744008528,13206.407030964378,803526.0,1398-10-24
2020-01-15,236,12,481,7,3274246,5779708,5916032,3137922,44199334327,78937642036,79785043978,43351932385,13499.087828770347,13486.24280227017,13657.721468973865,13815.490756303056,-2641786.0,1398-10-25
2020-01-18,240,4,217,38,961757,2479100,1516921,1923936,13323693069,34436531095,20996373024,26763851140,13853.49217005959,13841.44133016815,13890.739016175225,13910.988276117292,-555164.0,1398-10-28
2020-01-19,263,6,234,3,1017579,1835136,1465284,1387431,13631311043,24523481899,19773711640,18381081302,13395.825820894495,13494.798032326838,13363.304898928473,13248.284997235898,-447705.0,1398-10-29
2020-01-20,172,26,191,1,902278,2319871,3221915,234,11837615112,30398654893,42233064439,3205566,13119.698265944642,13108.062887754642,13103.597093545288,13699.0,-2319637.0,1398-10-30
2020-01-21,59,1,227,5,1207639,1150000,1491033,866606,16615871208,15826741930,20515514760,11927098378,13758.972017299871,13759.262712495296,13762.38428695652,13763.0,-283394.0,1398-11-01
2020-01-22,371,13,303,46,3028032,1858367,1926029,2960370,42954464352,26661230754,27506430323,42109264783,14185.604495593176,14281.420644756648,14346.590718625546,14224.324926613905,1102003.0,1398-11-02
2020-01-25,289,18,267,57,1020910,1755825,1814717,962018,14293249445,24508383589,25370753218,13430879816,14000.499010686544,13980.556317045575,13958.329326100264,13961.152302763565,-793807.0,1398-11-05
2020-01-26,329,6,241,1,2328864,1091840,3155058,265646,31512652638,14688066913,42647909834,3552809717,13531.340876066615,13517.314050645027,13452.581800446951,13374.226289874494,-826194.0,1398-11-06
2020-01-27,184,12,302,12,3412078,507921,2087962,1832037,47257568885,6903288188,28553014850,25607842223,13850.084577492074,13675.06441688115,13591.263578391128,13977.797513368998,1324116.0,1398-11-07
2020-01-28,497,1,230,4,5964792,375,4751231,1213936,86033798639,5362500,68451178981,17587982158,14423.604148979546,14407.040823946469,14300.0,14488.393257964177,1213561.0,1398-11-08
2020-02-01,261,1,196,1,1214639,11780,1087997,138422,17717181155,169281160,15877676922,2008785393,14586.375997312782,14593.493292720475,14370.217317487266,14512.0384982156,126642.0,1398-11-12
2020-02-02,207,6,211,2,810273,302449,946584,166138,11588994808,4359311096,13569088622,2379217282,14302.580498177776,14334.796089940248,14413.375795588678,14320.729044529247,-136311.0,1398-11-13
2020-02-03,198,6,203,5,1128201,924058,1467534,584725,16470593603,13466663167,21387676449,8549580321,14598.988658049408,14573.888202249487,14573.396006527728,14621.540589165848,-339333.0,1398-11-14
2020-02-04,149,3,157,5,687761,528295,903637,312419,10004910318,7759988834,13177625862,4587273290,14547.07422782042,14582.875493146032,14688.741771169516,14683.080382435128,-215876.0,1398-11-15
2020-02-08,170,1,189,2,845352,786000,1120699,510653,12507104492,11763880341,16730789709,7540195124,14795.143906916885,14928.887871765746,14966.768881679389,14765.79031945372,-275347.0,1398-11-19
2020-02-09,139,9,245,19,697522,4455549,1887219,3265852,10351165975,66243820130,28034206241,48560779864,14839.91325721626,14854.771089629769,14867.712178678768,14869.253065968696,-1189697.0,1398-11-20
2020-02-10,182,17,317,2,1520275,1241699,2745674,16300,22571233428,18453580875,40777314303,247500000,14846.809575899097,14851.477015479624,14861.55732991651,15184.0490797546,-1225399.0,1398-11-21
2020-02-12,57,2,147,6,723009,821589,457442,1087156,11274010837,12809247034,7129060051,16954197820,15593.181878787123,15584.62067540803,15590.82099930744,15595.0,265567.0,1398-11-23
2020-02-15,616,41,226,13,9185841,1564290,5102351,5647780,150290622213,25608606987,83500317280,92398911920,16361.117312285289,16365.067256251088,16370.754135742094,16360.21798299509,4083490.0,1398-11-26
2020-02-16,407,8,229,8,3102167,6655557,3178385,6579339,53245181533,114314496252,54521134414,113038543371,17163.86691399915,17153.722539591647,17175.797044785282,17180.835851595428,-76218.0,1398-11-27
2020-02-17,536,84,300,3,2617978,1443818,3968675,93121,45637546934,24824359793,68801053747,1660852980,17432.364570672482,17336.026191865043,17193.551952531412,17835.42895802236,-1350697.0,1398-11-28
2020-02-18,217,10,327,6,1181901,1694092,2300998,574995,20606244575,29351575847,39848421033,10109399389,17434.831322589624,17317.885992512813,17325.84525928934,17581.717039278603,-1119097.0,1398-11-29
2020-02-19,225,7,189,25,1073567,1370431,1723998,720000,19012506797,24351140702,30545379995,12818267504,17709.660223348892,17717.758370369338,17768.96516643304,17803.149311111112,-650431.0,1398-11-30
2020-02-22,294,9,236,7,1541356,635169,1236149,940376,28308184174,11704782499,22509200239,17503766434,18365.766360269787,18209.13194040524,18427.82393189844,18613.582688201317,305207.0,1398-12-03
2020-02-23,380,5,193,6,1475526,1764917,1090443,2150000,28467644975,34067542216,21036640372,41498546819,19293.21813034809,19291.829441795675,19302.631350936048,19301.64968325581,385083.0,1398-12-04
2020-02-24,505,9,262,7,1720792,4017616,1540656,4197752,32585621983,77210952188,29335466945,80461107226,18936.409503879608,19040.893583642293,19218.10152787125,19167.66574728569,180136.0,1398-12-05
2020-02-25,270,12,249,5,712425,2249710,2353201,608934,13646060785,42883876170,44856797774,11673139181,19154.3822647998,19062.034128831325,19061.957394508627,19169.793739551413,-1640776.0,1398-12-06
2020-02-26,248,8,243,2,692620,2011117,2669499,34238,13284700376,38318702807,50922025318,681377865,19180.359181080534,19075.498929949023,19053.442841465712,19901.21692271745,-1976879.0,1398-12-07
2020-02-29,252,25,243,4,835552,2144145,1740165,1239532,15269886469,39219955170,31967087766,22522753873,18275.2078494217,18370.14752394169,18291.652462869813,18170.3690368623,-904613.0,1398-12-10
2020-03-01,199,25,220,7,1033870,2403667,1995991,1441546,19623983239,45883537686,38072479240,27435041685,18981.09359880836,19074.474403942702,19088.974340455647,19031.67965850552,-962121.0,1398-12-11
2020-03-02,213,9,215,7,1524387,950484,1302871,1172000,30436798589,18994338008,26003510526,23427626071,19966.582363271267,19958.622554343445,19983.85875827473,19989.44204010239,221516.0,1398-12-12
2020-03-03,92,7,137,3,466693,657284,604614,519363,9762651596,13749700145,12647797144,10864554597,20918.78728843158,20918.796362637982,20918.963712793862,20919.0,-137921.0,1398-12-13
2020-03-04,291,9,178,6,658456,1451573,853295,1256734,13817799500,30378174681,17862029984,26333944197,20985.152386795777,20933.006737412037,20927.76228339877,20954.270511500446,-194839.0,1398-12-14
2020-03-07,156,61,294,6,558983,3568294,871226,3256051,11315873463,72269841075,17780101382,65805613156,20243.68086864896,20408.139084462586,20253.3314449426,20210.252590023927,-312243.0,1398-12-17
2020-03-09,119,4,27,1,245228,344455,445002,144681,4718186720,6627314200,8561838480,2783662440,19240.0,19240.0,19240.0,19240.0,-199774.0,1398-12-19
2020-03-10,176,11,323,85,1313844,1971382,2316314,968912,25114651613,37751815961,44333349619,18533117955,19115.39848947059,19139.61130442591,19149.9242465438,19127.76181428241,-1002470.0,1398-12-20
2020-03-11,194,7,219,3,526119,1334259,1318291,542087,9927472111,25053407638,24982401346,9998478403,18869.252224306667,18950.59690614591,18777.01978251599,18444.41649218668,-792172.0,1398-12-21
2020-03-14,112,10,160,4,306048,4746098,2839532,2212614,5525012906,85124488288,50950041669,39699459525,18052.76592560644,17943.11233999124,17935.67859070757,17942.334056007963,-2533484.0,1398-12-24
2020-03-15,278,37,284,8,844145,5149259,3333660,2659744,15116654999,88142877233,57695132182,45564400050,17907.652120192623,17306.843583928774,17117.584730735045,17131.122412532935,-2489515.0,1398-12-25
2020-03-16,232,23,76,5,1310631,1093368,823938,1580061,23709288910,19779027120,14905012540,28583303490,18089.980253786154,18089.968589869623,18090.0,18090.0,486693.0,1398-12-26
2020-03-17,295,36,133,8,827966,1485558,862343,1451181,15015619404,26906591950,15494086490,26428124864,18135.55074000623,17967.428842119665,18112.111374985023,18211.460089403045,-34377.0,1398-12-27
2020-03-18,311,35,126,6,1357107,1285014,741755,1900366,25751997529,24383845560,14082441222,36053401867,18975.657430843698,18985.30002763716,18975.548562116837,18971.820095181665,615352.0,1398-12-28
2020-03-24,300,20,191,11,2014616,3392779,1184052,4223343,40028620004,67557585209,23453974844,84132230369,19869.106571177832,19808.230418934305,19912.167933425662,19920.76664599584,830564.0,1399-01-05
2020-03-25,369,5,195,4,1198783,1379271,1144188,1433866,24912482968,28747246740,23732835971,29926893737,20781.47835596601,20742.07732557936,20842.34841448852,20871.471767236268,54595.0,1399-01-06
2020-03-28,413,8,323,3,1008153,636693,1642171,2675,21187120201,13381296400,34512593181,55823420,21015.778558413254,21016.442977619263,21016.87375234218,20868.568224299062,-634018.0,1399-01-09
2020-03-29,1088,28,436,9,4319691,4186723,3544091,4962323,94377037578,91901462671,77202534833,109075965416,21848.09922237493,21783.45161932919,21950.690951132903,21980.82741006581,775600.0,1399-01-10
2020-03-30,571,6,311,5,1563590,703605,1304771,962424,35686277520,16079372232,29678154416,22087495336,22823.296081453576,22745.87219979598,22852.839635875243,22949.85924706782,258819.0,1399-01-11
2020-04-04,370,17,155,3,1005365,344706,625071,725000,24043863165,8244333402,14948371567,17339825000,23915.55620595505,23914.677799801942,23917.0,23917.0,380294.0,1399-01-16
2020-04-05,753,7,369,4,1615372,947248,1557793,1004827,39109883655,23127310015,37634605157,24602588513,24211.069434780347,24158.92558061309,24415.26402272689,24484.402303083018,57579.0,1399-01-17
2020-04-06,502,4,444,0,1005516,803964,1809480,0,24179477266,19405990021,43585467287,0,24046.834924556148,24087.28877191237,24137.884309496447,,-803964.0,1399-01-18
2020-04-07,336,10,594,4,975015,2012057,1834281,1152791,23675835037,49980823315,44796350481,28860307871,24282.534152807904,24421.749165476827,24840.65974025587,25035.16064143457,-859266.0,1399-01-19
2020-04-08,534,2,286,11,1370973,294939,1226425,439487,35291969855,7522112278,31562708245,11251373888,25742.27928267005,25735.538858878448,25503.95938821248,25601.152907822077,144548.0,1399-01-20
2020-04-11,442,9,244,4,845981,566224,1158343,253862,21666886538,14496836744,29655072396,6508650886,25611.552195616685,25601.287698030723,25602.653267964623,25638.539387541263,-312362.0,1399-01-23
2020-04-12,102,4,172,2,213552,1678114,831666,1060000,5410337034,43779416836,21626233870,27563520000,25334.98648572713,26003.50846373424,26088.4640948112,26003.32075471698,-618114.0,1399-01-24
2020-04-15,321,7,453,21,821023,2750522,2298905,1272640,22824282126,78105179087,64881719756,36047741457,27799.808441420035,28222.87991717796,28396.49313366699,28325.167727715616,-1477882.0,1399-01-27
2020-04-18,457,6,339,19,775497,2004931,1360554,1419874,22602189486,59347346278,39906553942,42042981822,29145.424786943084,29331.10625671601,29600.692631317488,29610.361075701083,-585057.0,1399-01-30
2020-04-19,705,8,444,53,1967023,1653300,1712182,1908141,59169843785,50134419964,51121326045,58182937704,30080.910993414924,29857.413548910103,30323.84924938003,30491.94881510329,254841.0,1399-01-31
2020-04-20,505,8,453,3,1109384,363789,1436420,36753,33031579668,10906882175,42833910350,1104551493,29774.7035003209,29819.906677712646,29981.34131323377,30053.36960248143,-327036.0,1399-02-01
2020-04-21,712,19,665,4,2339950,5625518,6186990,1778478,67392605259,161249716845,177302790435,51339531669,28800.87406098421,28657.358495003224,28663.97669423509,28867.11652828992,-3847040.0,1399-02-02
2020-04-22,658,20,663,7,3339399,3658379,3231655,3766123,94263343731,103960203164,91394143104,106829403791,28227.63728772752,28280.909658982782,28417.0128802948,28365.882843178515,107744.0,1399-02-03
2020-04-25,205,6,352,4,518416,1943526,1598853,863089,15298813199,57669133248,47372110320,25595836127,29510.688711382365,29628.80910252537,29672.42694360662,29656.07964763773,-1080437.0,1399-02-06
2020-04-26,4,3,233,22,17730,1468148,718598,767280,551739870,45687297612,22362051162,23876986320,31119.0,31119.0,31119.0,31119.0,-700868.0,1399-02-07
2020-04-27,679,17,970,11,2151339,3143166,3682457,1612048,65521397467,96603633226,112545899719,49579130974,30456.100813028537,30562.71932543951,30734.499299750634,30755.36893070181,-1531118.0,1399-02-08
2020-04-28,311,85,615,3,1220080,2302872,3303252,219700,37465220511,72273804107,103048022409,6691002209,30707.18355435709,31195.931284988248,31384.20377120396,30455.176190259444,-2083172.0,1399-02-09
2020-04-29,74,2,167,7,138244,436088,288606,285726,4519780695,14263130216,9437670629,9345240282,32694.226838054456,32700.881579038552,32707.0,32707.0,-150362.0,1399-02-10
2020-05-02,125,2,147,3,413066,1602414,270691,1744789,13699746956,53145662724,8977737706,57867671974,33166.0,33166.0,33166.0,33166.0,142375.0,1399-02-13
2020-05-03,4,3,109,8,368170,1071036,149160,1290046,12813788680,37276336944,5191364640,44898760984,34804.0,34804.0,34804.0,34804.0,219010.0,1399-02-14
2020-05-04,910,9,341,11,2820839,2569441,3369804,2020476,99114628082,91686022070,118636953582,72163696570,35136.57747996252,35205.891375878244,35683.25642425726,35716.18597300834,-548965.0,1399-02-15
2020-05-05,694,7,346,27,1703543,1954986,1466102,2192427,59448856353,71228103319,51356659750,79320299922,34897.18566129531,35029.39069041581,36434.07334835135,36179.2205268408,237441.0,1399-02-16
2020-05-06,438,6,442,29,946325,1222301,1416224,752402,32680601242,42379279678,49515036094,25544844826,34534.22581248514,34962.71500412364,34671.72135014207,33951.05917581293,-469899.0,1399-02-17
2020-05-09,40,2,184,4,67959,1524211,428086,1164084,2410927665,55365928169,15471915106,42304940728,35476.208669933345,36142.07216774199,36324.32003771132,36341.82819109274,-360127.0,1399-02-20
2020-05-10,533,4,332,7,1292430,944402,1142287,1094545,47371808727,35422359549,41922110495,40872057781,36653.287781156425,36700.155473186685,37507.71339853156,37341.596536460354,150143.0,1399-02-21
2020-05-11,286,2,177,3,565921,1059255,1363222,261954,20019302679,37268006449,48075875524,9211433604,35374.73018142108,35266.35832168201,35183.22448230124,35164.31741450789,-797301.0,1399-02-22
2020-05-12,119,1,77,0,145791,56640,202431,0,4932074547,1916074560,6848149107,0,33829.760046916475,33829.54738651689,33829.0,,-56640.0,1399-02-23
2020-05-13,311,8,420,25,1340826,3633117,1742024,3231919,45415773878,123489566688,59158964548,109746376018,33871.48957284539,33959.902129936214,33989.9779412554,33957.03172573323,-401198.0,1399-02-24
2020-05-16,79,27,42,0,88970,343000,431970,0,2870261170,11065523000,13935784170,0,32261.0,32261.0,32261.0,,-343000.0,1399-02-27
2020-05-17,170,6,274,23,438036,4031000,1637050,2831986,14012838321,128687044766,52284094934,90415788153,31990.152227214203,31937.995133929933,31924.3474983875,31926.636697003447,-1199014.0,1399-02-28
2020-05-18,281,13,390,37,1787602,4445322,1393230,4839694,58869004135,145197241940,45572873084,158493372991,32931.82942008344,32710.22952707019,32662.93014094367,32748.63513912243,394372.0,1399-02-29
2020-05-19,271,7,274,23,666325,2019994,1201797,1484522,22015618086,65237421568,39304671888,47948367766,33040.36031366075,32704.917625855283,32295.84917975004,32298.859677391105,-535472.0,1399-02-30
2020-05-20,151,6,360,10,366704,1230652,1324412,272944,11559419800,38881725220,41655327203,8785817817,31522.48080195471,31451.940335031697,31594.411108908123,32189.085735535493,-957708.0,1399-02-31
2020-05-23,132,3,278,16,424371,1260419,1095843,588947,13004611438,38873274030,33765375352,18112510116,30644.43950694086,30812.23802314748,30841.548746884964,30754.05786259205,-671472.0,1399-03-03
2020-05-26,100,3,365,2,485057,889820,1227777,147100,14860119962,27196790819,37548303666,4508607115,30635.822103381663,30582.348151170776,30564.373490144077,30649.94639700884,-742720.0,1399-03-06
2020-05-27,78,3,184,19,1751062,200879,542687,1409254,56325169164,6324774234,17207138914,45442804484,32166.29060764268,31707.29889236337,31485.49243076678,32246.0,1208375.0,1399-03-07
2020-05-30,89,1,108,2,196382,177524,256456,117450,6605701334,5971374788,8626410472,3950665650,33637.0,33637.0,33637.0,33637.0,-60074.0,1399-03-10
2020-05-31,11,0,150,13,2506415,0,1260904,1245511,85080257175,0,42801386280,42278870895,33945.0,33945.0,,33945.0,1245511.0,1399-03-11
2020-06-01,317,1,134,42,3938858,50000,685504,3303354,140387635906,1782100000,24431592638,117738143268,35641.71033990055,35640.33563334423,35642.0,35642.0,3253354.0,1399-03-12
2020-06-02,18,0,137,5,828383,0,410131,418252,31001405392,0,15348742544,15652662848,37424.0,37424.0,,37424.0,418252.0,1399-03-13
2020-06-06,10,0,95,32,627228,0,288009,339219,23950073952,0,10997335656,12952738296,38184.0,38184.0,,38184.0,339219.0,1399-03-17
2020-06-07,15,1,87,12,1688846,200000,242695,1646151,65478248266,7754200000,9409527845,63822920421,38771.0,38771.0,38771.0,38771.0,1446151.0,1399-03-18
2020-06-08,631,1,317,2,1877011,65116,1520779,421348,74778758978,2588092879,60470063567,16896788290,39839.27583695567,39762.5582461357,39745.882409853184,40101.74081756648,356232.0,1399-03-19
2020-06-09,259,2,289,3,1156353,170452,1120223,206582,46101441100,6803126317,44587729981,8316837436,39867.96514559136,39802.548225665785,39912.27041630488,40259.255094829176,36130.0,1399-03-20
2020-06-10,203,1,227,34,1936762,118812,1007268,1048306,80641364925,4970143584,42018855483,43592653026,41637.209386078415,41715.66602234957,41832.0,41583.901099488125,929494.0,1399-03-21
2020-06-13,551,4,429,1,1125417,397875,1523291,1,46705917960,16208869450,62914745220,42190,41500.98848693418,41301.85579774318,40738.59742381401,42190.0,-397874.0,1399-03-24
2020-06-14,363,32,294,3,758926,719742,1292447,186221,30160197550,28764377950,51473057050,7451518450,39740.63024590013,39826.04861166454,39964.84566691954,40014.38317912588,-533521.0,1399-03-25
2020-06-15,277,5,405,3,614388,918236,1364552,168072,24895639200,37632201450,55732467800,6795372850,40521.037520264064,40843.05163892618,40983.1475241659,40431.320208006095,-750164.0,1399-03-26
2020-06-16,187,1,315,5,467164,509561,869218,107507,19507306800,21735973870,36686125390,4557155280,41756.87082052555,42205.89701317736,42656.274459780085,42389.38190071344,-402054.0,1399-03-27
2020-06-20,64,1,163,5,854322,237722,282044,810000,37154463780,10338529780,12266093560,35226900000,43490.0,43490.0,43490.0,43490.0,572278.0,1399-03-31
2020-06-21,14,3,103,16,643466,275000,190237,728229,28730756900,12278750000,8494082050,32515424850,44650.0,44650.0,44650.0,44650.0,453229.0,1399-04-01
2020-06-22,3,2,79,1,58506,120884,174390,5000,2670798900,5518354600,7960903500,228250000,45650.0,45650.0,45650.0,45650.0,-115884.0,1399-04-02
2020-06-23,4,0,90,0,317691,0,317691,0,14566132350,0,14566132350,0,45850.0,45850.0,,,0.0,1399-04-03
2020-06-24,2,0,83,0,102142,0,102142,0,4719981820,0,4719981820,0,46210.0,46210.0,,,0.0,1399-04-04
2020-06-27,17,0,64,2,1443007,0,136667,1306340,66840084240,0,6330415440,60509668800,46320.0,46320.0,,46320.0,1306340.0,1399-04-07
2020-06-28,39,2,80,4,2279178,140000,259178,2160000,109309376880,6714400000,12430176880,103593600000,47960.0,47960.0,47960.0,47960.0,2020000.0,1399-04-08
2020-06-29,13,0,110,1,633337,0,133337,500000,31888517950,0,6713517950,25175000000,50350.0,50350.0,,50350.0,500000.0,1399-04-09
2020-06-30,6,0,85,1,96507,0,90345,6162,4934402910,0,4619339850,315063060,51130.0,51130.0,,51130.0,6162.0,1399-04-10
2020-07-01,2,0,101,3,163960,0,153898,10062,8402950000,0,7887272500,515677500,51250.0,51250.0,,51250.0,10062.0,1399-04-11
2020-07-04,5,1,104,1,226955,100000,226955,100000,11679104300,5146000000,11679104300,5146000000,51460.0,51460.0,51460.0,51460.0,0.0,1399-04-14
2020-07-05,6,0,69,1,327575,0,50624,276951,16991315250,0,2625866880,14365448370,51870.0,51870.0,,51870.0,276951.0,1399-04-15
2020-07-06,26,3,66,2,1956614,300000,156614,2100000,102311346060,15687000000,8189346060,109809000000,52290.0,52290.0,52290.0,52290.0,1800000.0,1399-04-16
2020-07-07,12,1,59,2,128465,64366,85541,107290,7052728500,3533693400,4696200900,5890221000,54900.0,54900.0,54900.0,54900.0,42924.0,1399-04-17
2020-07-11,186,11,71,1,4341889,701126,137204,4905811,239498597240,38674110160,7568172640,270604534760,55160.0,55160.0,55160.0,55160.0,4204685.0,1399-04-21
2020-07-12,9,0,71,3,514644,0,487963,26681,29803034040,0,28257937330,1545096710,57910.0,57910.0,,57910.0,26681.0,1399-04-22
2020-07-13,860,6,149,7,14119026,2043268,4071422,12090872,828645635940,119919398920,238951757180,709613277680,58690.0,58690.0,58690.0,58690.0,10047604.0,1399-04-23
2020-07-14,1640,34,206,9,8770477,4723714,9079712,4414479,540098110240,290787637100,558872782720,272012964620,61581.38379930761,61551.81824269316,61559.11155925189,61618.36189955825,-309235.0,1399-04-24
2020-07-15,3627,17,960,36,7043687,10025145,11059697,6009135,440268198310,624342909130,687923833620,376687273820,62505.36094377845,62200.9656883005,62277.69365231126,62685.773213615605,-4016010.0,1399-04-25
2020-07-20,851,4,304,7,2030789,1669123,3109061,590851,135169298200,110853859740,206582080620,39441077320,66559.99131372092,66445.16804913123,66414.43425080118,66753.0008750091,-1078272.0,1399-04-30
2020-07-21,1576,11,829,6,2661442,2178459,4004766,835135,172265190280,140800064460,259598598020,53466656720,64726.26128241757,64822.41359919656,64632.87326500063,64021.57342226107,-1343324.0,1399-04-31
2020-07-22,607,13,729,10,1823437,3435779,3022688,2236528,112942581430,211893556670,186843479530,137992658570,61939.39326118753,61813.68355913677,61672.63862722253,61699.49965750485,-1199251.0,1399-05-01
2020-07-25,909,7,693,12,2425138,1874995,2104314,2195819,156013497910,120766543130,135011278440,141768762600,64331.80211187982,64159.28347195333,64408.99475998602,64563.04577016594,320824.0,1399-05-04
2020-07-26,880,6,531,1,1732803,681433,2336663,77573,108496831300,42704660490,146133108460,5068383330,62613.4830676078,62539.23157083413,62668.90580585325,65336.95138772511,-603860.0,1399-05-05
2020-07-27,561,15,929,8,1510537,2570042,3598387,482192,91945443240,164049956730,224494650390,31500749580,60869.37508978595,62387.57820934769,63831.62482558651,65328.22937750937,-2087850.0,1399-05-06
2020-07-28,513,20,610,5,1006059,1172418,1507505,670972,62063862860,70499343200,92206177350,40357028710,61690.08264922832,61164.7572313193,60131.57696316501,60147.11300918667,-501446.0,1399-05-07
2020-07-29,358,36,687,17,951382,2529741,2257774,1223349,55776780800,147737343410,132202509850,71311614360,58627.113819685466,58554.3592272743,58400.18539842616,58292.126253424,-1306392.0,1399-05-08
2020-08-03,735,34,489,3,988082,1650094,1113209,1524967,61478568230,103744742820,70026777500,95196533550,62220.10747083744,62905.32819982591,62872.01990916881,62425.30726894418,-125127.0,1399-05-13
2020-08-04,930,13,733,9,1725915,2412776,1293387,2845304,112595040680,156482598470,84136048260,184941590890,65237.88290848622,65050.94628289909,64855.83347563139,64998.88619634317,432528.0,1399-05-14
2020-08-05,579,25,823,11,972272,2963296,2736939,1198629,63489921290,198370942050,182655236490,79205626850,65300.57565166949,66737.05058461295,66942.66858592595,66080.1856537761,-1764667.0,1399-05-15
2020-08-09,691,25,350,10,1593953,2485738,1601632,2478059,111302396590,173650994540,111841870590,173111520540,69827.9037023049,69829.94257732113,69858.92903435518,69857.7073992185,-7679.0,1399-05-19
2020-08-10,523,4,453,1,628977,800000,1401777,27200,42005889890,53250594560,93420402060,1836082390,66784.46094213302,66644.26799697812,66563.2432,67503.02904411765,-772800.0,1399-05-20
2020-08-11,167,7,507,5,397539,617573,837962,177150,25307609120,39229204890,53290957700,11245856310,63660.695227386495,63595.91210579954,63521.56731269016,63482.11295512278,-440423.0,1399-05-21
2020-08-12,224,5,297,2,427321,709619,1078782,58158,26870823010,44940766680,68072172790,3739416900,62882.0559017694,63100.95347345432,63330.839055887736,64297.54977819045,-651461.0,1399-05-22
2020-08-15,140,30,313,2,237101,1760441,1520547,476995,14318275710,106257378100,91787722060,28787931750,60388.93007621224,60364.935815861005,60358.38639295495,60352.69080388684,-1283446.0,1399-05-25
2020-08-16,229,26,405,2,648698,2572501,1130550,2090649,37413734820,147557476930,65067196150,119904015600,57675.11973214038,57553.57671045067,57359.54113526098,57352.53292159516,-481852.0,1399-05-26
2020-08-17,267,4,220,3,891069,141432,636211,396290,50152728700,8092392330,35832090860,22413030170,56283.77678945177,56321.08036484751,57217.54857458001,56557.142925635264,254858.0,1399-05-27
2020-08-18,287,7,223,11,795901,3449546,851225,3394222,47379641530,205541740170,50659692720,202261688980,59529.56652900298,59513.868507151456,59585.15705255127,59590.0,-55324.0,1399-05-28
2020-08-19,358,6,220,4,791461,340948,420505,711904,45211171220,19449555630,24291466770,40369260080,57123.68798967984,57767.36726079357,57045.51905275878,56706.04474760642,370956.0,1399-05-29
2020-08-22,266,7,312,3,346446,641204,787172,200478,20232108420,37586870850,46163898360,11655080910,58399.02443670875,58645.24952615184,58619.20831747774,58136.458414389606,-440726.0,1399-06-01
2020-08-23,136,5,79,2,128926,1550000,720514,958412,7230071540,85752000000,39972303820,53009767720,56079.23568558708,55477.48387956376,55323.87096774193,55310.0,-591588.0,1399-06-02
2020-08-24,116,10,229,3,490068,1780500,1099520,1171048,25956215410,93834680000,57995516680,61795378730,52964.51800566452,52746.213511350405,52701.30862117383,52769.29616036234,-609452.0,1399-06-03
2020-08-25,88,8,159,2,690456,241400,798137,133719,37947040090,13175442040,43715786720,7406695410,54959.38928765917,54772.28435719682,54579.29594034797,55390.0,-107681.0,1399-06-04
2020-08-26,122,5,50,5,605204,1398825,45182,1958847,34242442320,79145518500,2556397560,110831563260,56580.0,56580.0,56580.0,56580.0,560022.0,1399-06-05
2020-08-31,682,34,341,13,2462208,3735660,2077094,4120774,146094879850,221776010960,123097738450,244773152360,59334.90584467275,59264.40423495518,59367.29010670136,59399.80022199713,385114.0,1399-06-10
2020-09-01,353,17,427,40,1266376,1556767,1608292,1214851,74270582110,94654224430,96628545410,72296261130,58648.128288912616,60081.46866986841,60801.79270886395,59510.39356266736,-341916.0,1399-06-11
2020-09-02,116,6,240,2,332290,424063,632353,124000,19083670340,24199523050,36153817060,7129376330,57430.76932799663,57173.47282293276,57065.867689470666,57494.97040322581,-300063.0,1399-06-12
2020-09-05,355,5,348,6,897821,328081,911129,314773,54063030570,19856255260,54943283390,18976002440,60215.82316519663,60302.4197341979,60522.417512748376,60284.72086233572,-13308.0,1399-06-15
2020-09-06,387,6,312,4,1316349,547565,876230,987684,81133485120,33905564070,53592364420,61446684770,61635.238922200726,61162.43956495441,61920.619597673336,62212.8988320151,440119.0,1399-06-16
2020-09-07,93,3,102,3,160829,525000,364814,321015,9440876100,30786000000,21402556500,18824319600,58701.329362241886,58667.03717510841,58640.0,58640.0,-203985.0,1399-06-17
2020-09-08,85,4,321,11,268443,5404456,2234439,3438460,15531554010,311695664890,129215913140,198011305760,57857.921458186654,57829.24176493518,57673.82783577107,57587.20641217289,-1965996.0,1399-06-18
2020-09-09,315,7,482,11,4659897,434231,3175531,1918597,275797811260,25508110800,189001365870,112304556190,59185.38784440944,59518.03521048921,58743.18231540355,58534.729382981415,1484366.0,1399-06-19
2020-09-12,519,38,221,44,5185545,2269728,2069556,5385717,321823905080,140948278760,128408978670,334363205170,62061.73219594083,62046.63158184655,62099.19371836625,62083.322456415735,3115989.0,1399-06-22
2020-09-13,619,8,407,6,1800495,687758,2123692,364561,111892508400,42275884490,131425867150,22742525740,62145.41467763032,61885.55927601554,61469.12793453512,62383.32059655312,-323197.0,1399-06-23
2020-09-14,220,6,393,10,2373528,924993,610989,2687532,153574494830,60161673150,39510265940,174225902040,64703.04745930952,64666.083906584245,65040.13884429396,64827.47072034863,1762539.0,1399-06-24
2020-09-15,102,6,155,45,1383128,1748759,603603,2528284,94108029120,118985562360,41069148120,172024443360,68040.0,68040.0,68040.0,68040.0,779525.0,1399-06-25
2020-09-16,854,24,406,80,4500561,2949380,2940398,4509543,319769317640,209839057160,209662047880,319946326920,71050.99067427372,71303.96901371855,71146.836677539,70948.72516350326,1560163.0,1399-06-26
2020-09-19,899,7,655,9,3391406,1604133,3578375,1417164,251352538310,117054713800,263160098720,105247153390,74114.552580847,73541.7888622629,72970.70367606675,74266.03652788245,-186969.0,1399-06-29
2020-09-20,380,7,513,4,1046395,994245,1941055,99585,74188361970,69773014120,136966851340,6994524750,70899.0027379718,70563.09653255575,70176.88207634939,70236.72992920621,-894660.0,1399-06-30
2020-09-21,248,36,469,21,960398,1926102,2131882,754618,64612277990,129168115400,143021854550,50758538840,67276.56449721886,67087.13453652688,67061.9289113453,67263.88562159927,-1171484.0,1399-06-31
2020-09-22,403,6,359,2,893618,589733,1457149,26202,60950986810,39069575020,98204636620,1815925210,68206.98196544833,67395.05474045551,66249.59942889409,69304.83207388749,-563531.0,1399-07-01
2020-09-23,462,6,407,2,991997,555355,1447352,100000,68778255260,39097161400,100831851810,7043564850,69333.12828567022,69666.43346608151,70400.30503011587,70435.6485,-455355.0,1399-07-02
2020-09-26,481,3,447,14,2029186,185000,1893830,320356,147605783030,13542000000,137699779380,23448003650,72741.37660618594,72709.68322394301,73200.0,73193.58354455668,135356.0,1399-07-05
2020-09-27,142,2,62,0,219419,60000,279419,0,15296821730,4149700000,19446521730,0,69715.11915558817,69596.27559328463,69161.66666666667,,-60000.0,1399-07-06
2020-09-28,36,2,4,1,15101,1700000,1590101,125000,1035324560,116552000000,109017324560,8570000000,68560.0,68560.0,68560.0,68560.0,-1575000.0,1399-07-07
2020-09-29,249,8,608,7,1115537,1445360,2428112,132785,73523768930,96876353030,161697035770,8703086190,65908.85728577359,66593.7303427519,67025.760384956,65542.69074067101,-1312575.0,1399-07-08
2020-09-30,288,9,331,1,786976,368803,956928,198851,51764944990,24780321520,63223585790,13321680720,65777.0313071809,66069.32370042469,67191.21460508727,66993.27999356302,-169952.0,1399-07-09
2020-10-03,368,5,293,4,1197921,309000,771305,735616,81078087960,20829480020,52129596760,49777971220,67682.3329418217,67586.22952009905,67409.32045307444,67668.41833239081,426616.0,1399-07-12
2020-10-05,162,11,364,5,709341,1239052,1576169,372224,43348503080,75642649040,96266537700,22724614420,61110.95098126289,61076.27906652142,61048.80912181248,61050.9113329608,-866828.0,1399-07-14
2020-10-06,561,5,255,6,3894386,1180000,694041,4380345,239844001640,71662203760,42813162620,268693042780,61587.11582262262,61686.79173132423,60730.68115254238,61340.611933534914,3200345.0,1399-07-15
2020-10-07,382,41,391,7,1026676,2320000,1583563,1763113,62721667640,141084127280,96344395760,107461399160,61091.97803396593,60840.267018110426,60812.123827586205,60949.808185862166,-556887.0,1399-07-16
2020-10-10,261,8,336,6,1006173,400080,1145521,260732,60099920710,24495858860,68742282030,15853497540,59731.20001232393,60009.62184892289,61227.40166966607,60803.80444287621,-139348.0,1399-07-19
2020-10-11,403,20,404,4,1070781,644166,1055978,658969,67248129590,40475236400,66262638710,41460727280,62802.87901074076,62750.01819166687,62833.54973717955,62917.56862614174,14803.0,1399-07-20
2020-10-12,145,6,268,5,485180,1135552,905736,714996,29753131380,69847523910,55718080710,43882574580,61323.90325240117,61516.91078857416,61509.75376733078,61374.573536075724,-420556.0,1399-07-21
2020-10-13,178,4,298,9,557731,958510,845863,670378,33971634230,60293055740,52794234860,41470455110,60910.42855785316,62414.64026680443,62902.89693378264,61861.30080342732,-288132.0,1399-07-22
2020-10-14,252,2,137,2,338907,150000,306460,182447,20613534650,9070983000,18615560860,11068956790,60823.57298609943,60743.8519219474,60473.22,60669.43709680071,32447.0,1399-07-23
2020-10-18,117,3,215,6,688254,92353,625322,155285,40715028280,5416368900,37010136950,9121260230,59156.980242759215,59185.72663363835,58648.54309009994,58738.83652638696,62932.0,1399-07-27
2020-10-19,93,7,233,8,472270,2224630,1103937,1592963,27204282360,127784201950,63484908990,91503575320,57603.24043449722,57507.728239926735,57440.65392896797,57442.3733131278,-631667.0,1399-07-28
2020-10-20,150,9,169,4,1544290,2028000,661863,2910427,84585777720,111152232390,36353464080,159384546030,54773.24707146973,54925.96516197461,54808.793091715976,54763.28594738848,882427.0,1399-07-29
2020-10-21,199,6,172,6,1033360,670127,564313,1139174,54982410990,35663751780,30194709030,60451453740,53207.41173453588,53507.02363759119,53219.39241367681,53066.04060485931,469047.0,1399-07-30
2020-10-24,72,4,128,3,1017434,1994719,1794808,1217345,51434050030,100841292640,90738552920,61536789750,50552.71401388198,50556.13353628912,50554.13451217941,50550.0,-777374.0,1399-08-03
2020-10-26,107,8,270,6,1231900,2659780,1543578,2348102,59210778290,127749503400,74149891480,112810390210,48064.59801120221,48037.670580948936,48030.10151215514,48043.22393575747,-311678.0,1399-08-05
2020-10-27,119,4,158,5,1752813,1100000,520792,2332021,80055398560,50204500000,23799698810,106460199750,45672.52670992285,45699.04839168037,45640.454545454544,45651.47558705517,1232021.0,1399-08-06
2020-10-28,173,3,258,8,907723,369324,684723,592324,42034778460,17691377910,31908747020,27817409350,46307.93585708416,46600.9569125033,47902.05323780746,46963.16433235864,223000.0,1399-08-07
2020-10-31,236,9,159,8,645444,759258,774462,630240,31153752640,36939044500,37404569460,30688227680,48267.1659198939,48297.48839839786,48651.505153715865,48692.92282305154,-129018.0,1399-08-10
2020-11-01,111,7,180,6,132123,886799,495313,523609,6294468510,42769280440,23901084390,25162664560,47640.9747735065,48254.50652415745,48228.832508832325,48056.21095130145,-363190.0,1399-08-11
2020-11-02,74,7,111,7,188048,803046,197760,793334,8983284660,38432575440,9438354300,37977505800,47771.23213222156,47726.306128640776,47858.49806860379,47870.76540271815,-9712.0,1399-08-12
2020-11-04,157,5,96,8,2915883,248617,254971,2909529,146657419710,12507921270,12796641850,146368699130,50296.05773276911,50188.61694075012,50310.0,50306.66445668697,2660912.0,1399-08-14
2020-11-07,47,2,4,2,55663,332500,255163,133000,2660134770,15890175000,12194239770,6356070000,47790.0,47790.0,47790.0,47790.0,-199500.0,1399-08-17
2020-11-08,12,2,4,0,5308,322500,327808,0,251174560,15260700000,15511874560,0,47320.0,47320.0,47320.0,,-322500.0,1399-08-18
2020-11-09,48,4,28,8,77062,1010000,997612,89450,3616519660,47399300000,46817931160,4197888500,46930.0,46930.0,46930.0,46930.0,-920550.0,1399-08-19
2020-11-10,180,10,331,9,736688,2233011,2586867,382832,33973396320,104348184730,120196732440,18124848610,46116.39706361445,46464.21035174982,46729.81222663032,47344.13165566097,-1850179.0,1399-08-20
2020-11-11,150,7,234,6,597395,537680,649938,485137,27755162840,25126478770,30263414830,22618226780,46460.31995580813,46563.54118392831,46731.28769900312,46622.349521887634,-52543.0,1399-08-21
2020-11-14,119,29,116,4,681133,1081918,798353,964698,33130781260,52873265600,38956117320,47047929540,48640.69316858822,48795.60460097225,48869.93801748376,48769.59373814396,-117220.0,1399-08-24
2020-11-15,126,7,163,3,411704,682367,882083,211988,20147672640,33361183270,43128129500,10380726410,48937.276878534096,48893.50491960507,48890.38196454401,48968.46241296677,-470379.0,1399-08-25
2020-11-16,144,5,139,3,417994,331899,410038,339855,20701942150,16368619680,20246604930,16823956900,49526.88830461681,49377.38680317434,49318.0747155008,49503.3378941019,7956.0,1399-08-26
2020-11-17,101,11,133,9,374181,2283266,1141268,1516179,19181484550,117355765360,58600412920,77936836990,51262.58294782472,51346.75897335245,51398.201243306736,51403.45367532461,-767087.0,1399-08-27
2020-11-18,37,3,54,8,1179087,1267097,165738,2280446,63599952780,68347212180,8939907720,123007257240,53940.0,53940.0,53940.0,53940.0,1013349.0,1399-08-28
2020-11-21,309,4,237,4,452101,396900,669893,179108,24742307320,21698952390,36604070530,9837189180,54727.38905687004,54641.667445398,54671.08185941043,54923.22609822007,-217792.0,1399-09-01
2020-11-22,258,3,269,5,560575,479874,689130,351319,30130778330,26047462730,37103423790,19074817270,53749.77180573518,53840.964389882894,54279.79580056432,54294.86384169373,-128555.0,1399-09-02
2020-11-23,207,10,238,4,928696,531778,1003697,456777,50155475710,28952729530,54258256980,24849948260,54006.3440673805,54058.40306387287,54445.14351853593,54402.801060473714,-75001.0,1399-09-03
2020-11-24,143,7,240,2,462011,2558386,1351962,1668435,24317994460,134037724120,70957137560,87398581020,52635.0984283924,52484.56506913656,52391.51719873389,52383.56964460707,-889951.0,1399-09-04
2020-11-25,180,6,205,4,909964,426783,532500,804247,48068392290,22573088870,28139478540,42502002620,52824.49887028498,52844.09115492958,52891.25590756895,52846.95201847194,377464.0,1399-09-05
2020-11-28,480,6,220,9,4182731,1517874,1011746,4688859,231010292110,83786673370,55833517260,258963448220,55229.53594433876,55185.310601672754,55200.0188223792,55229.52347682026,3170985.0,1399-09-08
2020-11-29,590,10,361,7,3073485,785123,1840967,2017641,176872218460,45112642800,105323134870,116661726390,57547.7734428507,57210.76742277292,57459.33159517681,57820.85434921277,1232518.0,1399-09-09
2020-11-30,527,9,364,7,2241599,1271019,2030101,1482517,130142749250,74334857780,118285993920,86191613110,58057.99754996322,58266.06357023616,58484.458359788485,58138.70135047355,211498.0,1399-09-10
2020-12-01,342,7,412,8,1532250,765151,1363319,934082,90184051250,45282302480,80373901480,55092452250,58857.26953826073,58954.58178166665,59180.87080850708,58980.31677090448,168931.0,1399-09-11
2020-12-02,239,8,304,5,782206,3398810,717505,3463511,45594970830,199657474540,41569945690,203682499680,58290.23406877472,57936.80279579933,58743.346800792046,58808.09954984985,64701.0,1399-09-12
2020-12-05,197,9,289,3,430708,767445,852275,345878,25171663780,44829736530,49935268570,20066131740,58442.52667700623,58590.55888064299,58414.26620800188,58015.05658064404,-421567.0,1399-09-15
2020-12-06,250,6,297,7,1076037,396740,650896,821881,64014123800,23568244480,38598938920,48983429360,59490.63442985697,59301.238477421895,59404.7599939507,59599.17477104349,425141.0,1399-09-16
2020-12-07,240,15,345,5,1654115,3109850,2099637,2664328,98313075750,184062194680,124193235560,158182034870,59435.45385296669,59149.86045683135,59186.84009839703,59370.33085641107,-445522.0,1399-09-17
2020-12-08,348,7,291,6,1379367,412607,719883,1072091,82978232640,24701201000,43282197840,64397235800,60156.74772558717,60123.93380591013,59866.17047214419,60066.949354112665,659484.0,1399-09-18
2020-12-09,197,11,297,3,830317,622700,751292,701725,49707751200,37352927020,44912700670,42147977550,59865.99238604051,59780.61881398976,59985.42961297575,60063.38316291995,79025.0,1399-09-19
2020-12-12,290,8,288,4,485159,520832,499797,506194,28724307500,30778361840,29537335000,29965334340,59205.966497581205,59098.66405760739,59094.6060149914,59197.332129578775,-14638.0,1399-09-22
2020-12-13,211,6,293,4,440103,988761,1265776,163088,25533682670,58130137580,74090423930,9573396320,58017.51560430172,58533.598306493404,58790.888374440336,58700.80153046208,-825673.0,1399-09-23
2020-12-14,152,8,236,2,352587,1078788,1379662,51713,19992038330,60981946290,77926158120,3047826500,56701.00806325815,56482.06453464689,56528.202288123335,58937.33683986618,-1027075.0,1399-09-24
2020-12-15,92,8,266,5,334215,2126440,1942921,517734,18065858500,114973987350,105046340660,27993505190,54054.601080143024,54066.19242882237,54068.76627132673,54069.28111733052,-1608706.0,1399-09-25
2020-12-16,142,6,179,3,315879,436889,602807,149961,16969281050,23926796400,32478176800,8417900650,53720.82680393442,53878.23432707317,54766.30540022752,56133.93248911384,-286928.0,1399-09-26
2020-12-19,217,5,194,7,882623,671000,610975,942648,49169575700,37321698330,34235343200,52255930830,55708.46862137062,56033.950979991,55621.01092399404,55435.25348804644,271648.0,1399-09-29
2020-12-20,161,3,158,3,416845,398287,561694,253438,23043713710,22265980180,31198842850,14110851040,55281.25252791805,55544.19817551906,55904.36087544912,55677.724098201536,-144849.0,1399-09-30
2020-12-21,184,4,219,2,776073,189556,539601,426028,44231321980,10594801940,30555276210,24270847710,56993.764736049314,56625.68492274848,55892.72795374454,56970.07640342888,236472.0,1399-10-01
2020-12-22,171,3,198,1,649911,58930,402274,306567,37111373020,3301397190,22901077270,17511692940,57102.2386449837,56929.051517125146,56022.35177329034,57121.91116460676,247637.0,1399-10-02
2020-12-23,235,5,136,3,398513,202929,289854,311588,22335960740,11244981330,16242158030,17338784040,56048.26126123866,56035.65253541438,55413.377733098765,55646.50769606018,108659.0,1399-10-03
2020-12-26,279,3,241,7,1049703,335201,806329,578575,59433529770,18971794640,45642366190,32762958220,56619.37688088917,56605.14032113442,56598.263847661554,56626.98564576762,243374.0,1399-10-06
2020-12-27,198,6,251,3,523465,522028,834417,211076,29790003230,29621527740,47321438460,12090092510,56909.25511734309,56711.97789594412,56743.17802876474,57278.38555780856,-310952.0,1399-10-07
2020-12-28,324,10,355,5,1385532,922224,1768333,539423,82149192270,54813388490,104937784320,32024796440,59290.72173720997,59342.77328987244,59436.089811152175,59368.61505720001,-382801.0,1399-10-08
2020-12-29,157,2,245,1,178361,418070,451431,145000,10525951110,24526254780,26545905890,8506300000,59014.86933802793,58803.90555810301,58665.42631616715,58664.137931034486,-273070.0,1399-10-09
2020-12-30,195,5,335,3,299407,1743259,1620406,422260,17174076430,102764361450,95011130880,24927307000,57360.30363351559,58634.15149042894,58949.5659853183,59033.076777340975,-1320999.0,1399-10-10
2021-01-02,122,4,218,3,378805,659881,647811,390875,21376149420,37454209630,36683394890,22146964160,56430.48381093174,56626.69341829639,56759.03629593821,56659.96587144228,-269006.0,1399-10-13
2021-01-03,121,4,202,4,212010,1230367,737774,704603,12008137610,70650783620,42072763290,40586157940,56639.48686382718,57026.627788455546,57422.52809121181,57601.45491858536,-525764.0,1399-10-14
2021-01-04,122,3,131,2,162242,323367,434964,50645,9296289320,18226990430,24564228900,2959050850,57298.907311300405,56474.16544817502,56366.26628567541,58427.30476848652,-272722.0,1399-10-15
2021-01-05,169,6,158,5,334338,751546,640109,445775,18396356210,41549282500,35114488160,24831150550,55023.22861894251,54857.04490953885,55285.08235024869,55703.32690258539,-305771.0,1399-10-16
2021-01-06,115,4,286,4,440673,1953335,1774250,619758,23556565190,107080718170,96564055910,34073227450,53455.88495324197,54425.28161758489,54819.43351754819,54978.27773098532,-1333577.0,1399-10-17
2021-01-09,152,3,191,4,273451,348869,432909,189411,15022652230,19540958940,24078437950,10485173220,54937.27296663753,55620.09094290024,56012.31103938728,55356.72806753568,-159458.0,1399-10-20
2021-01-10,135,1,122,1,186760,166599,253359,100000,10159418700,8997614190,13733028870,5424004020,54398.2581923324,54203.83278273122,54007.61223056561,54240.0402,-66599.0,1399-10-21
2021-01-11,210,4,185,3,883241,520461,325148,1078554,47166180630,27933594890,17519941740,57579833780,53401.25812773637,53882.97556804901,53670.87042064631,53386.13901575628,558093.0,1399-10-22
2021-01-12,132,8,195,5,256602,776302,404519,628385,13247488670,39949272470,21008945710,32187815430,51626.59944193732,51935.621590086,51460.99387867093,51223.08048409812,-147917.0,1399-10-23
2021-01-13,127,4,192,4,258151,368607,466536,160222,13035350290,18957264100,23657972320,8334642070,50495.06021669488,50709.85373047311,51429.47393836796,52019.33610864925,-208385.0,1399-10-24
2021-01-16,91,6,178,2,937298,1285713,1818011,405000,46393186960,63541695590,89919369430,20015513120,49496.730986303184,49460.29998168328,49421.36821359044,49421.02004938272,-880713.0,1399-10-27
2021-01-18,139,3,261,6,1214300,992839,1090819,1116320,57591036770,46962830430,51771231110,52782636090,47427.35466523923,47460.88132861639,47301.55687880916,47282.711131216856,123481.0,1399-10-29
2021-01-19,186,4,174,3,588765,1128160,503410,1213515,29136883280,55937031560,24750013890,60323900950,49488.13750817389,49164.72435986572,49582.53400226918,49710.05793088672,85355.0,1399-10-30
2021-01-20,99,0,62,5,1616893,0,410977,1205916,83722005090,0,21279674610,62442330480,51779.558134026185,51778.26158154836,,51780.0,1205916.0,1399-11-01
2021-01-23,111,3,72,6,792270,615967,401055,1007182,42671103510,33231381610,21565016220,54337468900,53859.29482373433,53770.72027527396,53949.93824344486,53950.0,391215.0,1399-11-04
2021-01-24,341,5,273,4,1470251,918153,1169623,1218781,80113914780,50534682350,63649314360,66999282770,54489.9576874969,54418.65828561853,55039.50033382236,54972.37220632747,300628.0,1399-11-05
2021-01-25,184,5,238,1,890747,567626,1258373,200000,49813356480,31635553030,70203493130,11245416380,55923.125736039525,55789.09681787514,55733.093674356,56227.0819,-367626.0,1399-11-06
2021-01-26,120,6,157,4,251393,529770,693702,87461,13525983070,28466122350,37197774160,4794331260,53804.135636234896,53622.12327483559,53732.98289823886,54816.78988349093,-442309.0,1399-11-07
2021-01-27,103,5,201,6,384820,699873,735042,349651,21219211280,38669063980,40577140060,19311135200,55140.61452107479,55203.838773838776,55251.5441801584,55229.743944676266,-350222.0,1399-11-08
2021-01-30,162,4,194,12,1839709,1079958,664598,2255069,106064852910,62289896490,38372851200,129981898200,57653.059755646136,57738.4391767655,57678.073119510205,57639.876296468094,1175111.0,1399-11-11
2021-01-31,229,2,196,3,644130,169695,731523,82302,36443261030,9510540180,41280389820,4673411390,56577.49372021176,56430.747659335386,56044.90515336339,56783.69164783359,-87393.0,1399-11-12
2021-02-01,74,6,172,8,406909,670251,898252,178908,22517487610,37628987190,50128522340,10017952460,55337.89522964594,55806.74726023432,56141.63528290148,55994.99441053502,-491343.0,1399-11-13
2021-02-02,58,5,140,1,131584,381460,355663,157381,7253995720,21280500160,19720676570,8813819310,55128.25054717899,55447.64726721644,55786.97677344938,56003.07095519789,-224079.0,1399-11-14
2021-02-03,65,7,140,7,290000,854178,866929,277249,15840906200,46216148350,46875122790,15181931760,54623.81448275862,54070.3134743445,54105.992369271975,54759.19393757958,-576929.0,1399-11-15
2021-02-06,76,4,143,4,335203,2457777,2084091,708889,17522904420,128609062770,109030254470,37101712720,52275.499980608765,52315.49604599799,52327.3929123757,52337.83105676629,-1748888.0,1399-11-18
2021-02-07,164,4,138,7,1096848,133647,283580,946915,60214622100,7313658700,15542280100,51986000700,54897.87290490569,54807.39156499048,54723.70273930578,54900.3877855985,813268.0,1399-11-19
2021-02-08,73,4,140,2,170319,576886,436037,311168,9326527990,31750198370,23922776970,17153949390,54759.17537092162,54864.09862007124,55037.21423296804,55127.61398987042,-265718.0,1399-11-20
2021-02-09,87,1,67,1,173165,8814,151979,30000,9293174370,467142000,8157903300,1602413070,53666.5860306644,53677.83246369564,53000.0,53413.769,21186.0,1399-11-21
2021-02-13,260,7,195,7,1511165,473471,556055,1428581,83524541600,26295936230,30930116940,78890360890,55271.62262228149,55624.20433230526,55538.64171195279,55222.882629686384,955110.0,1399-11-25
2021-02-14,117,5,149,3,233892,602683,670106,166469,12880595790,33114874520,36759968970,9235501340,55070.6983992612,54856.94646817071,54945.75841694556,55478.80590380191,-436214.0,1399-11-26
2021-02-15,105,5,83,7,502933,1332500,221717,1613716,27216605610,72105809880,12048839400,87273576090,54115.76812418354,54343.32685360166,54113.178146341466,54082.36399093769,281216.0,1399-11-27
2021-02-16,117,6,122,3,394829,503916,311585,587160,21023992080,26949668520,16726779510,31246881090,53248.34822163519,53682.87789848677,53480.47793679899,53216.97848967913,83244.0,1399-11-28
2021-02-17,87,5,85,2,143392,445373,486498,102267,7565356470,23482050710,25656253640,5391153540,52759.96199230083,52736.6066047548,52724.45952044691,52716.45340139048,-343106.0,1399-11-29
2021-02-20,43,4,70,1,122012,804500,326512,600000,6411648480,42141925510,17131573990,31422000000,52549.3269514474,52468.43604522958,52382.75389683033,52370.0,-204500.0,1399-12-02
2021-02-21,34,1,40,1,476577,330000,506577,300000,24721224670,17117100000,26277324670,15561000000,51872.46692559649,51872.32083177878,51870.0,51870.0,-30000.0,1399-12-03
2021-02-22,15,2,43,1,10925,332500,246945,96480,561872750,17100475000,12700381350,4961966400,51430.0,51430.0,51430.0,51430.0,-236020.0,1399-12-04
2021-02-23,48,6,113,6,183138,1715455,1121101,777492,9405356610,88181387460,57524702870,40062041200,51356.6633358451,51310.90139960628,51404.08081820858,51527.27127738935,-937963.0,1399-12-05
2021-02-24,62,2,81,1,91760,335000,116560,310200,4659657480,16895600000,5926560120,15628697360,50780.92284219703,50845.57412491421,50434.62686567164,50382.64784010316,-24800.0,1399-12-06
2021-02-27,42,3,54,2,66981,402833,185485,284329,3367264720,20356891650,9431447150,14292709220,50271.93860945641,50847.49251961075,50534.31980498122,50268.20767491181,-118504.0,1399-12-09
2021-02-28,39,4,64,3,132967,652347,168399,616915,6652892150,32624123470,8424988460,30852027160,50034.159979543794,50029.91977387039,50010.38323162366,50010.175080845824,-35432.0,1399-12-10
2021-03-01,75,3,129,1,99694,261008,268816,91886,4994629490,13269588950,13531200370,4733018070,50099.59967500552,50336.29088298316,50839.77866578802,51509.67579391855,-169122.0,1399-12-11
2021-03-02,53,4,90,1,78014,33748,109162,2600,3945717340,1717896880,5529830220,133784000,50577.04181300792,50657.09880727726,50903.6648097665,51455.38461538462,-31148.0,1399-12-12
2021-03-03,70,4,47,1,344881,330917,175798,500000,17116899230,16420890800,8731093880,24806696150,49631.31987555128,49665.49039238217,49622.38506936785,49613.3923,169083.0,1399-12-13
2021-03-06,129,5,109,4,310122,2242561,171791,2380892,15363397170,112223479500,8573850000,119013026670,49539.84938185617,49908.60988061074,50042.55380344169,49986.73886509762,138331.0,1399-12-16
2021-03-07,235,1,152,1,302932,70115,308388,64659,15381021910,3505837900,15554071190,3332788620,50773.84333777877,50436.694002360666,50001.25365471012,51544.079246508605,-5456.0,1399-12-17
2021-03-08,137,3,183,4,692077,216760,312591,596246,35545126300,11058504800,16036919020,30566712080,51360.074529279256,51303.201371760544,51017.27625023067,51265.26983828822,379486.0,1399-12-18
2021-03-09,117,1,123,3,370721,90000,170514,290207,19120781670,4676254850,8743124660,15053911860,51577.28229585052,51275.11324583319,51958.38722222222,51873.01429669167,200207.0,1399-12-19
2021-03-10,92,6,129,0,246500,350084,596584,0,12405882990,17683324720,30089207710,0,50328.12572008114,50435.82749453556,50511.66211537802,,-350084.0,1399-12-20
2021-03-13,120,5,236,3,735469,1263780,719249,1280000,39053362900,67372781200,37937145680,68488998420,53099.94425325881,52745.4965943644,53310.52968079887,53507.030015625,16220.0,1399-12-23
2021-03-14,146,4,165,2,493681,242128,393703,342106,27090704350,13265300640,21602361810,18753643180,54874.91791257918,54869.69062973866,54786.31401572722,54818.22353305701,99978.0,1399-12-24
2021-03-15,153,7,183,3,451400,396045,387230,460215,25070321070,21942872360,21592981770,25420211660,55539.03648648649,55762.677917516725,55404.99781590476,55235.51309713938,64170.0,1399-12-25
2021-03-16,168,5,186,7,1276587,671561,402722,1545426,73779723440,38727784160,23219908610,89287598990,57794.51258707789,57657.41283068717,57668.30438336949,57775.39590378317,873865.0,1399-12-26
2021-03-17,165,9,241,8,435069,988264,674011,749322,25428171730,57950308640,39510865950,43867614420,58446.296403558976,58620.50611933633,58638.48995814884,58543.07550025223,-238942.0,1399-12-27
2021-03-27,101,6,119,0,113227,246616,359843,0,6601172260,14357545130,20958717390,0,58300.33702208837,58244.06029851908,58218.2223781101,,-246616.0,1400-01-07
2021-03-28,51,4,125,1,39109,372299,361408,50000,2279680960,21718282000,21094442280,2903520680,58290.44363190058,58367.39164600673,58335.590479695085,58070.4136,-322299.0,1400-01-08
2021-03-30,50,6,110,1,117893,197307,136962,178238,6878497620,11431470400,7992828730,10317139290,58345.259006047854,58358.00243863261,57937.48017049573,57884.061142966144,-19069.0,1400-01-10
2021-03-31,36,1,63,1,54187,20400,74582,5,3128742030,1188743680,4317194210,291500,57739.71672172292,57885.20299804242,58271.74901960784,58300.0,-20395.0,1400-01-11
2021-04-03,47,4,57,4,50687,685846,655240,81293,2901470470,39250239610,37490829360,4660880720,57242.892063053645,57216.94243330688,57228.94003901751,57334.34268633216,-604553.0,1400-01-14
2021-04-04,17,3,73,2,14836,510176,463698,61314,840810570,28911973920,26278120110,3474664380,56673.67012671879,56670.76439837998,56670.5880323653,56670.0,-448862.0,1400-01-15
2021-04-05,33,3,71,2,20347,258457,238917,39887,1147692560,14630184380,13496936530,2280940410,56405.98417457119,56492.15639740998,56605.874013859175,57185.05803896007,-218570.0,1400-01-16
2021-04-06,24,6,53,5,39395,1620403,74324,1585474,2233487220,92168077150,4218686180,90182878190,56694.6876507171,56760.75265055702,56879.72507456478,56880.70456532242,-34929.0,1400-01-17
2021-04-07,22,5,52,2,106180,386597,193382,299395,5923373400,21604480660,10830547850,16697306210,55786.149934074216,56005.97702992005,55883.72558504075,55770.1571836537,-87202.0,1400-01-18
2021-04-10,11,4,56,3,10963,2037155,348974,1699144,608863460,113734284470,19360067110,94983080820,55538.03338502235,55477.10462670572,55829.96113206899,55900.54805243111,-338011.0,1400-01-21
2021-04-11,78,3,110,5,60052,643284,269314,434022,3340395940,35287690460,14822179120,23805907280,55625.05728368747,55036.79392827703,54855.53885997475,54849.540530203536,-209262.0,1400-01-22
2021-04-12,42,4,58,3,35134,138336,170433,3037,1923035350,7572173820,9326621870,168587300,54734.31291626345,54723.09863700105,54737.550746009714,55511.12940401712,-135299.0,1400-01-23
2021-04-13,58,3,70,2,104932,18313,117864,5381,5868802890,1016323750,6580225640,304901000,55929.58191971944,55828.96932057286,55497.3925626604,56662.51626091805,-12932.0,1400-01-24
2021-04-14,44,3,81,4,74985,270193,215786,129392,4122101990,15176800440,12040705110,7258197320,54972.354337534176,55799.28776658356,56170.22069409644,56094.63738098183,-140801.0,1400-01-25
2021-04-17,18,2,48,5,110983,282170,224247,168906,6039805500,15353269700,12201885120,9191190080,54420.99690943658,54412.70170838406,54411.41758514371,54416.00700981611,-113264.0,1400-01-28
2021-04-18,15,4,42,4,27539,356226,233048,150717,1492663980,19300324680,12627141600,8165847060,54201.82214314245,54182.57869623425,54180.0,54180.0,-205509.0,1400-01-29
2021-04-19,40,3,75,4,43612,183089,115832,110869,2413284210,10214443590,6445803720,6181924080,55335.32536916445,55647.866910698256,55789.49904144979,55758.81517827346,-72220.0,1400-01-30
2021-04-20,46,5,57,3,33993,163946,144237,53702,1855841600,9026947930,7941250720,2941538810,54594.81657988409,55056.95986466718,55060.4951020458,54775.218986257496,-110244.0,1400-01-31
2021-04-21,39,3,72,3,45307,311232,286539,70000,2441465540,17188153290,15779141030,3850477800,53887.1596000618,55068.03970838176,55226.17626079581,55006.82571428571,-241232.0,1400-02-01
2021-04-24,39,2,42,5,81296,209627,204223,86700,4355243970,11204663150,10925686920,4634220200,53572.67233320213,53498.80728419424,53450.47703778616,53451.21337946944,-122927.0,1400-02-04
2021-04-25,39,4,48,5,103156,551393,463604,190945,5490692060,29525496830,24817059170,10199129720,53227.07414013727,53530.72702133717,53547.10130523964,53413.96590641284,-360448.0,1400-02-05
2021-04-26,74,2,65,1,142001,181326,282900,40427,7499520650,9770655500,15100047350,2170128800,52813.15378060718,53375.918522446096,53884.47051167511,53680.18403542187,-140899.0,1400-02-06
2021-04-27,71,5,83,4,167524,344735,378507,133752,8954106470,18810598780,20486207350,7278497900,53449.69359614145,54123.72122576333,54565.38726848159,54417.86216280878,-210983.0,1400-02-07
2021-04-28,123,5,123,6,322046,734331,829497,226880,16972820280,38689858760,43731146100,11931532940,52703.0929742956,52720.077468634605,52687.21974150621,52589.6197990127,-507451.0,1400-02-08
2021-05-01,24,1,43,4,50448,110207,137731,22924,2620018670,5745083330,7175534440,1189567560,51935.03548208056,52098.18007565472,52129.9312203399,51891.79724306404,-87283.0,1400-02-11
2021-05-02,22,4,58,3,11354,560401,376755,195000,586559040,28963932340,19483219170,10067272210,51661.004051435615,51713.23318867699,51684.29810082423,51627.036974358976,-365401.0,1400-02-12
2021-05-03,29,4,37,4,14472,312174,171646,155000,740566120,16006482340,8817138030,7929910430,51172.3410724157,51368.15323398157,51274.23276762319,51160.7124516129,-157174.0,1400-02-13
2021-05-05,42,4,70,5,43926,198694,101862,140758,2252289060,10318437620,5238657840,7332068840,51274.62231935528,51428.97096071155,51931.29948564124,52089.89073445204,-57936.0,1400-02-15
2021-05-08,28,1,39,5,19858,235000,150658,104200,1009768910,11948711920,7660200750,5298280080,50849.47678517474,50844.96508648728,50845.58263829787,50847.21765834933,-130800.0,1400-02-18
